dga,suppobox,increaseinside.net
dga,suppobox,wouldinstead.net
dga,suppobox,rememberinstead.net
dga,suppobox,wouldexplain.net
dga,suppobox,rememberexplain.net
dga,suppobox,wouldbright.net
dga,suppobox,rememberbright.net
dga,suppobox,wouldinside.net
dga,suppobox,rememberinside.net
dga,suppobox,journeyready.net
dga,suppobox,husbandready.net
dga,suppobox,journeybrown.net
dga,suppobox,husbandbrown.net
dga,suppobox,journeypeople.net
dga,suppobox,husbandpeople.net
dga,suppobox,journeydaughter.net
dga,suppobox,husbanddaughter.net
dga,suppobox,destroyready.net
dga,suppobox,littleready.net
dga,suppobox,destroybrown.net
dga,suppobox,littlebrown.net
dga,suppobox,destroypeople.net
dga,suppobox,littlepeople.net
dga,suppobox,destroydaughter.net
dga,suppobox,littledaughter.net
dga,suppobox,riddenready.net
dga,suppobox,belongready.net
dga,suppobox,riddenbrown.net
dga,suppobox,belongbrown.net
dga,suppobox,riddenpeople.net
dga,suppobox,belongpeople.net
dga,suppobox,riddendaughter.net
dga,suppobox,belongdaughter.net
dga,suppobox,chairready.net
dga,suppobox,thoseready.net
dga,suppobox,chairbrown.net
dga,suppobox,thosebrown.net
dga,suppobox,chairpeople.net
dga,suppobox,thosepeople.net
dga,suppobox,chairdaughter.net
dga,suppobox,thosedaughter.net
dga,suppobox,withinready.net
dga,suppobox,sufferready.net
dga,suppobox,withinbrown.net
dga,suppobox,sufferbrown.net
dga,suppobox,withinpeople.net
dga,suppobox,sufferpeople.net
dga,suppobox,withindaughter.net
dga,suppobox,sufferdaughter.net
dga,suppobox,effortready.net
dga,suppobox,throughready.net
dga,suppobox,effortbrown.net
dga,suppobox,throughbrown.net
dga,suppobox,effortpeople.net
dga,suppobox,throughpeople.net
dga,suppobox,effortdaughter.net
dga,suppobox,throughdaughter.net
dga,suppobox,forgetready.net
dga,suppobox,increaseready.net
dga,suppobox,forgetbrown.net
dga,suppobox,increasebrown.net
dga,suppobox,forgetpeople.net
dga,suppobox,increasepeople.net
dga,suppobox,forgetdaughter.net
dga,suppobox,increasedaughter.net
dga,suppobox,wouldready.net
dga,suppobox,rememberready.net
dga,suppobox,wouldbrown.net
dga,suppobox,rememberbrown.net
dga,suppobox,wouldpeople.net
dga,suppobox,rememberpeople.net
dga,suppobox,woulddaughter.net
dga,suppobox,rememberdaughter.net
dga,suppobox,journeynation.net
dga,suppobox,husbandnation.net
dga,suppobox,journeysoldier.net
dga,suppobox,husbandsoldier.net
dga,suppobox,journeyplease.net
dga,suppobox,husbandplease.net
dga,suppobox,journeycondition.net
dga,suppobox,husbandcondition.net
dga,suppobox,destroynation.net
dga,suppobox,littlenation.net
dga,suppobox,destroysoldier.net
dga,suppobox,littlesoldier.net
dga,suppobox,sickhurry.net
dga,suppobox,cloudhope.net
dga,suppobox,darkhope.net
dga,suppobox,cloudleft.net
dga,suppobox,darkleft.net
dga,suppobox,cloudthirteen.net
dga,suppobox,darkthirteen.net
dga,suppobox,cloudhurry.net
dga,suppobox,darkhurry.net
dga,suppobox,milkwild.net
dga,suppobox,triedwild.net
dga,suppobox,milkjune.net
dga,suppobox,triedjune.net
dga,suppobox,milkbegan.net
dga,suppobox,triedbegan.net
dga,suppobox,milkkind.net
dga,suppobox,triedkind.net
dga,suppobox,withwild.net
dga,suppobox,dutywild.net
dga,suppobox,withjune.net
dga,suppobox,dutyjune.net
dga,suppobox,withbegan.net
dga,suppobox,dutybegan.net
dga,suppobox,withkind.net
dga,suppobox,dutykind.net
dga,suppobox,thesewild.net
dga,suppobox,sightwild.net
dga,suppobox,thesejune.net
dga,suppobox,sightjune.net
dga,suppobox,thesebegan.net
dga,suppobox,sightbegan.net
dga,suppobox,thesekind.net
dga,suppobox,sightkind.net
dga,suppobox,casewild.net
dga,suppobox,headwild.net
dga,suppobox,casejune.net
dga,suppobox,headjune.net
dga,suppobox,casebegan.net
dga,suppobox,headbegan.net
dga,suppobox,casekind.net
dga,suppobox,headkind.net
dga,suppobox,quickwild.net
dga,suppobox,thenwild.net
dga,suppobox,quickjune.net
dga,suppobox,thenjune.net
dga,suppobox,quickbegan.net
dga,suppobox,thenbegan.net
dga,suppobox,quickkind.net
dga,suppobox,thenkind.net
dga,suppobox,sundaywild.net
dga,suppobox,mostwild.net
dga,suppobox,sundayjune.net
dga,suppobox,mostjune.net
dga,suppobox,sundaybegan.net
dga,suppobox,mostbegan.net
dga,suppobox,sundaykind.net
dga,suppobox,mostkind.net
dga,suppobox,meatwild.net
dga,suppobox,sickwild.net
dga,suppobox,meatjune.net
dga,suppobox,sickjune.net
dga,suppobox,meatbegan.net
dga,suppobox,sickbegan.net
dga,suppobox,meatkind.net
dga,suppobox,sickkind.net
dga,suppobox,cloudwild.net
dga,suppobox,darkwild.net
dga,suppobox,cloudjune.net
dga,suppobox,darkjune.net
dga,suppobox,cloudbegan.net
dga,suppobox,darkbegan.net
dga,suppobox,cloudkind.net
dga,suppobox,darkkind.net
dga,suppobox,triedboat.net
dga,suppobox,milkpress.net
dga,suppobox,triedpress.net
dga,suppobox,milkrest.net
dga,suppobox,triedrest.net
dga,suppobox,milkopen.net
dga,suppobox,triedopen.net
dga,suppobox,withboat.net
dga,suppobox,dutyboat.net
dga,suppobox,withpress.net
dga,suppobox,dutypress.net
dga,suppobox,mariabellachauncey.net
dga,suppobox,alexandrinagretchen.net
dga,suppobox,mariabellagretchen.net
dga,suppobox,alexandrinacalanthe.net
dga,suppobox,mariabellacalanthe.net
dga,suppobox,alexandrinaashleigh.net
dga,suppobox,mariabellaashleigh.net
dga,suppobox,bartholomewchauncey.net
dga,suppobox,willoughbychauncey.net
dga,suppobox,bartholomewgretchen.net
dga,suppobox,willoughbygretchen.net
dga,suppobox,bartholomewcalanthe.net
dga,suppobox,willoughbycalanthe.net
dga,suppobox,bartholomewashleigh.net
dga,suppobox,willoughbyashleigh.net
dga,suppobox,christianachauncey.net
dga,suppobox,dulcibellachauncey.net
dga,suppobox,christianagretchen.net
dga,suppobox,dulcibellagretchen.net
dga,suppobox,christianacalanthe.net
dga,suppobox,dulcibellacalanthe.net
dga,suppobox,christianaashleigh.net
dga,suppobox,dulcibellaashleigh.net
dga,suppobox,washingtonchauncey.net
dga,suppobox,earnestinechauncey.net
dga,suppobox,washingtongretchen.net
dga,suppobox,earnestinegretchen.net
dga,suppobox,washingtoncalanthe.net
dga,suppobox,earnestinecalanthe.net
dga,suppobox,washingtonashleigh.net
dga,suppobox,earnestineashleigh.net
dga,suppobox,sacheverellchauncey.net
dga,suppobox,wilhelminachauncey.net
dga,suppobox,sacheverellgretchen.net
dga,suppobox,wilhelminagretchen.net
dga,suppobox,sacheverellcalanthe.net
dga,suppobox,wilhelminacalanthe.net
dga,suppobox,sacheverellashleigh.net
dga,suppobox,wilhelminaashleigh.net
dga,suppobox,maximillianchauncey.net
dga,suppobox,gwendolinechauncey.net
dga,suppobox,maximilliangretchen.net
dga,suppobox,gwendolinegretchen.net
dga,suppobox,maximilliancalanthe.net
dga,suppobox,gwendolinecalanthe.net
dga,suppobox,maximillianashleigh.net
dga,suppobox,gwendolineashleigh.net
dga,suppobox,beauregardchauncey.net
dga,suppobox,evangelinachauncey.net
dga,suppobox,beauregardgretchen.net
dga,suppobox,evangelinagretchen.net
dga,suppobox,beauregardcalanthe.net
dga,suppobox,evangelinacalanthe.net
dga,suppobox,beauregardashleigh.net
dga,suppobox,evangelinaashleigh.net
dga,suppobox,richardinechauncey.net
dga,suppobox,evangelinechauncey.net
dga,suppobox,richardinegretchen.net
dga,suppobox,evangelinegretchen.net
dga,suppobox,richardinecalanthe.net
dga,suppobox,evangelinecalanthe.net
dga,suppobox,richardineashleigh.net
dga,suppobox,evangelineashleigh.net
dga,suppobox,alexandrinabotwright.net
dga,suppobox,mariabellabotwright.net
dga,suppobox,alexandrinahuddleson.net
dga,suppobox,mariabellahuddleson.net
dga,suppobox,alexandrinaellsworth.net
dga,suppobox,mariabellaellsworth.net
dga,suppobox,alexandrinaalbertson.net
dga,suppobox,mariabellaalbertson.net
dga,suppobox,bartholomewbotwright.net
dga,suppobox,willoughbybotwright.net
dga,suppobox,bartholomewhuddleson.net
dga,suppobox,willoughbyhuddleson.net
dga,suppobox,bartholomewellsworth.net
dga,suppobox,willoughbyellsworth.net
dga,suppobox,bartholomewalbertson.net
dga,suppobox,willoughbyalbertson.net
dga,suppobox,christianabotwright.net
dga,suppobox,dulcibellabotwright.net
dga,suppobox,christianahuddleson.net
dga,suppobox,dulcibellahuddleson.net
dga,suppobox,christianaellsworth.net
dga,suppobox,dulcibellaellsworth.net
dga,gozi,quodpresidentemaxsagit.com
dga,gozi,pertantumfitusu.com
dga,gozi,indulgentiarumlicet.com
dga,gozi,moriblasphemianegocii.com
dga,gozi,ptribueretnossetnonin.com
dga,gozi,nonsicordinario.com
dga,gozi,svivacpecunias.com
dga,gozi,inestimabiler.com
dga,gozi,ulpurgatoriopetrum.com
dga,gozi,papacricognitisipro.com
dga,gozi,videtpubigiturtamnulli.com
dga,gozi,christianaenimdocent.com
dga,nymaim,oftbpec.com
dga,nymaim,lotmpwyk.info
dga,nymaim,seikpwq.info
dga,nymaim,bcfatyltdvp.info
dga,nymaim,rfwstgy.com
dga,nymaim,hokybhnf.biz
dga,nymaim,evlovrxuw.net
dga,nymaim,mtzpbzbfvy.info
dga,nymaim,hacckgiakhl.com
dga,nymaim,mosmeuw.net
dga,nymaim,fmiopgkg.org
dga,nymaim,zuytcajk.org
dga,nymaim,tpfrxsz.net
dga,nymaim,hxemfq.com
dga,nymaim,jjrebh.com
dga,nymaim,ldkeqwvjl.org
dga,nymaim,xprrldx.com
dga,nymaim,hjrvqyn.info
dga,nymaim,wxufhravh.info
dga,nymaim,idsrlt.org
dga,nymaim,ywinzmpp.biz
dga,nymaim,uxdwmx.org
dga,nymaim,bgjfpy.biz
dga,nymaim,llajqvejib.com
dga,nymaim,baecplu.org
dga,nymaim,pzqirj.net
dga,nymaim,mylnnlladx.com
dga,nymaim,druosaydf.com
dga,nymaim,zopdkc.org
dga,nymaim,fnapnctfk.com
dga,nymaim,qneuptp.net
dga,nymaim,qbhzej.com
dga,nymaim,xlygklymsb.net
dga,nymaim,logivfu.com
dga,nymaim,hcsgfvvbmjl.org
dga,nymaim,crtpzmlg.org
dga,nymaim,vnarbrqf.biz
dga,nymaim,yawldun.net
dga,nymaim,oltqfobtlz.org
dga,nymaim,dekbynhck.com
dga,nymaim,kaectsztlly.org
dga,nymaim,vhiptpqyn.info
dga,nymaim,wswzipi.biz
dga,nymaim,akpplbhzl.info
dga,nymaim,anffnyp.info
dga,nymaim,btalbu.com
dga,nymaim,zmhwuupyo.info
dga,nymaim,laddbuenuz.net
dga,nymaim,tlfyea.com
dga,nymaim,cbwkao.com
dga,nymaim,nolopeykqs.biz
dga,nymaim,igugenefqy.biz
dga,nymaim,eesegoagit.com
dga,nymaim,yjjsqy.biz
dga,nymaim,xplormrds.com
dga,nymaim,atpgueque.net
dga,nymaim,agikzaah.com
dga,nymaim,ncpcsrlvrb.net
dga,nymaim,bbnicsiyv.info
dga,nymaim,zwsahpwmhe.com
dga,nymaim,ydrmmqfnkil.com
dga,nymaim,ouuruvdxsl.net
dga,nymaim,ekqczymex.com
dga,nymaim,uvwztzdm.com
dga,nymaim,opavfk.com
dga,nymaim,twmcae.com
dga,nymaim,dtcllpcxvp.info
dga,nymaim,qrwervhlr.org
dga,nymaim,faiallxj.info
dga,nymaim,kuxhpf.biz
dga,nymaim,quxoadsuuv.net
dga,nymaim,ecrynac.com
dga,nymaim,zximlkmn.org
dga,nymaim,xmtavupc.biz
dga,nymaim,osjdmrz.net
dga,nymaim,koeugh.com
dga,nymaim,sgxfqlyg.info
dga,nymaim,jdwndndlu.org
dga,nymaim,imgnet.com
dga,nymaim,xuqszibdt.com
dga,nymaim,kqxuoh.biz
dga,nymaim,ouqiyq.info
dga,nymaim,ixctvwk.info
dga,nymaim,akyryic.com
dga,nymaim,qtfsmvfk.com
dga,nymaim,jcmughoe.biz
dga,nymaim,wuodvh.info
dga,nymaim,kkdivl.info
dga,nymaim,qpzaqextln.org
dga,nymaim,ttbuhxwrty.net
dga,nymaim,ifmyxslyb.info
dga,nymaim,rywlwkmpw.biz
dga,nymaim,nigzhxlza.info
dga,nymaim,gliufzcruyo.info
dga,nymaim,oiefks.org
dga,nymaim,xawpbz.com
dga,nymaim,frncivh.info
dga,nymaim,xcvdcoildf.com
dga,nymaim,kjispxw.info
dga,nymaim,rkwmghn.com
dga,nymaim,jayeua.net
dga,nymaim,tgvzcq.com
dga,nymaim,xfnufdri.net
dga,nymaim,fbltyui.net
dga,nymaim,fuxtkh.org
dga,nymaim,xcainajpco.com
dga,nymaim,wdyehfkapn.biz
dga,nymaim,edcqdi.com
dga,nymaim,rcrwyh.info
dga,nymaim,xuzhlxmunwp.info
dga,nymaim,iqiqohbu.com
dga,nymaim,bgnipiknuts.net
dga,nymaim,howgjg.org
dga,nymaim,yyhfxrfr.com
dga,nymaim,dnmscpmlqes.com
dga,nymaim,ewafad.com
dga,nymaim,shijkkqcb.com
dga,nymaim,hzslwjobdzp.info
dga,nymaim,bansvv.info
dga,nymaim,mzlnpue.net
dga,nymaim,npergxmtrfl.com
dga,nymaim,jhpvgbpgpp.biz
dga,nymaim,nvmnvyv.info
dga,nymaim,eqixkzt.info
dga,nymaim,wetshmme.org
dga,nymaim,ywytrm.net
dga,nymaim,jwarouaoep.com
dga,nymaim,sbxuvrkjt.org
dga,nymaim2,surfaces-drawing.com
dga,nymaim2,shaft-criterion.cc
dga,nymaim2,stops-hash.id
dga,nymaim2,unitsknowledge.com
dga,nymaim2,wiredgraph.tm
dga,nymaim2,timelydesignation.co
dga,nymaim2,stablelikely.ch
dga,nymaim2,stainless-loan.lk
dga,nymaim2,wagon-documents.sc
dga,nymaim2,trainerprocessors.tk
dga,nymaim2,societykiller.be
dga,nymaim2,riding-pencil.dk
dga,nymaim2,request-operators.id
dga,nymaim2,undo-occurs.re
dga,nymaim2,relationshipmistress.ws
dga,nymaim2,suppliersfishing.cx
dga,nymaim2,thousanddisturbed.de
dga,nymaim2,upgrades-crops.at
dga,nymaim2,toward-distinct.re
dga,nymaim2,toolsground.hn
dga,nymaim2,spyware-down.de
dga,nymaim2,rebeccaimages.tf
dga,nymaim2,uploaded-haiti.sg
dga,nymaim2,screens-purchased.ad
dga,nymaim2,reservation-entries.sg
dga,nymaim2,wang-guilty.com
dga,nymaim2,speedsimplementation.biz
dga,nymaim2,speech-housewives.gs
dga,nymaim2,walls-harley.net
dga,nymaim2,shaftpreparation.id
dga,nymaim2,relaxation-done.by
dga,nymaim2,teensoffset.jp
dga,nymaim2,swimming-press.mo
dga,nymaim2,tries-linear.az
dga,nymaim2,voyeurwebdollar.tf
dga,nymaim2,successfully-griffin.com
dga,nymaim2,registry-edition.org
dga,nymaim2,temperaturesoperated.tel
dga,nymaim2,troops-hardcore.ps
dga,nymaim2,successfulprocessed.net
dga,nymaim2,unsubscribeoccupied.tel
dga,nymaim2,skilled-instrumental.su
dga,nymaim2,visajapanese.cn
dga,nymaim2,showing-gerald.net
dga,nymaim2,tourprintable.biz
dga,nymaim2,recommendation-deficit.sc
dga,nymaim2,revealpractice.lv
dga,nymaim2,templatesphantom.in
dga,nymaim2,tiedproducts.re
dga,nymaim2,remindpassage.kr
dga,nymaim2,themmichigan.mx
dga,nymaim2,wheat-raised.re
dga,nymaim2,vacuum-exclusion.net
dga,nymaim2,releases-klein.ad
dga,nymaim2,towersfunky.pro
dga,nymaim2,trimdecide.kz
dga,nymaim2,reachingmusic.mv
dga,nymaim2,stakeholders-mostly.org
dga,nymaim2,wattopportunity.su
dga,nymaim2,textileinnovative.com
dga,nymaim2,vagina-optics.sg
dga,nymaim2,salt-nurse.li
dga,nymaim2,stick-nest.sc
dga,nymaim2,squirting-eight.net
dga,nymaim2,unitsedgar.net
dga,nymaim2,sexuality-giant.net
dga,nymaim2,utilitiespour.ki
dga,nymaim2,vermontfeatures.ad
dga,nymaim2,yarn-network.net
dga,nymaim2,zoom-lebanon.me
dga,nymaim2,star-practical.dk
dga,nymaim2,toyotagarage.hn
dga,nymaim2,situatedheard.sh
dga,nymaim2,sale-porcelain.id
dga,nymaim2,tradingfate.ps
dga,nymaim2,skipphrase.cn
dga,nymaim2,touringkelkoo.be
dga,nymaim2,thumbsmagical.win
dga,nymaim2,smileprepaid.sg
dga,nymaim2,traveler-discovered.me
dga,nymaim2,warrant-foot.de
dga,nymaim2,whenfinancing.li
dga,nymaim2,studentmorrison.ki
dga,nymaim2,scanningdelicious.net
dga,nymaim2,workingprove.net
dga,nymaim2,sortmotorcycle.tel
dga,nymaim2,visacustomized.wtf
dga,nymaim2,solomon-holmes.mo
dga,nymaim2,regulationsincomplete.tm
dga,nymaim2,remindperceived.cc
dga,nymaim2,rosedildo.pro
dga,nymaim2,viagra-killer.top
dga,nymaim2,serialfinds.be
dga,nymaim2,thoughtinvesting.win
dga,nymaim2,terroredition.uz
dga,nymaim2,switchingnoon.yt
dga,nymaim2,screw-permanent.uz
dga,nymaim2,wash-neon.pk
dga,nymaim2,recordingsmedications.ht
dga,nymaim2,viewedinitiative.dk
dga,nymaim2,seasongate.net
dga,nymaim2,securities-dependence.cc
dga,nymaim2,startupmonday.net
dga,nymaim2,reid-departments.biz
dga,nymaim2,shipped-mini.net
dga,nymaim2,substantialcost.id
dga,nymaim2,reflectpresence.nu
dga,nymaim2,undergraduate-federal.xyz
dga,nymaim2,replacingdetermination.nu
dga,nymaim2,travellinginterface.sc
dga,nymaim2,workstationpacked.it
dga,nymaim2,terminationpathology.nu
dga,nymaim2,yieldsmostly.vn
dga,nymaim2,xanax-incomplete.az
dga,nymaim2,speakingfucking.re
dga,nymaim2,representspolished.ac
dga,nymaim2,temporarycuisine.pl
dga,nymaim2,translate-distinguished.vn
dga,nymaim2,transactionhuntington.wtf
dga,nymaim2,relative-frequencies.me
dga,nymaim2,tribeselement.com
dga,nymaim2,specificexpanding.hn
dga,nymaim2,suckmarker.top
dga,nymaim2,trustmounts.tel
dga,nymaim2,servesfusion.cx
dga,nymaim2,sharewareexempt.sc
dga,nymaim2,whats-disaster.jp
dga,nymaim2,virginia-hood.top
dga,nymaim2,shelter-downloadable.ps
dga,nymaim2,tylerpreparation.sg
dga,nymaim2,zolofteffectiveness.ch
dga,nymaim2,stakeholders-looked.hn
dga,nymaim2,thailandcool.re
dga,nymaim2,thoughtsjazz.ec
dga,nymaim2,recovery-hairy.ac
dga,nymaim2,workshopsforms.hn
dga,nymaim2,warehousefuture.uz
dga,nymaim2,trains-milf.net
dga,nymaim2,sucksnewsletters.tj
dga,nymaim2,toursdecline.mo
dga,nymaim2,transportationgonna.bt
dga,nymaim2,showersindividual.biz
dga,nymaim2,rollmissions.dk
dga,nymaim2,supervisor-nothing.ad
dga,nymaim2,wallpaperengineering.kz
dga,nymaim2,regardedoutsourcing.az
dga,nymaim2,robbieheading.gs
dga,nymaim2,walked-intranet.wtf
dga,nymaim2,shorter-missile.biz
dga,nymaim2,volvo-kentucky.eu
dga,nymaim2,suitedplanet.am
dga,nymaim2,tramadol-hopefully.by
dga,nymaim2,starts-industry.name
dga,nymaim2,strange-most.kr
dga,nymaim2,studentsprepared.cx
dga,nymaim2,without-often.la
dga,nymaim2,shower-paintball.vn
dga,nymaim2,requirementsdirectly.name
dga,nymaim2,weightedinfrastructure.dk
dga,nymaim2,susemonth.eu
dga,nymaim2,workdisease.yt
dga,nymaim2,trusteesdisk.id
dga,nymaim2,webmasterheld.biz
dga,nymaim2,representationjesse.cz
dga,nymaim2,subscriptionmason.by
dga,nymaim2,swimming-desired.wtf
dga,nymaim2,spas-hereby.tk
dga,nymaim2,sync-pleased.cx
dga,nymaim2,significantly-plan.org
dga,nymaim2,tonguemaui.cn
dga,nymaim2,uncleenclosure.sh
dga,nymaim2,requiresdome.id
dga,nymaim2,urlsmodem.cm
dga,nymaim2,remainderpreferences.bt
dga,nymaim2,watchingdistrict.ps
dga,nymaim2,sickmining.com
dga,nymaim2,thickness-process.dk
dga,nymaim2,serving-draws.ec
dga,nymaim2,slutscorrect.cm
dga,nymaim2,zope-eliminate.pro
dga,nymaim2,specialists-drawings.re
dga,nymaim2,refuse-organized.wtf
dga,nymaim2,working-emerald.biz
dga,nymaim2,winterrange.org
dga,nymaim2,supportingmisc.biz
dga,nymaim2,testament-klein.ru
dga,nymaim2,troops-hydrogen.la
dga,nymaim2,virus-joseph.dk
dga,nymaim2,syndicate-jefferson.ph
dga,nymaim2,taste-praise.at
dga,nymaim2,theta-poor.win
dga,nymaim2,towersevanescence.yt
dga,nymaim2,sims-pretty.com
dga,nymaim2,remainderoccupied.lk
dga,nymaim2,stackentry.at
dga,nymaim2,writeflavor.ru
dga,nymaim2,seen-gulf.kz
dga,nymaim2,underlying-english.ac
dga,nymaim2,tobagocorruption.info
dga,nymaim2,uruguayowner.mx
dga,nymaim2,shapesjail.sh
dga,nymaim2,tideindependent.nu
dga,nymaim2,timeownership.cx
dga,nymaim2,root-discrete.vn
dga,nymaim2,resolutioncopyrights.su
dga,nymaim2,stroke-merit.co
dga,nymaim2,surroundprize.ps
dga,nymaim2,savannah-nashville.tel
dga,nymaim2,wearingessays.gs
dga,nymaim2,sucks-publicly.cc
dga,nymaim2,yearsevaluations.yt
dga,nymaim2,valley-publisher.sh
dga,nymaim2,underlyingepson.xyz
dga,nymaim2,suitablelewis.xyz
dga,nymaim2,wins-merely.tk
dga,nymaim2,tired-done.org
dga,nymaim2,sympathy-interaction.co
dga,nymaim2,unsignedpuzzle.sc
dga,nymaim2,trusteddesign.wtf
dga,nymaim2,runninggolden.tm
dga,nymaim2,toothportuguese.tj
dga,nymaim2,triesdesigners.dk
dga,nymaim2,windpets.dk
dga,nymaim2,separateddivided.de
dga,nymaim2,shoppers-focusing.tm
dga,nymaim2,spreadhandled.az
dga,nymaim2,televisions-meanwhile.id
dga,nymaim2,votingconvenient.cm
dga,nymaim2,toolbarrats.eu
dga,nymaim2,usage-initial.net
dga,nymaim2,sponsoredpeer.kr
dga,nymaim2,thrillerdeal.cx
dga,nymaim2,ronald-quantitative.at
dga,nymaim2,selectperiods.net
dga,nymaim2,reservoirlaughing.ec
dga,nymaim2,wrotefitted.tk
dga,nymaim2,weaponeliminate.ws
dga,nymaim2,trusted-provision.kr
dga,nymaim2,seeks-driven.com
dga,nymaim2,smartfolk.am
dga,nymaim2,varieties-context.com
dga,nymaim2,swim-oldest.pro
dga,nymaim2,surfacehappy.yt
dga,nymaim2,talking-precision.de
dga,nymaim2,rocksoecd.ch
dga,nymaim2,review-discrete.lk
dga,nymaim2,subjectivenude.com
dga,nymaim2,suitable-includes.name
dga,nymaim2,surprised-precise.li
dga,nymaim2,salmonkevin.pk
dga,nymaim2,regionmcdonald.net
dga,nymaim2,richard-debate.xyz
dga,nymaim2,refreshexists.ru
dga,nymaim2,these-fastest.de
dga,nymaim2,tree-literally.cm
dga,nymaim2,satisfiedflooring.mv
dga,nymaim2,shirts-extra.net
dga,nymaim2,talentedoptimal.me
dga,nymaim2,spacesdefeat.org
dga,nymaim2,weddingsgenerating.ch
dga,nymaim2,renew-festival.biz
dga,nymaim2,step-first.tj
dga,nymaim2,terrorismmessage.ec
dga,nymaim2,thereby-heads.info
dga,nymaim2,showtimesmyanmar.yt
dga,nymaim2,worldsexproductions.ws
dga,nymaim2,routinesimplies.cc
dga,nymaim2,uniformfolders.bt
dga,nymaim2,sensitive-gravity.ki
dga,nymaim2,utilize-correspondence.pro
dga,nymaim2,recruitmentofficer.tf
dga,nymaim2,unlike-content.mv
dga,nymaim2,worthracial.top
dga,nymaim2,stainlessexpanded.com
dga,nymaim2,village-mail.eu
dga,nymaim2,timerdesktop.ac
dga,nymaim2,substantially-judge.top
dga,nymaim2,toddlerpacks.it
dga,nymaim2,salon-copper.net
dga,nymaim2,smell-presentations.top
dga,nymaim2,weekends-exempt.sh
dga,nymaim2,rosametals.ht
dga,nymaim2,ringtone-occupational.tj
dga,nymaim2,workoutdiscounted.by
dga,nymaim2,topicproposals.lk
dga,nymaim2,warrantiesexecutives.win
dga,nymaim2,worrygeography.pk
dga,nymaim2,weldinglisted.biz
dga,nymaim2,strongguitars.bt
dga,nymaim2,secretsfighting.name
dga,nymaim2,subjects-optical.tel
dga,nymaim2,samsung-owner.re
dga,nymaim2,struct-garcia.by
dga,nymaim2,sympathyfiber.info
dga,nymaim2,tattoogathered.pl
dga,nymaim2,westminster-freelance.it
dga,nymaim2,ultramdefense.it
dga,nymaim2,sizedholds.ki
dga,nymaim2,typical-merely.az
dga,nymaim2,relaxemissions.net
dga,nymaim2,samuel-phantom.com
dga,nymaim2,sunshine-correspondence.com
dga,nymaim2,shoes-determine.cz
dga,nymaim2,tuner-nigeria.li
dga,nymaim2,sometimes-karaoke.net
dga,nymaim2,stayingdeath.be
dga,nymaim2,safe-fioricet.vn
dga,nymaim2,requirementsmountains.tk
dga,nymaim2,submittedcope.com
dga,nymaim2,toner-eugene.cx
dga,nymaim2,whatsmatthew.tf
dga,nymaim2,shotestablished.org
dga,nymaim2,webmasterfeature.tm
dga,nymaim2,surveydepending.uz
dga,nymaim2,windquiet.tk
dga,nymaim2,reproductivedairy.mv
dga,nymaim2,temporarilydevelops.sg
dga,nymaim2,tionshomes.cm
dga,nymaim2,surroundgenetics.la
dga,nymaim2,trademarkparliament.ht
dga,nymaim2,twelve-genetic.tk
dga,nymaim2,toplessfixes.cc
dga,nymaim2,successfulhorizon.net
dga,nymaim2,volumepollution.ht
dga,nymaim2,rotation-helen.lv
dga,nymaim2,shortcuts-extensive.sh
dga,nymaim2,survivalinfections.xyz
dga,nymaim2,ricapromised.de
dga,nymaim2,setting-databases.am
dga,nymaim2,webcam-marks.tk
dga,nymaim2,routers-marvel.xyz
dga,nymaim2,watches-editors.com
dga,nymaim2,shortcutsgolden.be
dga,nymaim2,videosmiss.org
dga,nymaim2,truly-damages.wtf
dga,nymaim2,wayshumanity.ac
dga,nymaim2,towardsdeposit.be
dga,nymaim2,velocitycontrary.az
dga,nymaim2,violationsdetermination.eu
dga,nymaim2,threatenedelegant.com
dga,nymaim2,temperature-producer.kz
dga,nymaim2,travellerdigital.nu
dga,nymaim2,tradesdiscovery.mo
dga,nymaim2,slopeoptimum.jp
dga,nymaim2,table-mystery.tel
dga,nymaim2,spell-fame.at
dga,nymaim2,searchgenerator.by
dga,nymaim2,tumoropportunities.cx
dga,nymaim2,swimmingoccupations.mo
dga,nymaim2,socketobtain.com
dga,nymaim2,saskatchewan-daughter.id
dga,nymaim2,reducedhorny.com
dga,nymaim2,volt-knitting.pro
dga,nymaim2,younglocal.cx
dga,nymaim2,suzukihighway.pro
dga,nymaim2,secureddeals.it
dga,nymaim2,rushmaterial.hn
dga,nymaim2,sufficientfeeds.it
dga,nymaim2,sierra-latvia.ad
dga,nymaim2,rocketcounty.name
dga,nymaim2,security-presents.net
dga,nymaim2,studio-frog.co
dga,nymaim2,styledivision.tel
dga,nymaim2,strengtheningphysical.yt
dga,nymaim2,worry-manufacture.cc
dga,nymaim2,shipped-coupled.ru
dga,nymaim2,reeffrancisco.uz
dga,nymaim2,voyeurweb-exist.in
dga,nymaim2,securityhousing.wtf
dga,nymaim2,resolutiondrainage.pro
dga,nymaim2,sculpturenegative.net
dga,nymaim2,sealedhappens.ec
dga,nymaim2,relevance-harassment.top
dga,nymaim2,wide-craft.gs
dga,nymaim2,seminarsmoldova.cm
dga,nymaim2,throughoutmonetary.mo
dga,nymaim2,visiting-instrumental.net
dga,nymaim2,suspendeddisturbed.com
dga,nymaim2,surfacemess.uz
dga,nymaim2,standard-exemption.id
dga,nymaim2,thanksgivingfirewire.wtf
dga,nymaim2,warrant-houston.sh
dga,nymaim2,states-legislation.gs
dga,nymaim2,sucksconvenience.be
dga,nymaim2,thankscooked.net
dga,nymaim2,studios-ranger.re
dga,nymaim2,skatingmember.pro
dga,nymaim2,stealmanner.dk
dga,nymaim2,spreaddylan.pro
dga,nymaim2,riders-fluid.jp
dga,nymaim2,upgradeministers.pk
dga,nymaim2,slots-municipal.mo
dga,nymaim2,therefore-hair.id
dga,nymaim2,vertexerotica.sc
dga,nymaim2,responding-expenses.lv
dga,nymaim2,shoppersliquid.it
dga,nymaim2,reportmats.top
dga,nymaim2,winterequipment.com
dga,nymaim2,writerscordless.gs
dga,nymaim2,toiletpetroleum.top
dga,nymaim2,warrior-grill.me
dga,nymaim2,stanexotic.pl
dga,nymaim2,treatpatents.com
dga,nymaim2,syndromeethernet.cx
dga,nymaim2,revisionmood.ru
dga,nymaim2,worry-pointing.nu
dga,nymaim2,registrationmetro.lk
dga,nymaim2,tuningconvention.ru
dga,nymaim2,universalinfant.cc
dga,nymaim2,tables-driven.am
dga,nymaim2,tremblkaraoke.tel
dga,nymaim2,stating-coupons.lv
dga,nymaim2,shoppingpurpose.cz
dga,nymaim2,repeated-invite.cc
dga,nymaim2,tranny-growth.uz
dga,nymaim2,tookproduces.net
dga,nymaim2,specifically-customs.ac
dga,nymaim2,timing-dean.lk
dga,nymaim2,substantialperspectives.ec
dga,nymaim2,savings-exam.dk
dga,nymaim2,statingnull.at
dga,nymaim2,sandra-exceptions.ht
dga,nymaim2,symanteccradle.com
dga,nymaim2,spacefinals.info
dga,nymaim2,significantintervals.uz
dga,nymaim2,refurbished-disc.ps
dga,nymaim2,tomorrow-firewall.info
dga,nymaim2,vids-discussing.name
dga,nymaim2,tips-infants.in
dga,nymaim2,soma-mixed.sh
dga,nymaim2,styles-numerous.com
dga,nymaim2,wherever-oxford.com
dga,nymaim2,transcriptspreview.cn
dga,nymaim2,student-gaming.cz
dga,nymaim2,somebodyloss.mo
dga,nymaim2,twistedmaintaining.cc
dga,nymaim2,releasesexposure.it
dga,nymaim2,starting-policy.me
dga,nymaim2,reject-priorities.cc
dga,nymaim2,serving-evanescence.mx
dga,nymaim2,safer-dimensional.top
dga,nymaim2,symbols-payment.me
dga,nymaim2,weldingframework.biz
dga,nymaim2,retainrand.in
dga,nymaim2,threatened-indoor.in
dga,nymaim2,teacholympics.com
dga,nymaim2,warrenhide.name
dga,nymaim2,spywarecrap.name
dga,nymaim2,soonest-cork.kz
dga,nymaim2,wizardoffense.cn
dga,nymaim2,sewingorganized.in
dga,nymaim2,widemill.mo
dga,nymaim2,statingopened.lv
dga,nymaim2,sodiumevaluated.ad
dga,nymaim2,watchesprobability.top
dga,nymaim2,welcome-joel.sh
dga,nymaim2,sells-invision.la
dga,nymaim2,stack-crash.org
dga,nymaim2,touched-perry.cx
dga,nymaim2,stereo-cultures.eu
dga,nymaim2,shermanguitar.tj
dga,nymaim2,unusual-indicate.com
dga,nymaim2,reportedplanes.com
dga,nymaim2,restrictedpassed.gs
dga,nymaim2,tuesdayfair.net
dga,nymaim2,unlockpolice.uz
dga,nymaim2,xerox-ecological.mo
dga,nymaim2,responsibilityinitiative.tj
dga,nymaim2,transactionhouses.tm
dga,nymaim2,venezuelajeep.bt
dga,nymaim2,saturday-gray.li
dga,nymaim2,salvador-paintings.nu
dga,nymaim2,reportedmonitor.cm
dga,nymaim2,shaped-open.la
dga,nymaim2,torture-explain.com
dga,nymaim2,supports-passengers.me
dga,nymaim2,weightother.eu
dga,nymaim2,trees-raleigh.net
dga,nymaim2,supplementalemma.ht
dga,nymaim2,southamptonfavour.me
dga,nymaim2,surprise-playboy.tk
dga,nymaim2,threat-fear.eu
dga,nymaim2,worship-physiology.su
dga,nymaim2,reasonableprevent.vn
dga,nymaim2,usda-mails.dk
dga,nymaim2,tournamentdocument.pk
dga,nymaim2,rides-parking.tj
dga,nymaim2,sheer-earl.sg
dga,nymaim2,walked-newsletters.kz
dga,nymaim2,troubleinteractive.sg
dga,nymaim2,superintendent-pins.sh
dga,nymaim2,regressionlicense.tel
dga,nymaim2,relative-deck.tel
dga,nymaim2,selected-fine.kr
dga,nymaim2,russiancrap.ec
dga,nymaim2,turkey-floors.me
dga,nymaim2,toolbox-enlargement.tf
dga,nymaim2,soldlithuania.re
dga,nymaim2,stephen-footage.net
dga,nymaim2,steady-proceed.jp
dga,nymaim2,vitaminlooks.jp
dga,nymaim2,rendering-none.co
dga,nymaim2,statflexible.la
dga,nymaim2,structural-incentive.ht
dga,nymaim2,regionalemphasis.vn
dga,nymaim2,settingsmake.hn
dga,nymaim2,stuffkelly.ch
dga,nymaim2,treo-expansion.de
dga,nymaim2,staying-enables.com
dga,nymaim2,solutionsoracle.pro
dga,nymaim2,roof-nipple.com
dga,nymaim2,volumefounded.mv
dga,nymaim2,threat-mine.dk
dga,nymaim2,sectors-leads.bt
dga,nymaim2,sodium-fatal.cn
dga,nymaim2,sevenequal.li
dga,nymaim2,york-informational.net
dga,nymaim2,squirt-expensive.id
dga,nymaim2,royalty-provide.ch
dga,nymaim2,tradingdaughter.cn
dga,nymaim2,watsonessex.ph
dga,nymaim2,sustainablenetwork.jp
dga,nymaim2,vocals-entries.it
dga,nymaim2,sure-encourages.nu
dga,nymaim2,seven-pulling.tm
dga,nymaim2,stackguidelines.la
dga,nymaim2,supportersminor.kr
dga,nymaim2,relativehint.pk
dga,nymaim2,sonicengineer.net
dga,nymaim2,sign-feof.net
dga,nymaim2,resumesoclc.wtf
dga,nymaim2,spermhonduras.com
dga,nymaim2,representedharley.be
dga,nymaim2,signing-november.net
dga,nymaim2,thailandrally.la
dga,nymaim2,storminstitutions.nu
dga,nymaim2,shopslingerie.id
dga,nymaim2,thrillerlodge.pl
dga,nymaim2,tablets-fear.name
dga,nymaim2,yorkshirehardcover.at
dga,nymaim2,thinkinvoice.pk
dga,nymaim2,spectaculardisplaying.am
dga,nymaim2,specifically-figured.id
dga,nymaim2,sudden-dialog.com
dga,nymaim2,while-drainage.lv
dga,nymaim2,submittingpasses.uz
dga,nymaim2,velocitypork.cm
dga,nymaim2,verification-mysimon.co
dga,nymaim2,tunesomaha.com
dga,nymaim2,travellingdoom.sc
dga,nymaim2,technicalmeaningful.pro
dga,nymaim2,suffered-guaranteed.at
dga,nymaim2,transcriptionportsmouth.gs
dga,nymaim2,tacklemental.ac
dga,nymaim2,worse-cookbook.lv
dga,nymaim2,totallyfinds.net
dga,nymaim2,workshop-hopkins.ac
dga,nymaim2,titteninquiries.in
dga,nymaim2,speeddisputes.ph
dga,nymaim2,receiptdanger.win
dga,nymaim2,troops-hospital.co
dga,nymaim2,taiwan-header.jp
dga,nymaim2,wifepatio.re
dga,nymaim2,syntheticphotograph.kr
dga,nymaim2,sloteither.pk
dga,nymaim2,stronginstitute.vn
dga,nymaim2,webpage-employee.tk
dga,nymaim2,spotperiod.mv
dga,nymaim2,releasedplayback.sh
dga,nymaim2,worsemanually.net
dga,nymaim2,repeatedincreasing.tj
dga,nymaim2,villagemongolia.ad
dga,nymaim2,reporterimported.az
dga,nymaim2,universal-convert.ws
dga,nymaim2,rosahere.ec
dga,nymaim2,updateperformer.ws
dga,nymaim2,uncle-islands.kr
dga,nymaim2,talkoutlets.lv
dga,nymaim2,saved-listing.cc
dga,nymaim2,ringobject.ph
dga,nymaim2,turkishoptimal.com
dga,nymaim2,shoot-ieee.net
dga,nymaim2,surveysharold.ht
dga,nymaim2,riders-integral.vn
dga,nymaim2,thursday-greeting.tm
dga,nymaim2,timberflorida.am
dga,nymaim2,voltflux.eu
dga,nymaim2,vitamin-envelope.tf
dga,nymaim2,settle-ongoing.it
dga,nymaim2,refundenter.cc
dga,nymaim2,strangerindustrial.id
dga,nymaim2,simply-handbags.bt
dga,nymaim2,surprisedogs.be
dga,nymaim2,receipt-petroleum.ru
dga,nymaim2,sportmanitoba.nu
dga,nymaim2,september-elvis.cz
dga,nymaim2,spectacular-ease.bt
dga,nymaim2,walnutprofits.tf
dga,nymaim2,variablenoise.net
dga,nymaim2,went-curious.nu
dga,nymaim2,usernameprobability.net
dga,nymaim2,regime-modification.info
dga,nymaim2,yorkshire-matter.re
dga,nymaim2,thailandnicholas.cz
dga,nymaim2,seem-disorders.com
dga,nymaim2,registerpeterson.cc
dga,nymaim2,wronghelps.tk
dga,nymaim2,websterextending.sh
dga,nymaim2,researcherexpo.tf
dga,nymaim2,removing-plasma.info
dga,nymaim2,robertshorny.wtf
dga,nymaim2,serious-dimensions.com
dga,nymaim2,volunteer-easter.pl
dga,nymaim2,watson-fall.sh
dga,nymaim2,utilization-news.com
dga,nymaim2,surgicalcould.in
dga,nymaim2,uruguaynewspaper.az
dga,nymaim2,winterexercise.com
dga,nymaim2,submitted-found.net
dga,nymaim2,toys-lean.tj
dga,nymaim2,ridingmodern.xyz
dga,nymaim2,tractlocator.com
dga,nymaim2,zones-porcelain.vn
dga,nymaim2,reservationsnuclear.uz
dga,nymaim2,somaliafirm.ht
dga,nymaim2,surgeons-marijuana.cm
dga,nymaim2,repositoryhousing.kz
dga,nymaim2,toshibadialog.kr
dga,nymaim2,usgsinline.gs
dga,nymaim2,somehowfrancis.cc
dga,nymaim2,slowmistress.net
dga,nymaim2,twentymighty.ad
dga,nymaim2,recordinggordon.com
dga,nymaim2,rejectedmaple.cx
dga,nymaim2,safelydirective.ac
dga,nymaim2,ultramprompt.ch
dga,nymaim2,suddenoffers.bt
dga,nymaim2,showerlargely.it
dga,nymaim2,targets-guitars.it
dga,nymaim2,towersgetting.ec
dga,nymaim2,receivedcontinues.ec
dga,nymaim2,violence-propose.de
dga,nymaim2,send-nickel.li
dga,nymaim2,yieldslicensing.pk
dga,nymaim2,society-monitor.tel
dga,nymaim2,sharewarenokia.it
dga,nymaim2,register-gibraltar.me
dga,nymaim2,timothy-lifetime.lv
dga,nymaim2,scoredfrost.dk
dga,nymaim2,soup-privileges.net
dga,nymaim2,volleyball-modular.ph
dga,nymaim2,roofpresents.nu
dga,nymaim2,shortmenus.tk
dga,nymaim2,winner-orange.jp
dga,nymaim2,safari-original.net
dga,nymaim2,symphonygorgeous.it
dga,nymaim2,submission-netscape.la
dga,nymaim2,relations-ranks.com
dga,nymaim2,regulatedoccupied.cz
dga,nymaim2,urbangaps.org
dga,nymaim2,simpsons-discovery.sg
dga,nymaim2,soonest-cosmetic.gs
dga,nymaim2,tried-lightweight.com
dga,nymaim2,statesfarm.com
dga,nymaim2,volunteersinjuries.la
dga,nymaim2,what-menu.su
dga,nymaim2,schemepath.tj
dga,nymaim2,sampling-programs.top
dga,nymaim2,vampire-observed.ps
dga,nymaim2,they-driver.net
dga,nymaim2,weblog-judy.id
dga,nymaim2,tour-custody.de
dga,nymaim2,vaccine-homeless.net
dga,nymaim2,tales-government.id
dga,nymaim2,violationmidlands.tel
dga,nymaim2,sexcamhill.cz
dga,nymaim2,source-fighters.ac
dga,nymaim2,thoughtphantom.at
dga,nymaim2,shipsopposed.yt
dga,nymaim2,rentalharmony.net
dga,nymaim2,whosehoped.li
dga,nymaim2,succeed-dies.ac
dga,nymaim2,rhodelooked.ac
dga,nymaim2,terry-islands.cz
dga,nymaim2,usualenabled.org
dga,nymaim2,zoom-philippines.info
dga,nymaim2,stickylargely.jp
dga,nymaim2,readdenied.sg
dga,nymaim2,richardson-merchandise.ph
dga,nymaim2,spotexceptions.su
dga,nymaim2,springfieldhispanic.it
dga,nymaim2,realty-louisiana.xyz
dga,nymaim2,throat-else.cn
dga,nymaim2,trailerforced.ad
dga,proslikefan,flarvcpk.eu
dga,proslikefan,stjneohiod.biz
dga,proslikefan,vcevvkc.se
dga,proslikefan,qylptiin.info
dga,proslikefan,bsvisbttr.com
dga,proslikefan,hjiknr.net
dga,proslikefan,arpeiezki.org
dga,proslikefan,gobqca.ru
dga,proslikefan,tivqfahrmxdl.in
dga,proslikefan,smutloo.name
dga,proslikefan,gryzepc.eu
dga,proslikefan,rekgwp.biz
dga,proslikefan,wavmuomzfr.se
dga,proslikefan,pqyluzl.info
dga,proslikefan,akvcqu.com
dga,proslikefan,glqene.net
dga,proslikefan,zqxifqduh.org
dga,proslikefan,hgrykgqj.ru
dga,proslikefan,uueozhi.in
dga,proslikefan,rgklyxlcj.name
dga,proslikefan,hductw.eu
dga,proslikefan,qkpbesoeh.biz
dga,proslikefan,xubvxpkmz.se
dga,proslikefan,oihvtorfa.info
dga,proslikefan,zxauumyy.com
dga,proslikefan,klyvfiz.net
dga,proslikefan,ymkxcvod.org
dga,proslikefan,drlisomfb.ru
dga,proslikefan,vazkmjpsl.in
dga,proslikefan,vlabgmkob.name
dga,proslikefan,izrswaufys.eu
dga,proslikefan,pkqjxlhn.biz
dga,proslikefan,ytjhngi.se
dga,proslikefan,sxelptrstb.info
dga,proslikefan,yffvaizg.com
dga,proslikefan,jjrbhxfzl.net
dga,proslikefan,cgaqqct.org
dga,proslikefan,edvaggo.ru
dga,proslikefan,wcoefw.in
dga,proslikefan,ujvjzmnigu.name
dga,proslikefan,jvxmwczd.eu
dga,proslikefan,osdbvfv.biz
dga,proslikefan,zjwtobf.se
dga,proslikefan,rpryzthdk.info
dga,proslikefan,cnctrlixzl.com
dga,proslikefan,itnwya.net
dga,proslikefan,banrgjha.org
dga,proslikefan,fxpxlsw.ru
dga,proslikefan,xsnikockk.in
dga,proslikefan,ttpqysh.name
dga,proslikefan,khhdvpf.eu
dga,proslikefan,ncoeqrb.biz
dga,proslikefan,atvvhyhpyx.se
dga,proslikefan,qhzxelb.info
dga,proslikefan,bhhgrv.com
dga,proslikefan,hzcwghg.net
dga,proslikefan,acdlovafvd.org
dga,proslikefan,gaxhbiz.ru
dga,proslikefan,ymdztaz.in
dga,proslikefan,sbounkehs.name
dga,proslikefan,lnssrlwjpy.eu
dga,proslikefan,mapetads.biz
dga,proslikefan,bjbafdl.se
dga,proslikefan,pzyudg.info
dga,proslikefan,avhpdzz.com
dga,proslikefan,gvqxgqt.net
dga,proslikefan,zaqtxvvp.org
dga,proslikefan,hukjfphm.ru
dga,proslikefan,vlqlumv.in
dga,proslikefan,rvezfwt.name
dga,proslikefan,mmeddmyv.eu
dga,proslikefan,lucvizum.biz
dga,proslikefan,yfjsvcgzww.se
dga,proslikefan,orlxwxx.info
dga,proslikefan,zhmipvngw.com
dga,proslikefan,fheaeenck.net
dga,proslikefan,ycresfa.org
dga,proslikefan,iiwezrv.ru
dga,proslikefan,wmhmrqm.in
dga,proslikefan,qhkykdy.name
dga,proslikefan,nqvjbwb.eu
dga,proslikefan,kowaitkxdja.biz
dga,proslikefan,zxtvvae.se
dga,proslikefan,noioyjzud.info
dga,proslikefan,yvjkano.com
dga,proslikefan,eniyjb.net
dga,proslikefan,xsbkrxsh.org
dga,proslikefan,jmduiujlcj.ru
dga,proslikefan,xixqgfeav.in
dga,proslikefan,pncktgg.name
dga,proslikefan,jklpsfturv.eu
dga,proslikefan,joxanpai.biz
dga,proslikefan,afunjugp.se
dga,proslikefan,mgaaqel.info
dga,proslikefan,xzzsczuysr.com
dga,proslikefan,dkbqsm.net
dga,proslikefan,wkllvson.org
dga,proslikefan,kqzzcw.ru
dga,proslikefan,ycxuodvpp.in
dga,proslikefan,opdzzfh.name
dga,symmi,ogovugtuipawi.ddns.net
dga,symmi,afowkaupbabe.ddns.net
dga,symmi,ipkureleakm.ddns.net
dga,symmi,hegiruqo.ddns.net
dga,symmi,luimreim.ddns.net
dga,symmi,tiakqukoahuvu.ddns.net
dga,symmi,loelkuanduur.ddns.net
dga,symmi,agdehukoev.ddns.net
dga,symmi,giagkuekorla.ddns.net
dga,symmi,leufiroqipomu.ddns.net
dga,symmi,ifunildoelukidi.ddns.net
dga,symmi,arvaqaisve.ddns.net
dga,symmi,osososgai.ddns.net
dga,symmi,iluvutevq.ddns.net
dga,symmi,veniukviemgureo.ddns.net
dga,symmi,weansigasaf.ddns.net
dga,symmi,rohoruuriw.ddns.net
dga,symmi,vauveletoxgiof.ddns.net
dga,symmi,guusunahkub.ddns.net
dga,symmi,micicutoetohiki.ddns.net
dga,symmi,erabornafuavh.ddns.net
dga,symmi,lixuxuulufv.ddns.net
dga,symmi,vugaebebem.ddns.net
dga,symmi,uttobegowufuerr.ddns.net
dga,symmi,opbuintoofga.ddns.net
dga,symmi,qoseviixxubuegb.ddns.net
dga,symmi,ihepnoqugoimp.ddns.net
dga,symmi,fuucnefuudcu.ddns.net
dga,symmi,muacbuihbi.ddns.net
dga,symmi,abxeocaqvama.ddns.net
dga,symmi,umugduapnaevu.ddns.net
dga,symmi,uvxoirxeudfaaq.ddns.net
dga,symmi,iwigvupa.ddns.net
dga,symmi,owotkuafm.ddns.net
dga,symmi,espipigada.ddns.net
dga,symmi,diirokaw.ddns.net
dga,symmi,kofuahcohu.ddns.net
dga,symmi,egosxeammiovana.ddns.net
dga,symmi,qimiilek.ddns.net
dga,symmi,osewboamige.ddns.net
dga,symmi,wauwekefh.ddns.net
dga,symmi,cegiingi.ddns.net
dga,symmi,umofdupeduvoawp.ddns.net
dga,symmi,agopokkudoraem.ddns.net
dga,symmi,sipeihbawuka.ddns.net
dga,symmi,almusuotacq.ddns.net
dga,symmi,odfuuwgu.ddns.net
dga,symmi,okixtedo.ddns.net
dga,symmi,leigafodevahic.ddns.net
dga,symmi,ecvuarleoplaawa.ddns.net
dga,symmi,ucexleniifcut.ddns.net
dga,symmi,ariwuxoxboi.ddns.net
dga,symmi,weiqeqna.ddns.net
dga,symmi,ceoputaraqoloka.ddns.net
dga,symmi,kouvogmo.ddns.net
dga,symmi,hohiempe.ddns.net
dga,symmi,uspecouse.ddns.net
dga,symmi,fesosimiineg.ddns.net
dga,symmi,toboiwlexaroedo.ddns.net
dga,symmi,ofvaucifadvukii.ddns.net
dga,symmi,adarruakg.ddns.net
dga,symmi,alluteodwuatx.ddns.net
dga,symmi,ihbeusnasa.ddns.net
dga,symmi,oftuconuu.ddns.net
dga,charbot,token-9up.cz
dga,charbot,e9s4ezay.org
dga,charbot,laveantennk.biz
dga,charbot,ajfakassac.jp
dga,charbot,backpa85erverse.name
dga,charbot,sc0oolhous5.uk
dga,charbot,time281ack.org
dga,charbot,monikaknobloctoma.be
dga,charbot,oranje8ozt.co
dga,charbot,downloadfa0eboek.com
dga,charbot,turwona.name
dga,charbot,1xbet-z8rkwlo.co
dga,charbot,iuwasporksman.info
dga,charbot,clarenconcollyge.ru
dga,charbot,grrpcf.nz
dga,charbot,7akedwi3es.eu
dga,charbot,stru7tcrae.org
dga,charbot,eromrt7me.jp
dga,charbot,4zfl7d.me
dga,charbot,allianw3invest.co
dga,charbot,ggmy-ng.biz
dga,charbot,-edaineayurveda.co
dga,charbot,qui4toa.info
dga,charbot,trave6asl.biz
dga,charbot,sevkomnjft0gaz.us
dga,charbot,gpdrkjno1.ru
dga,charbot,consujtix.ru
dga,charbot,dederomaster.it
dga,charbot,adlooxtrapking.cz
dga,charbot,murecom.lv
dga,charbot,vitamika.it
dga,charbot,intxo74.eu
dga,charbot,nehezg6pszerelee.nz
dga,charbot,serv4rcentralen.it
dga,charbot,prosthesesfoundah3on.info
dga,charbot,ermesg1.de
dga,charbot,8nspusa.us
dga,charbot,albane7ecandy.fr
dga,charbot,qub5hub.de
dga,charbot,xh9supersuper.biz
dga,charbot,7illsp5t.lv
dga,charbot,is-dns.nz
dga,charbot,rupiistlv.co
dga,charbot,7irupkzcasino.name
dga,charbot,16yomhost.ru
dga,charbot,wearereagitygam5s.fr
dga,charbot,asapmarket-dbrwweb.lv
dga,charbot,topdyiveini.pl
dga,charbot,inwivi4.nz
dga,charbot,goodluckafrijy.de
dga,charbot,onlyne885edia.be
dga,charbot,browftnomas.at
dga,charbot,dynatracnlybs.eu
dga,charbot,foneft.fr
dga,charbot,pl5tch.jp
dga,charbot,s3pabrse.uk
dga,charbot,va5ada4293.uk
dga,charbot,lekaptotabs.uk
dga,charbot,qrnevskadm.name
dga,charbot,compagngetaffanel.net
dga,charbot,si-bafibfr.pl
dga,charbot,cscoru6.ru
dga,charbot,p0rkobility.biz
dga,charbot,eddmaritqme.eu
dga,charbot,fresh-cawino-nefyeardream.org
dga,charbot,zeobot.lv
dga,charbot,inforova.de
dga,charbot,claimoeslkit.it
dga,charbot,radiuzvexda.lv
dga,charbot,fat5-nnws.eu
dga,charbot,enxovga.me
dga,charbot,eplayfort5n0b.nz
dga,charbot,porno-no5ink9.at
dga,charbot,vysitsow.de
dga,charbot,nymphonyofsciejce.it
dga,charbot,shkatulk9-syw.be
dga,charbot,enj8go.at
dga,charbot,dosthptst.org
dga,charbot,legalize4.co
dga,charbot,se-dbaza.co
dga,charbot,dnramithost.pl
dga,charbot,mcou4cil.me
dga,charbot,fzclabs.it
dga,charbot,adgam2worlt.jp
dga,charbot,lewveg.us
dga,charbot,internegessent-als.jp
dga,charbot,qgchnosabz.eu
dga,charbot,brucmlindblyom.fr
dga,charbot,micro4uris.name
dga,charbot,lloob0ts.de
dga,charbot,cd8oldsoft.co
dga,charbot,heelthylpves.cz
dga,charbot,zs1rus.cz
dga,charbot,alba5xus.de
dga,charbot,gold9edal.uk
dga,charbot,jhevoicemag7film.lv
dga,charbot,c6gni0ant.co
dga,charbot,prxdware.me
dga,charbot,mlitubn.cz
dga,charbot,propeityscout.pl
dga,charbot,bnfakt.net
dga,charbot,jo6casino-fb.biz
dga,charbot,cheaznfljerseyswhol2sale.us
dga,charbot,jmsqelexomsp.be
dga,charbot,exommerce-naticn.it
dga,charbot,youcfonc.us
dga,charbot,xr1nadanet.org
dga,charbot,protipmed.ru
dga,charbot,prosiebensat7.at
dga,charbot,polgi8upinv.pl
dga,charbot,pho-oshopemaster.name
dga,charbot,cuquad.uk
dga,charbot,yugawgra2fuga.com
dga,charbot,karuk4ntimew.name
dga,charbot,egoundrost.nz
dga,charbot,crpttranslation.de
dga,charbot,roxcasino1472.net
dga,charbot,9laoliuli.be
dga,charbot,tankrdns.nz
dga,charbot,hviramarketdarknet.be
dga,charbot,fishboneckpone.eu
dga,charbot,lscjturnals.de
dga,charbot,clatoky.name
dga,charbot,8nergoenews.us
dga,charbot,invcstcreditt.me
dga,charbot,caknabil.info
dga,charbot,kdlkweb.eu
dga,charbot,oomxzmail.co
dga,charbot,pyx0ltab.it
dga,charbot,ulanete-sgiences.cz
dga,charbot,cisqpwebservers.net
dga,charbot,wavt7ast.biz
dga,charbot,expo262x.info
dga,charbot,qutz2d.fr
dga,charbot,mblodiesna.org
dga,charbot,22sytc.ru
dga,charbot,ceehalex8nl.co
dga,charbot,9hobandship.nz
dga,charbot,sigh-dabitat.org
dga,charbot,sia-pay.me
dga,charbot,olaim-ayback.co
dga,charbot,ribeliner.ru
dga,charbot,f42msupply.name
dga,charbot,bjnkkredfsi.eu
dga,charbot,film-2e2r.org
dga,charbot,sistemanaciodal5mpleo.it
dga,charbot,fslsh2.org
dga,charbot,biueneqt.me
dga,charbot,kanauawa-uaika-clinic.eu
dga,charbot,is3amejabe.biz
dga,charbot,p-lrer.at
dga,charbot,neagiyme.info
dga,charbot,crskiml.lv
dga,charbot,xn--si2bo1pntfjlcdzc.fr
dga,charbot,vjr23r.cz
dga,charbot,yew-lhd.lv
dga,charbot,estreambne.lv
dga,charbot,shadesiaddy.name
dga,charbot,ussmissocro.jp
dga,charbot,mtalianoark.jp
dga,charbot,eriez-o.uk
dga,charbot,alnrioers.at
dga,charbot,amazynedropshi2ping.me
dga,charbot,vhvpdar117.lv
dga,charbot,xehkit.net
dga,charbot,lcroffile.me
dga,charbot,2808pro5y.eu
dga,charbot,g6rlsonthebun.fr
dga,charbot,miseci1.uk
dga,charbot,eldorad--casin6-qcw.it
dga,charbot,unitwu.info
dga,charbot,il7bli.com
dga,charbot,nederlan2.name
dga,charbot,ub-s8e5da.jp
dga,charbot,cfirfadglr.at
dga,charbot,ncbet8o.us
dga,charbot,citisucer.fr
dga,charbot,rusniws2eek.name
dga,charbot,dsfothecary.org
dga,charbot,lwyalplsse.it
dga,charbot,r1delidre.pl
dga,charbot,eb7ppkerd5m.us
dga,charbot,mayocainiclmbs.name
dga,charbot,subegalope.cz
dga,charbot,ta69lap.me
dga,charbot,hurr4cangs.co
dga,charbot,diplomm8kii.be
dga,charbot,acl3re.net
dga,charbot,betxo1.us
dga,charbot,melwve-.fr
dga,charbot,exuedo3ns.at
dga,charbot,shiyiyan.biz
dga,charbot,9ownofchrpelhill.at
dga,charbot,pcrea9mmhosting.us
dga,charbot,uoverwrrch.net
dga,charbot,ttt8rbento.nz
dga,charbot,huqzilla.net
dga,charbot,ulxserei.net
dga,charbot,4acingseniorservice.us
dga,charbot,di2vermarktuns.biz
dga,charbot,riobrasiswore.nz
dga,charbot,loderse.uk
dga,charbot,intabct9dev.name
dga,charbot,yarukichulahusei.nz
dga,charbot,xn--101-mhl4du9c0cb5p4b.name
dga,charbot,fceshcasino5150.nz
dga,charbot,jbghtycall.fr
dga,charbot,ki0sparku.us
dga,charbot,irl2nguage.uk
dga,charbot,jnhxc3.fr
dga,charbot,nehed3cation.fr
dga,charbot,rkumochna2a.biz
dga,charbot,de8elopmentsaed.at
dga,charbot,verblackclokcr.ru
dga,charbot,barmuerzige-bruedew.us
dga,charbot,8earchmk.fr
dga,charbot,777azmqraly6.me
dga,charbot,duyuilder.it
dga,charbot,jenwyyoz.de
dga,charbot,escolhie3pgeender.jp
dga,charbot,adrdholic.info
dga,charbot,insight-nvestmen2s.jp
dga,charbot,coffeeg4pc.net
dga,charbot,egpert-pnf.co
dga,charbot,clubsp5ev.name
dga,charbot,vnag5ncc.co
dga,charbot,m8osma.co
dga,charbot,zhonzrenhr.ru
dga,charbot,myinuoums.de
dga,charbot,e-ttech.ru
dga,charbot,izzictsino-fbnd2.com
dga,charbot,oogbngo.eu
dga,charbot,1ecur6.lv
dga,charbot,1echnrstaff.ru
dga,charbot,lioene.be
dga,charbot,4olancha.info
dga,charbot,rimac-automnbuli.ru
dga,charbot,bongbcams7.at
dga,charbot,g1qbalart.be
dga,charbot,zldoz-casinos.eu
dga,charbot,albeel8.nz
dga,charbot,dealerwholesalegroue.de
dga,charbot,gmtjhajt9ehssgd.me
dga,charbot,inventorylzb.biz
dga,charbot,35labour.fr
dga,charbot,ymasmom.jp
dga,charbot,optikaopt0ma.cz
dga,charbot,theeorndude.fr
dga,charbot,vjbuilderj.jp
dga,charbot,neteasyi3j.at
dga,charbot,shersti00ock.org
dga,charbot,i7timliue.be
dga,charbot,ojdetworks.com
dga,charbot,uufewhdwjidewfh4fkmsdjfejgbrgefkd.be
dga,charbot,wvrganib.net
dga,charbot,lo6ewebinar.biz
dga,charbot,dewulg.jp
dga,charbot,taugt5.cz
dga,charbot,agcsduc3to.jp
dga,charbot,35ecom.at
dga,charbot,vimarsanb.us
dga,charbot,adelblten.biz
dga,charbot,jarletgnsports.me
dga,charbot,zervan-24-o6.it
dga,charbot,vwxium.me
dga,charbot,ru5epiqels.uk
dga,charbot,blrguactif.cz
dga,charbot,beaulightnovel.net
dga,charbot,evereiy.biz
dga,charbot,sch1ee4onmorgen.us
dga,charbot,xehrsan2.com
dga,charbot,dlcisixedge.pl
dga,charbot,hdrezqajjdsq7.biz
dga,charbot,lifetoq.me
dga,charbot,pkk5-rzsreestu.lv
dga,charbot,vo7voboss.uk
dga,charbot,2rtwcrk.at
dga,charbot,nextda-peps.cz
dga,charbot,bulcolhhicine.info
dga,charbot,b7ct1ro.it
dga,charbot,s8e7nlodge.name
dga,charbot,xlogbeist.org
dga,charbot,pharmacni.ru
dga,charbot,hsutarzt-durlayh.fr
dga,charbot,mdmsmobi6e.at
dga,charbot,gbflws.cz
dga,charbot,daqlic6.pl
dga,charbot,wssercqer.info
dga,charbot,inter8by.de
dga,charbot,2ts-trainin2.nz
dga,charbot,dpo-server14.name
dga,charbot,cochrannisianmonroevilse.nz
dga,charbot,sxxocean.us
dga,charbot,meno-posituve.com
dga,charbot,fi1mmawers.info
dga,charbot,snymse0.uk
dga,charbot,bestechapartmentsecto139.be
dga,charbot,qstroseei.com
dga,charbot,mknetlink.name
dga,charbot,mt-lly.info
dga,charbot,jgmis0uck.info
dga,charbot,ral5all.info
dga,charbot,6uapaty.nz
dga,charbot,orpanox.uk
dga,charbot,mncrxvoz.com
dga,charbot,4nah2ac.de
dga,charbot,bri6dlepro.nz
dga,charbot,tirek5ngry.uk
dga,charbot,nkjtecdworld.co
dga,charbot,complyrjpp.me
dga,charbot,north7aytconference.be
dga,charbot,ochmpop.at
dga,charbot,begish-museum.jp
dga,charbot,afkan4r.biz
dga,charbot,rostbetter02.nz
dga,charbot,hbpl7ng.me
dga,charbot,dona8iontoun.cz
dga,charbot,reupasjqce.net
dga,charbot,weig9twatchers.us
dga,charbot,admlral-b5.lv
dga,charbot,1xwet-69690a.cz
dga,charbot,edmnotw1rk.eu
dga,charbot,in5ele1o.cz
dga,charbot,brafilgriativo.cz
dga,charbot,pornleakv.name
dga,charbot,2ookoutllt.nz
dga,charbot,7merisleep.biz
dga,charbot,ap3-us.be
dga,charbot,9otinm.de
dga,charbot,imjobilier-franc1.me
dga,charbot,ukurete.jp
dga,charbot,natwo2alwellness.ru
dga,charbot,paywu7l.eu
dga,charbot,kusmost.me
dga,charbot,thehawksijor.be
dga,charbot,drrden0utual.net
dga,charbot,voiafoneid9a.me
dga,charbot,generatiofesp6rts.fr
dga,charbot,l0nmi2.at
dga,charbot,math1reteer.ru
dga,charbot,unififdlaylr.us
dga,charbot,maptdsea.be
dga,charbot,essedtialassestment.me
dga,charbot,msd7sk.com
dga,charbot,kaoshi3g.me
dga,charbot,st7-michqlle.co
dga,charbot,traf-1cforce.de
dga,charbot,inveqt-fwee.fr
dga,charbot,di1eca7e.eu
dga,charbot,u2ban3p.name
dga,charbot,dabourvarty.biz
dga,charbot,aismenfji.at
dga,charbot,mimedxonl.eu
dga,charbot,iliensal6.info
dga,charbot,riegmecker.lv
dga,charbot,tqshn4.net
dga,charbot,osongbeaetyexwo.eu
dga,charbot,1iplomy5chi.net
dga,charbot,0lamourhiz.net
dga,charbot,b3troder.at
dga,charbot,gimijs.it
dga,charbot,buildingincux.jp
dga,charbot,liftcoac7.eu
dga,charbot,mefrojam1i.info
dga,charbot,qre8board.me
dga,charbot,theide7hooting.be
dga,charbot,meacaoona.biz
dga,charbot,sileqtsi2nal.fr
dga,charbot,metbodt1.be
dga,charbot,extranetusertknager.biz
dga,charbot,ho3tsr1.eu
dga,charbot,veuasplus.cz
dga,charbot,raritysnfper.org
dga,charbot,rui6engautomatinn.me
dga,charbot,dnner2.org
dga,charbot,airfhanca.biz
dga,charbot,acdsw9.org
dga,charbot,nitcrhgisiration.us
dga,charbot,3-n-rm.us
dga,charbot,activteldow.net
dga,charbot,lob2tar7ames.jp
dga,charbot,pojaszem.cz
dga,charbot,corgiho-eclan.nz
dga,charbot,planetahi8k.cz
dga,charbot,secretsanfradciscl.us
dga,charbot,michewerartmmseum.net
dga,charbot,eteznpuss8.fr
dga,charbot,notehub.ru
dga,charbot,y-snlo.jp
dga,charbot,olivetr92genealogy.info
dga,charbot,dadademokraten.uk
dga,charbot,directxoolsoutlet.me
dga,charbot,0ngwipe.eu
dga,charbot,7atasla.org
dga,charbot,l7zaonair.de
dga,charbot,mongyzromax.lv
dga,charbot,newyorklesoivals.org
dga,charbot,prostitutkix2.co
dga,charbot,suer6driveconnections.info
dga,charbot,tich-life1.org
dga,charbot,sportmva.eu
dga,charbot,fleacd0.name
dga,charbot,tdissul.org
dga,charbot,360glogalfitneus.cz
dga,charbot,tlp-carecr.ru
dga,charbot,c0mpwjse.at
dga,charbot,h4tpsgrveur.com
dga,charbot,p6lieewb.jp
dga,charbot,pmrrotsoftwaie.uk
dga,charbot,vavgdaqix.info
dga,charbot,advizj.biz
dga,charbot,rdce5ter.us
dga,charbot,amesic4scup.org
dga,charbot,leonbetsfoffic7al-bk7.net
dga,charbot,et0nconsfruction.biz
dga,charbot,miulihri7.lv
dga,charbot,terrtcablade.fr
dga,charbot,basfetgdynij.us
dga,charbot,attbstino.us
dga,charbot,e5ercooi.com
dga,charbot,scipncweurope.cz
dga,charbot,lonkm4vie.cz
dga,charbot,tapitkamaveri.jp
dga,charbot,fullinzirsen4.de
dga,charbot,7inuibet.me
dga,charbot,funbin8universe.de
dga,charbot,aeskhetics.org
dga,charbot,mw-jpb.name
dga,charbot,mornsunyporer.eu
dga,charbot,girlca5einisiative.us
dga,charbot,sulcandcluxe-club.jp
dga,charbot,3ervewbase.be
dga,charbot,kddlolacd.eu
dga,charbot,lijkash3p.org
dga,charbot,ss6rtairfilters.org
dga,charbot,oardaachain.biz
dga,charbot,rerpakye1jrx.biz
dga,charbot,tkugscreen.me
dga,charbot,e2do1fly.com
dga,charbot,uoyolaho.pl
dga,charbot,kinojpac6.ru
dga,charbot,hallyweeneovie.co
dga,charbot,wieisonq.nz
dga,charbot,funtjog.lv
dga,charbot,keenh-1.cz
dga,charbot,esptcene0.at
dga,charbot,schencealph1.info
dga,charbot,roxcasino10j6.nz
dga,charbot,9ynamicdiee.us
dga,charbot,spawcanlover.be
dga,charbot,tarwanumbassy.jp
dga,charbot,vulpclufs.cz
dga,charbot,azkthromycxnx250.biz
dga,charbot,lenaqia.ru
dga,charbot,scbetp8jud7.be
dga,charbot,du-bingpedua.us
dga,charbot,agenciiinfluencqar.org
dga,charbot,cog4rworld.lv
dga,charbot,zapchasti-r9mon4.info
dga,charbot,terminussurfacfspwrr.ru
dga,charbot,sunda4vision.eu
dga,charbot,conskltores-wbb.me
dga,charbot,mission-healfh.uk
dga,charbot,gotobudmpe-t.uk
dga,charbot,nationaxrrmkseum.cz
dga,charbot,kino-tuvnd.info
dga,charbot,jklinfoooluqions.ru
dga,charbot,bliqsnrose.it
dga,charbot,kageleiws.be
dga,charbot,b6cterialtakeover.info
dga,charbot,101uridek.biz
dga,charbot,blossomfloweqde5ivery.de
dga,charbot,frbntier-egonomics.biz
dga,charbot,safn5antalayab.co
dga,charbot,tiabraytabs.com
dga,charbot,5ighij.uk
dga,charbot,albookzd.nz
dga,charbot,mercedis-wofld.jp
dga,charbot,holaron.fr
dga,charbot,ponli6ecialis3.net
dga,charbot,oharemvn.org
dga,charbot,bziklive.be
dga,charbot,5anter.pl
dga,charbot,ewfacv.us
dga,charbot,web20ag.jp
dga,charbot,trust4dnameservers.net
dga,charbot,australisrxmlds.me
dga,charbot,resnet.at
dga,charbot,frk-kleiot.co
dga,charbot,isdnrek.jp
dga,charbot,b4oknot-stavropol.de
dga,charbot,bigtvchiwfo.biz
dga,charbot,3shakinoserialy.pl
dga,charbot,g4udbox.uk
dga,charbot,ixfox-m.info
dga,charbot,gay-4uddie3.jp
dga,charbot,c8nargpc.info
dga,charbot,hoidachr.co
dga,charbot,v5ndermax.be
dga,charbot,c5ftck.uk
dga,charbot,hxnqaifusion.fr
dga,charbot,b1lentworld.pl
dga,charbot,zeruph0l.cz
dga,charbot,feministcu1rens.eu
dga,charbot,mbatgame9.name
dga,charbot,incime-tax.net
dga,charbot,accountingfotsus0ainability.me
dga,charbot,t-retoku.be
dga,charbot,iskfadcon.cz
dga,charbot,ehrisleong.me
dga,charbot,aoanassig1ment.pl
dga,charbot,aavt3r.org
dga,charbot,1hig5l.lv
dga,charbot,skyrase.us
dga,charbot,aaaba7.org
dga,charbot,siarfr-its.com
dga,charbot,mobybridee.ru
dga,charbot,soterstyl.it
dga,charbot,cybernetonlinm.ru
dga,charbot,suntekfcqms.biz
dga,charbot,xn--e1akpgdjl.us
dga,charbot,aherjs.nz
dga,charbot,da9lywire2ess.pl
dga,charbot,lenovoit.lv
dga,charbot,h5mepl1s.uk
dga,charbot,vigbenh.fr
dga,charbot,j3eservicec.info
dga,charbot,9onlifw.name
dga,charbot,xiaoyaotou.fr
dga,charbot,preijolwap.com
dga,charbot,lpnptip.fr
dga,charbot,gaoactii.be
dga,charbot,borl4sholmer-sparkasse.org
dga,charbot,pi0inthema1.ru
dga,charbot,b4tesmanager.ru
dga,charbot,24mmet.info
dga,charbot,60-now.de
dga,charbot,myaus2ore.net
dga,charbot,0tatcuse.name
dga,charbot,5pengift.cz
dga,charbot,avadiradio.name
dga,charbot,kellys-kj1ner-xp.biz
dga,charbot,tuvwsjmenh.com
dga,charbot,cloudvp6ory.ru
dga,charbot,bto3markwiki.be
dga,charbot,ww3lveonmain.com
dga,charbot,0nocoims.nz
dga,charbot,nudif9.net
dga,charbot,ashtonfieldsc3l1mba.ru
dga,charbot,fre5hcasino320.fr
dga,charbot,eumagzsablog.fr
dga,charbot,ippprtaleg4e.pl
dga,charbot,wetllic2.be
dga,charbot,qgraforum.de
dga,charbot,rankontechnologijs.cz
dga,charbot,c6sino-winnea.ru
dga,charbot,teenliut.jp
dga,charbot,e1aratb.co
dga,charbot,fromach7fskitchyn.it
dga,charbot,yinkagogo.org
dga,charbot,voclou9.at
dga,charbot,gavade-3y.uk
dga,charbot,putopismn.us
dga,charbot,army-twchn7logy.it
dga,charbot,thenin4hartz.uk
dga,charbot,flysoutgend2012.pl
dga,charbot,bingforbusvnems.uk
dga,charbot,donaorrenp.ru
dga,charbot,vulkanstzrsy6.eu
dga,charbot,volisliederrrchiv.at
dga,charbot,rigltquesteon.com
dga,charbot,-ulsatfch.co
dga,charbot,tosmicnootr-pic.biz
dga,charbot,mt2busiress.pl
dga,charbot,-ot1os.it
dga,charbot,wet5otix.uk
dga,charbot,bacl0fenliaresal.de
dga,charbot,s5elcvehe.info
dga,charbot,inedgznetail.cz
dga,charbot,rib9eremoored.org
dga,charbot,scroika-arenda.at
dga,charbot,worldfwsa.uk
dga,charbot,eldooaaly.fr
dga,charbot,bcnzinpreisfaktuell.it
dga,charbot,qualits-cne.uk
dga,charbot,wopkkino.de
dga,charbot,route0fif7y.me
dga,charbot,nodd-postg2es.ru
dga,charbot,o9yeb8.pl
dga,charbot,consimer5ealthdigest.info
dga,charbot,addalafilik.name
dga,charbot,mabi-ned.info
dga,charbot,exsmokeik.us
dga,charbot,com0-st.eu
dga,charbot,nor3iyarch.biz
dga,charbot,c-dezice.us
dga,charbot,-lingv1ne.me
dga,charbot,k6epitfit.fr
dga,charbot,eohbna.us
dga,charbot,rosettculoud.co
dga,charbot,lubeneen.us
dga,charbot,gestionaleautc.jp
dga,charbot,1otatemedibdebate.net
dga,charbot,pk-opti.de
dga,charbot,kexican.com
dga,charbot,henestlymocern.cz
dga,charbot,conta-t-2enter.net
dga,charbot,ca0tinvnet.name
dga,charbot,drblact-systpm.lv
dga,charbot,usokrg.co
dga,charbot,do5bot.nz
dga,charbot,vfinitymoyile.pl
dga,charbot,go-op8ine-millions.it
dga,charbot,dewo9k7r.at
dga,charbot,4lkletsing.us
dga,charbot,wledz--eeds.cz
dga,charbot,f8nastvride911.us
dga,charbot,versed5-ly.de
dga,charbot,dlamaksayarat.eu
dga,charbot,sansumclie3c.ru
dga,charbot,98usahaku.us
dga,charbot,woyallite.biz
dga,charbot,azoutyuu.org
dga,charbot,postifgn.uk
dga,charbot,m9vhop.be
dga,charbot,casinl-te.cz
dga,charbot,gameskadmirpl.de
dga,charbot,dpmace.me
dga,charbot,cloudevelsts.ru
dga,charbot,lastikjaltlvm.cz
dga,charbot,mgbtequalrtypac.us
dga,charbot,viiatery.me
dga,charbot,swkftcen1.be
dga,charbot,ncrpaysnatus.com
dga,charbot,hereinrestity.nz
dga,charbot,qusee-orangerie.co
dga,charbot,stagecsac5-technology.biz
dga,charbot,takgiarb.uk
dga,charbot,track4ngtins.net
dga,charbot,chtchanuts.lv
dga,charbot,ke0ipost.cz
dga,charbot,samspu6liwhing.ru
dga,charbot,hmf6ash.com
dga,charbot,giylcxrnivore.us
dga,charbot,1xbbt-l.pl
dga,charbot,proco3knline.lv
dga,charbot,yriends-casinob.com
dga,charbot,volpeyvritic.lv
dga,charbot,firerescud1.de
dga,charbot,ougendhilfepo6tal.at
dga,charbot,tkegaferimages.at
dga,charbot,ydsrijk.lv
dga,charbot,wat1pwd.it
dga,charbot,l2gzocamino-bib2.uk
dga,charbot,bb7atstvj.net
dga,charbot,freshcasi2o3u7.com
dga,charbot,kuo8qwrt.be
dga,charbot,hdrexking.pl
dga,charbot,allfreeslowcookerrecip3s.us
dga,charbot,genes31sci.fr
dga,charbot,2jsploiv.eu
dga,charbot,bltsdota2.it
dga,charbot,leaincotp.ru
dga,charbot,dig4tvdbez.net
dga,charbot,dekaz1tk.lv
dga,charbot,leon-officeal-bk16.it
dga,charbot,yemthevligt.at
dga,charbot,ka3ino-columb0s24.info
dga,charbot,dmnart-designs.me
dga,charbot,tra-sjit.org
dga,charbot,cwordd.lv
dga,charbot,abhbarmailpng.ru
dga,charbot,1eogwoup7.it
dga,charbot,cojdadovanqerbilt.pl
dga,charbot,travbbddy.ru
dga,charbot,kavinopay.name
dga,charbot,unixo-be.co
dga,charbot,b4klway.biz
dga,charbot,colorfac9sry.it
dga,charbot,bestmas8ertaqlor.at
dga,charbot,ta3eof2bacqpackers.info
dga,charbot,minjsorws.de
dga,charbot,u4j6q1f.co
dga,charbot,admiral-x7caskno.nz
dga,charbot,sou5dxd.us
dga,charbot,dialoginsigi5.jp
dga,charbot,6tezaim.fr
dga,charbot,slitsi5e.eu
dga,charbot,best2life.lv
dga,charbot,dulaosna.de
dga,charbot,p3bis-sorbonne.uk
dga,charbot,a0tsmarchinj.de
dga,charbot,jungeylic5t.nz
dga,charbot,d0plster25.be
dga,charbot,uentaif7mily.pl
dga,charbot,fb-nchise500.net
dga,charbot,onesaxrch.jp
dga,charbot,zen1tnow31t.org
dga,charbot,prosa7ps.uk
dga,charbot,jtu-fn.jp
dga,charbot,web8arge.name
dga,charbot,e5ajs1or.at
dga,charbot,wehos294.com
dga,charbot,freshtasin2can2.biz
dga,charbot,promotionsgenio.be
dga,charbot,qtyuesyo.uk
dga,charbot,libander.us
dga,charbot,r-asonableszread.lv
dga,charbot,whinehosseinn.cz
dga,charbot,bulksmsnigecea.co
dga,charbot,forschung-und-tlssen.nz
dga,charbot,qatbot.fr
dga,charbot,mpqcsrp.lv
dga,charbot,dmusbcs.uk
dga,charbot,a9gzon.us
dga,charbot,connectgflaxh.com
dga,charbot,uvec4u.us
dga,charbot,bmettore.at
dga,charbot,liscioni.info
dga,charbot,bboctgve.de
dga,charbot,gavneoq.eu
dga,charbot,vulkan5eluxeseplay.name
dga,charbot,napebounje.org
dga,charbot,caesurssuperdomx.be
dga,charbot,cheaqtic1ets.at
dga,charbot,confqmerbankers.nz
dga,charbot,tumbo-casino.net
dga,charbot,tehranpjirots.nz
dga,charbot,vvnramstudio46.co
dga,charbot,in8refid.it
dga,charbot,clicksacypt.eu
dga,charbot,miner6aft-servers.ru
dga,charbot,2prunbws.net
dga,charbot,9icennaughcy.jp
dga,charbot,re76shbay.at
dga,charbot,guber4btor74.net
dga,charbot,kxndai-toy7oka.lv
dga,charbot,lahbdaddn.me
dga,charbot,lasprc3.org
dga,charbot,cas4no-vava5a291.lv
dga,charbot,ddrnasenchirerg.be
dga,charbot,caressjet.co
dga,charbot,namy-k.be
dga,charbot,independebtrestaurantcoalitikn.info
dga,charbot,exftbank.nz
dga,charbot,faber-castyql.org
dga,charbot,digibi7ds360.uk
dga,charbot,5taticpipefy.co
dga,charbot,sakecryptoworpd.eu
dga,charbot,qfadraj.info
dga,charbot,ersgrosp.org
dga,charbot,harves2goldorgan1cs.me
dga,charbot,vulkap-cyub.com
dga,charbot,spa7kwiry.it
dga,charbot,hongyuthem.pl
dga,charbot,lzokfantasqic.nz
dga,charbot,eldoradu-casi5o-qcv.com
dga,charbot,c9rouseisignage.net
dga,charbot,gddva1ds.info
dga,charbot,caravanpzrfs.com
dga,charbot,rotatembeemeet.lv
dga,charbot,ss7asinb.it
dga,charbot,hocti1gvibeone.nz
dga,charbot,3dvtwx2zohbzr.co
dga,charbot,eclesbougant.ru
dga,charbot,rzd-musdu8.org
dga,charbot,ayutnhsyaka.fr
dga,charbot,carkeyfepair.be
dga,charbot,azino777-mobi-xaya-4e.fr
dga,charbot,p3terno.name
dga,charbot,ch5isb-iesign.net
dga,charbot,c0ann7l21.name
dga,charbot,eco78miaverde.jp
dga,charbot,hea9lsssui.at
dga,charbot,rqx-caeino-rosb.fr
dga,charbot,zanzinetworkn.me
dga,charbot,nheltglhs.us
dga,charbot,bacdpac9ing.it
dga,charbot,oudluxu6ycollection.cz
dga,charbot,1azinrol32.fr
dga,charbot,leftin1nozs.pl
dga,charbot,xo-coxtact.nz
dga,charbot,linqhos9.at
dga,charbot,bere-dns.nz
dga,charbot,eskorjgirl.lv
dga,charbot,mangot9ee.name
dga,charbot,intelzx.de
dga,charbot,trdn2games.be
dga,charbot,kilesizing.me
dga,charbot,penapengaj-r.uk
dga,charbot,omc-stkppejonline.us
dga,charbot,2lub-do2.info
dga,charbot,pharaon-vipcazic5.de
dga,charbot,2i1ifeti.biz
dga,charbot,hyllos5gar.ru
dga,charbot,o6-bxyf.us
dga,charbot,bhassoci0tss.fr
dga,charbot,professyonls.fr
dga,charbot,edu-bjsiness.uk
dga,charbot,6vence.net
dga,charbot,ototopesign.be
dga,charbot,mlsprch9tects.biz
dga,charbot,hagesef.me
dga,charbot,r3mranger.org
dga,charbot,su6arlandplrtal.name
dga,charbot,sarkaqyojna.jp
dga,charbot,difena.ru
dga,charbot,myzenservq6.eu
dga,charbot,bkarlyuses.me
dga,charbot,qefzaqducpba.me
dga,charbot,vedillg.me
dga,charbot,aivar-pay.info
dga,charbot,mlhgge4xm.org
dga,charbot,happilyeqe8adventures.cz
dga,charbot,fordeapxcar.it
dga,charbot,best-vulgae.name
dga,charbot,curuduchen7e.nz
dga,charbot,itgiobkl.com
dga,charbot,aucskino.de
dga,charbot,envokbs.jp
dga,charbot,jilgjirib9o.biz
dga,charbot,m5therhoodsquardd.be
dga,charbot,gamexlfb.biz
dga,charbot,houseof8eed.it
dga,charbot,indid4s.us
dga,charbot,rus5ver.be
dga,charbot,ilepierce.fr
dga,charbot,c2zi7o.info
dga,charbot,ptdrviues.co
dga,charbot,necipesarcsimple.uk
dga,charbot,thebutterflydigital.jp
dga,charbot,kbtelejim.at
dga,charbot,qotifyvisitrrs.it
dga,charbot,inxeco3c.fr
dga,charbot,femmeedaujourdlui.uk
dga,charbot,dzplomeu4you.pl
dga,charbot,judcyhotties.pl
dga,charbot,logmeinre3cue-enterprise.name
dga,charbot,frexhdoge.net
dga,charbot,temra2mall.co
dga,charbot,wtokojvku.ru
dga,charbot,gyz-rakeua.name
dga,charbot,ros5andesigi.lv
dga,charbot,engoun.name
dga,charbot,snene-ru9.it
dga,charbot,therandoms4ngapor-an.me
dga,charbot,cgoudgrafik6.com
dga,charbot,iersates.biz
dga,charbot,fascayd.nz
dga,charbot,balnhce.jp
dga,charbot,7indhzayeen.it
dga,charbot,fjl-six.fr
dga,charbot,imagine-amerwea.be
dga,charbot,neweearchtoday.co
dga,charbot,hyu-daigbw.com
dga,charbot,t0wutatic.biz
dga,charbot,grahewby.me
dga,charbot,asbieqt.lv
dga,charbot,cericoz.name
dga,charbot,wbbspabner.it
dga,charbot,yeezysahoe7s.cz
dga,charbot,cctriafsxite.com
dga,charbot,1stakwarhtx1.uk
dga,charbot,cheapvkagramedicationprescriptixn.com
dga,charbot,minteapolissi4gles.pl
dga,charbot,2zbagk.us
dga,charbot,uesthq0allpapers.nz
dga,charbot,rafi0l9w.pl
dga,charbot,cu0idio.net
dga,charbot,xxellboundwigs.us
dga,charbot,visitnorwty.info
dga,charbot,4evzrstudeo.us
dga,charbot,rheumatologynetgork.at
dga,charbot,venverw.org
dga,charbot,bedlhostijg.eu
dga,charbot,siteunbloekew.co
dga,charbot,enrfque-dia7.de
dga,charbot,mykfxymatches.eu
dga,charbot,domainasset5amager.us
dga,charbot,spw9ngcircle.it
dga,charbot,distressegprc.pl
dga,charbot,abcdemefiews.eu
dga,charbot,fresh-casino-z0c3.at
dga,charbot,sp0ctrumboutiquz.info
dga,charbot,k5na303.it
dga,charbot,7ixfpornpics.co
dga,charbot,ushmanuals.com
dga,charbot,slubie524.be
dga,charbot,alfjownek.org
dga,charbot,baloynservautacareservices.me
dga,charbot,gnagt8.uk
dga,charbot,wnginebx.de
dga,charbot,cazino77h.pl
dga,charbot,ctmbridgehralth.ru
dga,charbot,iprospectcafck.cz
dga,charbot,radio-gji.info
dga,charbot,appduta.at
dga,charbot,avgtru.me
dga,charbot,0ppota.it
dga,charbot,jiansixa.uk
dga,charbot,online4harmack.fr
dga,charbot,zuucraft.eu
dga,charbot,k9ifeshadwani.com
dga,charbot,thqhyperverje.de
dga,charbot,5yptek.name
dga,charbot,mircka.name
dga,charbot,wr81kaim24.us
dga,charbot,noqginapp.lv
dga,charbot,runqulab.pl
dga,charbot,bets-bc-qsf0c.pl
dga,charbot,emo9ifznder.uk
dga,charbot,0ingvinus.biz
dga,charbot,-okcmr.org
dga,charbot,koooragtal.it
dga,charbot,oolanddgz.org
dga,charbot,vzbuest.nz
dga,charbot,lovesit1srehiews.ru
dga,charbot,zonbinar-.name
dga,charbot,halpi4ce9tre.nz
dga,charbot,304-pimefivtings.name
dga,charbot,fcnalforms.name
dga,charbot,salmoilaghievigano.be
dga,charbot,7jtesting.name
dga,charbot,leartaer0space.nz
dga,charbot,4h0mei.it
dga,charbot,po1adika.us
dga,charbot,za1abajouk.pl
dga,charbot,gl1rmtrade.jp
dga,charbot,mcktou.at
dga,charbot,museuoscar4iemeyer.at
dga,charbot,sewmmdernbaws.org
dga,charbot,hj-8think.net
dga,charbot,ea7ahealthcare.pl
dga,charbot,go1aen6.eu
dga,charbot,pruffmhoab.com
dga,charbot,carthandt.me
dga,charbot,leclubvesouristes.pl
dga,charbot,hashtagdreinlmentos.co
dga,charbot,zvezddbgleta.lv
dga,charbot,9iplomidkirov.me
dga,charbot,c9euwo.lv
dga,charbot,aczess-csntrol-host.name
dga,charbot,5as5ops.uk
dga,charbot,m2keupstore.cz
dga,charbot,dailynewshunfarq.com
dga,charbot,best-tech8deass.me
dga,charbot,ctsh-play-0vtomatys.de
dga,charbot,sc-ofsys.de
dga,charbot,ho5ardcd.eu
dga,charbot,ic-nancy-tetz.de
dga,charbot,ksrpakino.nz
dga,charbot,bbcnewsdorlq.de
dga,charbot,leoncasi-s.eu
dga,charbot,djoilsthumbranch.fr
dga,charbot,c8stofvial.cz
dga,charbot,cruisecritj7.com
dga,charbot,skarapkio.info
dga,charbot,traemetkl.nz
dga,charbot,vpttajuk.info
dga,charbot,zgilm-hd-2n51.me
dga,charbot,theo3trcalstreet.pl
dga,charbot,azaztplaylasino777.it
dga,charbot,siuecougk-s.ru
dga,charbot,hultitheftaut4.lv
dga,charbot,mon-exyert-en-g3stion.de
dga,charbot,infectiousd5seasladvisor.pl
dga,charbot,thuonxao.cz
dga,charbot,rue-mwreue.me
dga,charbot,pgesilr.co
dga,charbot,openbsyste5s.fr
dga,charbot,msuwa4j.com
dga,charbot,sotlandhnalth.net
dga,charbot,le6rvcram.biz
dga,charbot,hxslats-dwx.name
dga,charbot,wi4d4ren.at
dga,charbot,fihallyfhx.uk
dga,charbot,viktoriabana.org
dga,charbot,kgyoup7sales.cz
dga,charbot,elsydo5.be
dga,charbot,itsn7ereasy.name
dga,charbot,7yrposhta.nz
dga,charbot,uo1themarketworks.ru
dga,charbot,examenesmedicosocudaqionales.fr
dga,charbot,8ainn-admin.pl
dga,charbot,heozilra.be
dga,charbot,vrlandoeecovery.net
dga,charbot,flayrwght.us
dga,charbot,ertec-xeurope.co
dga,charbot,mrandcasinotabmes.name
dga,charbot,rox2asino1027.jp
dga,charbot,0ranshybr3d.cz
dga,charbot,rarijskottage.co
dga,charbot,3kwinl7ne26.fr
dga,charbot,bbe9oune.eu
dga,charbot,dumito.cz
dga,charbot,melbet-lom1.com
dga,charbot,wigwama4izona.biz
dga,charbot,sevtolit.co
dga,charbot,brgases.pl
dga,charbot,guysepec6or.me
dga,corebot,lkhylm0mhyfuhg.ddns.net
dga,corebot,s63234wluv5v365bwp5.ddns.net
dga,corebot,afe6mfy23xcxgfa.ddns.net
dga,corebot,7rsl1f34sfq0oj3jwvmfa6c.ddns.net
dga,corebot,ir7l3po0gjy8ypqjm8o.ddns.net
dga,corebot,3lgrupwdivsfm2w4kng2iha.ddns.net
dga,corebot,i8a0q2wdu8otulkfylo2gdq.ddns.net
dga,corebot,kh1her76avy0qnelivijwd1.ddns.net
dga,corebot,ubgp1f1han7lu410eh5.ddns.net
dga,corebot,uliry8knadmpmdm4wti6oro.ddns.net
dga,corebot,g85j7rs4apkfmlqryh7xq6s.ddns.net
dga,corebot,7xcfq4u2ghstaxer5ne.ddns.net
dga,corebot,7xcbe6wtg0o2i0odq6kjyns.ddns.net
dga,corebot,o4kjcxapejwl3h5x3j1.ddns.net
dga,corebot,ghqnw4gle8q2qti.ddns.net
dga,corebot,itgvo6wdwxynmf7v56i.ddns.net
dga,corebot,e8yxa6wfu0yt1vk41xm4k83.ddns.net
dga,corebot,76o2up3p5ly830cho4et50s.ddns.net
dga,corebot,s25be0k0mdgn7hg8ot3fgr7.ddns.net
dga,corebot,eh5favql7fwpmh1.ddns.net
dga,corebot,storip3l7dsdunybebc.ddns.net
dga,corebot,7hidw470qxgjch1nwfw.ddns.net
dga,corebot,1pwr1taxotk4un32gfo.ddns.net
dga,corebot,wrw0w2ulqxcn7lm.ddns.net
dga,corebot,gjw2ini65xi6qr7p7tq.ddns.net
dga,corebot,ybylsvo0ahwpe2i0mdinibo.ddns.net
dga,corebot,mt58e2yvibepeps2mvm.ddns.net
dga,corebot,ebsrkdw2ef32ct3hijen7pm.ddns.net
dga,corebot,u4etk4uta4ang47.ddns.net
dga,corebot,qbk6itife8w2excl3pafsn7.ddns.net
dga,corebot,m0mpihgtmbg05f5dmtax1hq.ddns.net
dga,corebot,gbkdglg2c0q6o6s8ij1.ddns.net
dga,corebot,q072mharq4mpc2y6y8a6i4q.ddns.net
dga,corebot,3fgbyfmxkl5n1fkbs8wjqfm.ddns.net
dga,corebot,c2o8k2ynet72mpevcv72avg.ddns.net
dga,corebot,5h3tkn1psb187xgfghi.ddns.net
dga,corebot,yx167r3nirwbsj70cta.ddns.net
dga,corebot,18i2ejw4ctspqx7.ddns.net
dga,corebot,7bq2qf7hixw21du6of3.ddns.net
dga,corebot,snup5t5tyv1x7pyfoba.ddns.net
dga,necurs,nccojqvabqvkiwhj.mx
dga,necurs,hoedwwwywnmmbi.ac
dga,necurs,aeaeneaoinf.mu
dga,necurs,ccecggc.us
dga,necurs,mfffpmgtplxbyagbtegh.com
dga,necurs,thlxuwnadtdtsm.biz
dga,necurs,edkomqpeufjyafccj.in
dga,necurs,mxomklaqau.pw
dga,necurs,nvutiptwteltin.tv
dga,necurs,nhysbiomr.ir
dga,necurs,djfhjxccovr.ir
dga,necurs,xrghfxxwlffmrnid.ug
dga,necurs,etytfhqsaqt.to
dga,necurs,hlgaqex.nf
dga,necurs,odxyaqovumdath.ms
dga,necurs,munxhmmewpelnawkjcl.net
dga,necurs,boatlgg.su
dga,necurs,uwoanatvshdsfquingxts.mu
dga,necurs,krstovo.ga
dga,necurs,daiitqvwpaaknqteibc.ga
dga,necurs,jtcbsndoesan.pw
dga,necurs,okwkebhis.sc
dga,necurs,gggkjrcasfgbuapmbndqp.sx
dga,necurs,baymcbkunsowfbxawolsj.cc
dga,necurs,wtsccaegesfr.tw
dga,necurs,tloofcwwvjdloohvyi.com
dga,necurs,eimgbatxaoiffdfrus.cm
dga,necurs,wuqpcaduqlbnypqjx.tj
dga,necurs,yiqmmbmpikroclgivnsi.sh
dga,necurs,cyoihkpwogoiavaoqssg.pw
dga,necurs,rbsqnfrjdrxwcaoxyxcb.biz
dga,necurs,xgyjelufyqnrnr.eu
dga,necurs,wsvdqmf.sx
dga,necurs,fojiglkqhypuc.xxx
dga,necurs,dqxpjdjijnftsypfdy.pro
dga,necurs,cjuopdoabektsfsov.com
dga,necurs,scebqhfksxovit.mu
dga,necurs,uuquyosuiadsxgaihkm.pw
dga,necurs,mkfhopk.ir
dga,necurs,pygmroaayow.tv
dga,necurs,kdvmrtvwyb.ug
dga,necurs,bapotcuiuurow.cx
dga,necurs,jehuodrjprqkurde.nf
dga,necurs,cjprwovofpph.cc
dga,necurs,lfjdoxjgygkimau.ir
dga,necurs,gwrjcdeigxsxecpsvxdni.eu
dga,necurs,mhfxrtophna.com
dga,necurs,aojmpaeqab.de
dga,necurs,ceuvsjetqtfgx.la
dga,necurs,bfyhykbpvvkstfyn.sx
dga,necurs,kqpljwboetcpv.kz
dga,necurs,nmgdeajidifftv.sh
dga,necurs,aofocja.cc
dga,necurs,tjddmnbuhfwthpvpwxpkg.pro
dga,necurs,kfflcdvoi.pw
dga,necurs,hrfeqavqrephsayeow.in
dga,necurs,tynjjanrcqormlhbqqtfm.tw
dga,necurs,yukpbpdggeswrkxrkbyc.ac
dga,necurs,fnhwels.to
dga,necurs,iorogpnica.mu
dga,necurs,bctvcqjvta.net
dga,necurs,vnsdvkpkyljrogl.so
dga,necurs,bmmnwykgrweowdlw.mu
dga,necurs,acudttssfhsg.eu
dga,necurs,uusddqmwn.sx
dga,necurs,rgfnubvqnpp.kz
dga,necurs,kxfgxkeulglemisrtk.ug
dga,necurs,ujpempigcmrefcf.so
dga,necurs,cnmcgbey.ac
dga,necurs,dbbwiafj.org
dga,necurs,pijffjpwtrjaivnupd.cx
dga,necurs,okgqaerdhbhejaqkb.tj
dga,necurs,ehynlkowbqn.mu
dga,necurs,dcitctduuebgyc.pw
dga,necurs,vuvytdusteckrqtcexm.us
dga,necurs,ohcaljfdcagga.ru
dga,necurs,andvkigsxff.tj
dga,necurs,ryakbagdxdfhipixrykq.ac
dga,necurs,rkbxxwee.eu
dga,necurs,iqpwbymhwuowtns.us
dga,necurs,kleafmcnompbd.org
dga,necurs,gnagrppjsmvdrjrrmbh.cm
dga,necurs,vyncfpkivtmqx.xxx
dga,necurs,iamfeachhoeqqjebvap.nf
dga,necurs,waelgqdyy.su
dga,necurs,gmcersdwjftnsfmupn.kz
dga,necurs,dwulcckyc.cm
dga,necurs,ucihqaue.bit
dga,necurs,mnsufsmcqtempy.me
dga,necurs,obernxfyppeyimegtryp.cx
dga,necurs,xjaartwqnafpbrlsqded.la
dga,necurs,obcxgiqlfnpqkvksj.bz
dga,necurs,buklumwuqvm.tj
dga,necurs,qqwsfpw.ug
dga,necurs,wsydtrpkuremsf.bit
dga,necurs,ttigxmjeh.nf
dga,necurs,bwbtbydd.ki
dga,necurs,lvfjkcoj.us
dga,necurs,pmgdndriuncgfnpxfrsl.in
dga,necurs,tlsqhatbd.to
dga,necurs,twmoslqoim.biz
dga,necurs,djwraxtr.ga
dga,necurs,cvunspsbfxhqtabcbdgdj.bz
dga,necurs,duypoac.cx
dga,necurs,oewloiqf.ug
dga,necurs,tnheqbyguvpbl.com
dga,necurs,yvfochuqamrerdntotl.org
dga,necurs,nnajpjhy.ga
dga,necurs,nmorplw.eu
dga,necurs,elngubfatbetwb.ms
dga,necurs,ovsjfhoxw.so
dga,necurs,fqubewof.im
dga,necurs,vuladeodujfia.cc
dga,necurs,ivflgtbqj.us
dga,necurs,mukebsfkotrgoysgsdtwb.bit
dga,necurs,ujlkqktsjamrhennudn.nf
dga,necurs,fajqfacgwwxhpt.de
dga,necurs,bwjynnqtqr.co
dga,necurs,mtogiiepwboqryws.sc
dga,necurs,bdborspmhroxbcooqg.de
dga,necurs,obdeltkee.xxx
dga,necurs,kuucpurhghlxr.ki
dga,necurs,fspkvae.to
dga,necurs,gsigjoasyv.sh
dga,necurs,ufdblymhqe.to
dga,necurs,ohudofujjbylxouitb.sc
dga,necurs,fnouugnqonm.mx
dga,necurs,ndvurqygdct.ac
dga,necurs,lbghbwktjsequihqbk.jp
dga,necurs,sgdoxfp.kz
dga,necurs,ajifyadsfv.tw
dga,necurs,dtjowna.pw
dga,necurs,hoxjdbonpkhj.sc
dga,necurs,fpwhyfsmhxub.tj
dga,necurs,vardeqdtwcni.ru
dga,necurs,mfgljtcpc.to
dga,necurs,ayrmwson.nf
dga,necurs,qjobtnwipawqpgvsvsj.kz
dga,necurs,ljwmjktefccqr.tj
dga,necurs,gooljfe.us
dga,necurs,eaidcwhofxefwxbqkme.su
dga,necurs,xuolvmdgujodvpxerfcr.sh
dga,necurs,ofyyypprcjlwj.cm
dga,necurs,wyikmhuvompliloqjur.xxx
dga,necurs,hckapokjavn.nf
dga,necurs,auksrdslrgtcsvcogt.tj
dga,necurs,kabwlxl.co
dga,necurs,idtnmgbii.ki
dga,necurs,natvnjgwhi.pw
dga,necurs,lmxthkj.in
dga,necurs,beyyjavwraxec.ki
dga,necurs,bdpsyyfafpafiegd.so
dga,necurs,lsvidoamwawhnjyt.me
dga,necurs,yihdcpcsratovfw.pro
dga,necurs,hvnyefhnclngoduianhtr.me
dga,necurs,qycqlnqxfgsfgeqljsj.cx
dga,necurs,xjxxqbuianielsjsw.eu
dga,necurs,gpdihtsq.de
dga,necurs,jposbnjg.biz
dga,necurs,qkbswjhaglqcxygegll.org
dga,necurs,ccscnliaetlrhxuil.cx
dga,necurs,giafbhtb.us
dga,necurs,ngnmgwlppvg.la
dga,necurs,ivdfqsx.bit
dga,necurs,ocunnfkicx.com
dga,necurs,bjxyycijoxwmwugrlwdu.ug
dga,necurs,dumyqxlihotgnwacympk.in
dga,necurs,rqllevgrcklrlg.mu
dga,necurs,qpbbhmrkktrwiy.pw
dga,necurs,dfwpnet.mn
dga,necurs,xkkhdlxiyxbqhpvmf.jp
dga,necurs,jhfavqwahvkjk.biz
dga,necurs,wxoyqec.jp
dga,necurs,oncneakmofoudoiw.su
dga,necurs,xcfpywmheildfvh.sc
dga,necurs,jlaawfxxkrvewaivvmh.cx
dga,necurs,cifljndgil.xxx
dga,necurs,ogcasfyvbifuqi.us
dga,necurs,aqfbbko.nf
dga,necurs,bkkqefhdheeu.mn
dga,necurs,woqtuhhkrgkldymp.tw
dga,necurs,gehsqhtog.ru
dga,necurs,fxqyutfeiexowia.com
dga,necurs,dafbxtyconpehfygevfs.tw
dga,necurs,nnpenurwrto.sx
dga,necurs,lkkcebe.su
dga,necurs,uparafjorctcygovj.de
dga,necurs,dmntafqpsijkpth.tw
dga,necurs,cbqjuoifbg.org
dga,necurs,niblhhivdaalejentp.net
dga,necurs,biefuakui.cm
dga,necurs,wrbslrgmp.net
dga,necurs,ujrcoatyx.eu
dga,necurs,fstnnwidoihruxgqgqdxi.pro
dga,necurs,hrhaaqvcoqqlswmvsfe.de
dga,necurs,jfpbxylmkxo.ir
dga,necurs,rkmghqbcxhuqxvjiofyw.com
dga,necurs,icwjmnquaprdmhheyfv.la
dga,necurs,mckvvykew.nu
dga,necurs,fblebvqfn.bz
dga,necurs,yasykcuvtane.ac
dga,necurs,tcoctcuxbgxi.co
dga,necurs,gsqimhuhvbxjpgxney.tv
dga,necurs,alxcnur.pro
dga,necurs,dlynqvjyf.bit
dga,necurs,akeutgfxvleqajlmimi.bit
dga,necurs,jyeodusfarhyeowpwg.ki
dga,necurs,tkoaaarrynrhhpawyn.ru
dga,necurs,csimynuxievjseaigihbe.co
dga,necurs,fbnnvnbqsps.pw
dga,necurs,ugnsnsiftbsxpona.cc
dga,necurs,aaejtkjfqbhs.eu
dga,necurs,olaeolkthj.net
dga,necurs,shlvmvjfhxvkj.sx
dga,necurs,ljrrmjtvejwrdugnov.jp
dga,necurs,ubnvvklvpupljnmwtlbwu.mn
dga,necurs,wfmctoctwfqebeesomay.ac
dga,necurs,bfgfkpblswglcblyhmv.cm
dga,necurs,tlhybimucvxfurbiqr.sc
dga,necurs,ogivermggelfedmfkbk.mu
dga,necurs,veuvvvilkkdldrijr.ms
dga,necurs,nearpboxhsxrqcohbbrx.to
dga,necurs,ptxqgqwmhv.co
dga,necurs,mhdytevuwfd.tv
dga,necurs,thljyywvym.cx
dga,necurs,akfwoyufgxyivfhudiftg.bz
dga,necurs,nmaesmytgtguefmxchy.kz
dga,necurs,vaekpwyw.pro
dga,necurs,jqxergh.kz
dga,necurs,hnufxwfbjdppyyvkaq.sc
dga,necurs,vwelspq.org
dga,necurs,ymnynlqifn.nf
dga,necurs,wwddwule.la
dga,necurs,aovgbbw.ac
dga,necurs,nyjadufgbekqyvhya.ru
dga,necurs,atntnydhxk.cc
dga,necurs,apiofiiuhmurcnqxulo.sx
dga,necurs,niscvajgqchanvfpumcoa.tj
dga,necurs,sivmyyspvricyjh.to
dga,necurs,gnwrhjxadukxj.xxx
dga,necurs,yvurbppsfkeluf.sh
dga,necurs,wmqobltcswecsmetdjr.im
dga,necurs,rcabljdyoqqfxxhvidu.mx
dga,necurs,wcklhfq.im
dga,necurs,eqfyskxcliibmafmcqr.sx
dga,necurs,gpvbghcpsoxfknifij.ru
dga,necurs,toelgqrxloftwepxyufr.ug
dga,necurs,rljsgciaonnmevbryktwk.ug
dga,necurs,cvykbqqeq.so
dga,necurs,gdawayuemecwapxdj.mn
dga,necurs,cysyrte.mx
dga,necurs,onlrwhbhgl.mx
dga,necurs,ajcshttnavmounjyuc.ac
dga,necurs,bdstogpahhb.jp
dga,necurs,gxjqrvoyfnkuog.mx
dga,necurs,frvkytqqnlcktno.me
dga,necurs,vgriwykjhp.eu
dga,necurs,ncwrtjgdjuaneqh.cc
dga,necurs,yoibxpqbwxwffejenc.pro
dga,necurs,tdkckfel.sx
dga,necurs,yoeiefhanrglxntdadc.cm
dga,necurs,cktqretwpowjaiu.ug
dga,necurs,vfoxrcgerrisv.ug
dga,necurs,tmajkgjxryniwlcpsxco.cc
dga,necurs,sholhutecft.to
dga,necurs,tsmlyquigcfvvdjcihh.su
dga,necurs,vcgqbpjnvv.ac
dga,necurs,ulvvrfffvhlinhfpq.cm
dga,necurs,csntljoirqsjjvh.kz
dga,necurs,vuahvjuaefdxkkbm.eu
dga,necurs,lquweivsab.sx
dga,necurs,xbrbtgjuulb.so
dga,necurs,hdweeihfym.biz
dga,necurs,svxbikfoixjwiucvxhf.tw
dga,necurs,huidtfgehstmvjiyp.cc
dga,necurs,sgnngiuytxjtlmqqyou.sc
dga,necurs,gxrfeagdqmvfadkp.tw
dga,necurs,mevnigpmroioyjyulcn.ir
dga,necurs,oppimvvsjec.ru
dga,necurs,oesqgspxmamhpcnihocbf.kz
dga,necurs,fisnnadvwhpqqbkdy.net
dga,necurs,esssxkqmabdmvm.in
dga,necurs,wdeurbf.sc
dga,necurs,cbinhwyhsxowqqnxhs.org
dga,necurs,sdakaoyjiwyu.jp
dga,necurs,yiytvguvxrqwta.nu
dga,necurs,xkhgopbnw.ac
dga,necurs,ipepnkfhmulgsa.mn
dga,necurs,aysvycclcwapeiwsncng.im
dga,necurs,nfbnlrkugd.mu
dga,necurs,ngvvrmpjonwxfgdcs.sh
dga,necurs,itgmiueuolacgamnsju.pw
dga,necurs,btochrjaxjgwvkhkmmcws.mn
dga,necurs,pjfcpuiptedpaognlqud.co
dga,necurs,ifrhtrnktwcgrhjjlv.jp
dga,necurs,qarcpsnyfw.sh
dga,necurs,gkphrlrysxkdxrexpkxh.sh
dga,necurs,vnjaksgj.mn
dga,necurs,kfvhvvk.ga
dga,necurs,kpqkdvkdykntpab.ac
dga,necurs,ecdvsanmswhhmytc.cm
dga,necurs,xullbbjqgubrkdejeblx.sx
dga,necurs,gsavgecxrubtxxrr.to
dga,necurs,bwnwiborsr.xxx
dga,necurs,durpekcrbuowcoamey.mu
dga,necurs,bmthsxkmmc.ac
dga,necurs,xwfvhjgbadsngfjmyt.mu
dga,necurs,oecsfsgctxtlyh.bz
dga,necurs,rhxgqehggomsvgl.mn
dga,necurs,aftodksqiekqaagy.jp
dga,necurs,rccijicufxux.jp
dga,necurs,jemlglcxdailvkpga.ms
dga,necurs,drucreqslrihsjwtxfiu.com
dga,necurs,lwtodrcpveo.com
dga,necurs,otgrwqtgyvbm.biz
dga,necurs,ykgwnqucfcfsb.cm
dga,necurs,irirsrhhtduwflrk.cc
dga,necurs,adsumqkny.nf
dga,necurs,oplqtbjsvrgmuwbhyqwq.sx
dga,necurs,jnyxfesfqhhwwv.com
dga,necurs,fqxuudhlaa.ki
dga,necurs,bfsmssngkcumretdn.kz
dga,necurs,tfcgalkrjcgdyrehax.in
dga,necurs,alnsqgpupbip.pro
dga,necurs,hkakrdlhrvmmcayv.eu
dga,necurs,xdjpqrjjwxhqfqiywddfp.ru
dga,necurs,lumsubmkxubkqmuuq.bit
dga,necurs,goedrfgv.de
dga,necurs,afcavpucikpinhjj.cm
dga,necurs,qbyeutqgsrgrdd.mu
dga,necurs,fippmnjxebuptnjlpuw.im
dga,necurs,wrqutvmtbeognwxypvp.bz
dga,necurs,vxtvysamoqmqmqgjyeenj.so
dga,necurs,oukctouhvcxjaartavm.org
dga,necurs,woncbqpqscbvagqdinuu.xxx
dga,necurs,cqufdsagose.ac
dga,necurs,ootsxwemctcslemef.org
dga,necurs,jfcunkhtqgcnkona.tw
dga,necurs,qejtbjpdlx.ki
dga,necurs,ypjxehe.kz
dga,necurs,fsawbxsxkjatywawe.nu
dga,necurs,idoytcoa.xxx
dga,necurs,wybtgwgysetlbrniolg.com
dga,necurs,ehomkomt.com
dga,necurs,wljgqwoduhxlob.mx
dga,necurs,atygyoyg.co
dga,necurs,rhqgtliukhk.me
dga,necurs,sijubft.ki
dga,necurs,wkjsggohhlhja.kz
dga,necurs,qbpiikohmrombk.in
dga,necurs,criaiqocboeie.ir
dga,necurs,coclnponkdox.su
dga,necurs,uhkeetssajdkt.co
dga,necurs,caeuqxpq.biz
dga,necurs,lsopqsh.bit
dga,necurs,ubhmtenxtiphrwxoumocr.us
dga,necurs,qqlrcgdka.xxx
dga,necurs,jlotciepwwfcwnl.bit
dga,necurs,kmuyynlqwaqkw.de
dga,necurs,kclilxxkphinmvondpba.eu
dga,necurs,cjkbqoxsv.tj
dga,necurs,mqbdhmdvyid.tw
dga,necurs,aynarylm.to
dga,necurs,rfxgcpbiosjuflrv.cm
dga,necurs,miibpha.ac
dga,necurs,ienbjwaksqerencpqx.ms
dga,necurs,qgbrkbaywkuovaoetdcf.ru
dga,necurs,mfuifwwekjy.ac
dga,necurs,riyovowqvebvwwxntr.tv
dga,necurs,jvjklajtirkioyhi.co
dga,necurs,aeavgcdnpsjxtl.xxx
dga,necurs,ksngsbyyrxrmuugqn.cc
dga,necurs,ytkdlfgdy.cc
dga,necurs,fjkeyquufujxmtypyrx.mu
dga,necurs,ivpqidswhtaooc.im
dga,necurs,dxdfbbiqstkbowbdxqe.la
dga,necurs,nxebckkslxjjeruxh.to
dga,necurs,htrqddcqvhhgrmhii.me
dga,necurs,buqkrlru.ir
dga,necurs,dvquklxbl.cx
dga,necurs,atwdeyftby.nu
dga,necurs,xrtjwkrcbmbsgkekfyvp.biz
dga,necurs,exqapqjuannikmtkswh.cc
dga,necurs,babjplsy.co
dga,necurs,jsimxomxtdyjksxlq.la
dga,necurs,lfqwypyccj.sh
dga,necurs,noxvlmtmnfcsv.to
dga,necurs,gnheswoj.tw
dga,necurs,caggchnumevft.mu
dga,necurs,asgyryseumtonsrcneh.xxx
dga,necurs,bcxwinsoqdixhpsf.so
dga,necurs,pnwpklkjoexdpvaju.la
dga,necurs,dcgjoab.tw
dga,necurs,xmlcrtivaavod.in
dga,necurs,cofgjtyklsewr.sc
dga,necurs,arvkkxybinhnm.biz
dga,necurs,sxydawycykweviedlvrw.mn
dga,necurs,smxhfxsxnfhlgd.cc
dga,necurs,styjuuvxf.ir
dga,necurs,ycihfhohjsi.mn
dga,necurs,smixdbnuyjn.pro
dga,necurs,gsawwyeclsdvegpgtgp.ms
dga,necurs,ckidjctf.in
dga,necurs,lnppvlsrfryhbma.pro
dga,necurs,ullqjxatqxuw.eu
dga,necurs,fcnvyacd.bit
dga,necurs,pimukbhapx.ru
dga,necurs,krcwjrdb.sh
dga,necurs,mvewvulneutqxyb.ug
dga,necurs,eankuodtgrgmeucto.sh
dga,necurs,mfuqnkd.su
dga,necurs,kjuywyvjkjiv.org
dga,necurs,hheobodsnqbxuili.bz
dga,necurs,bjsehrtij.sx
dga,necurs,xjtqvkoqsjrmuhy.tj
dga,necurs,brrwtosettylinv.cc
dga,necurs,hufhiqcvsi.ru
dga,necurs,fjxnqwxsrddbbikbrk.mn
dga,necurs,rpjnafl.ac
dga,necurs,djxibnyqascf.ac
dga,necurs,gihooubowtpnhdhanksey.su
dga,necurs,vyxhvjexm.us
dga,necurs,ypvwdbyku.cc
dga,necurs,awfwjeoja.so
dga,necurs,frepvcrmusnqvbtaqp.sc
dga,necurs,tcitoiwil.mx
dga,necurs,fxjwkguwcgdnhgptdg.ki
dga,necurs,iohjoan.sh
dga,necurs,ijkuhedbcrmyw.ac
dga,necurs,rwrlufndbnhqtrqalxx.de
dga,necurs,ryxkhdptawdyo.su
dga,necurs,bunagvjlbxegnbive.mn
dga,necurs,chnjsrhutve.cc
dga,necurs,dglsfevytuvaaojbwqn.su
dga,necurs,gklpdnkkutc.cm
dga,necurs,yfcmneiqjcuefxkrhls.sc
dga,necurs,avwpxdmcborgmcp.org
dga,necurs,jnixijn.kz
dga,necurs,wjwftmqx.com
dga,necurs,gslybgluc.eu
dga,necurs,tlkijlpngxtlxcmrvw.ms
dga,necurs,aqqtpxrfqi.im
dga,necurs,hfkkmuherehoa.de
dga,necurs,joxvxsiwriwrhrrfump.tj
dga,necurs,mbwgjhicc.sx
dga,necurs,lshdmtlnvrcdedirifd.net
dga,necurs,hjgmemattfscejuikk.tv
dga,necurs,qdxhuibwdmlxm.ga
dga,necurs,ankjpuup.ga
dga,necurs,mxtateaduyyogend.cx
dga,necurs,lqdvxmihhsxqtijrgrxg.sc
dga,necurs,xclbupv.sc
dga,necurs,aqbvxxohvxaeimuvqiups.cm
dga,necurs,hvmesdwknwqrkr.nf
dga,necurs,mevhnipibktgswbjxk.de
dga,necurs,gcksjmrpecbrmbbpwvac.biz
dga,necurs,fjeemldeinp.ki
dga,necurs,geamgskvu.pro
dga,necurs,ehmkmiejpxuc.mu
dga,necurs,axnihoevikwwv.ga
dga,necurs,dbkyhahwpnqelgkchns.com
dga,necurs,mctfvdhhvsmvfbqctxjfe.im
dga,necurs,yqqmmgcnilllflkksyl.co
dga,necurs,gcqgluirto.sx
dga,necurs,ejqdpee.us
dga,necurs,syhhgrys.com
dga,necurs,niqnkriwkbclofp.ki
dga,necurs,ugoevqnqmqcpmwychla.la
dga,necurs,mnpcttlefo.xxx
dga,necurs,citaqwood.jp
dga,necurs,gmvfaggim.ug
dga,necurs,rbnipmdepbfoaxs.ir
dga,necurs,bldqepalpu.net
dga,necurs,lyudyvenhqba.mu
dga,necurs,leldwyhsmn.pw
dga,necurs,ukdfidiihgv.ms
dga,necurs,qrhtlnvxoabivdgfckj.in
dga,necurs,oyaahaxalkxhlijfxo.tw
dga,necurs,nfkenlcb.tw
dga,necurs,fbhxcnrgp.tv
dga,necurs,gnaroetpmsymxkpqseng.ac
dga,necurs,tculuaotb.bz
dga,necurs,joqwupgdct.mn
dga,necurs,bjoataperyyvlpmabjemt.sc
dga,necurs,bondgfggjxumfaihoecjs.ga
dga,necurs,nentklcjlbnpmljm.cc
dga,necurs,cmuheyfmxfrtpu.de
dga,necurs,gxycpqyunypiob.nu
dga,necurs,vfjfutcaxrpiq.ru
dga,necurs,nmwruynkdjwxruld.com
dga,necurs,illdkjoybxtwjjyy.eu
dga,necurs,gwbqwuf.net
dga,necurs,fyxjfveufwritbcqrklut.org
dga,necurs,bojdyvl.sh
dga,necurs,rckndwukyf.pro
dga,necurs,sbpykup.pro
dga,necurs,fsbagwmcwlpuyjdkvvpcu.ki
dga,necurs,bkweqbbghdcbfdw.sc
dga,necurs,qutdpnjoscimib.eu
dga,necurs,odgqwbturepbfcknct.nu
dga,necurs,iotwbcrgnfborvsx.ir
dga,necurs,eytccyu.ir
dga,necurs,qcitaebjnxilh.tw
dga,necurs,kfvirecgsvenncegqi.im
dga,necurs,vxlnkejpoxnqvmao.in
dga,necurs,yuadkltskagkmbpn.jp
dga,necurs,xnxkvmtjfoulkqtml.ug
dga,necurs,jygcrcoxydgrpfxnew.mn
dga,necurs,cjrpthtrvtdndjhbvejmj.sh
dga,necurs,dgsjalsxvoxuw.xxx
dga,necurs,fofsmdgaloyqht.in
dga,necurs,lquhsnxsgjisp.us
dga,necurs,vchanrhbdgdupgdwonpa.eu
dga,necurs,ftswjkpwlpjoqt.ir
dga,necurs,nndibmwumdxnuw.pw
dga,necurs,wtvliiato.so
dga,necurs,rgradaxnhqtcgdld.sx
dga,necurs,cgwrgdnrywl.ug
dga,necurs,pfayospbrpnwlyy.cm
dga,necurs,esbamyyutkwxewrn.bz
dga,necurs,nvpdblupx.xxx
dga,necurs,aevokod.org
dga,necurs,ksmubyuldmjbfdstfwxp.me
dga,necurs,wmlcvycfqtgutuwrtapc.co
dga,necurs,bpscxvvkgjpuue.me
dga,necurs,hogttkhynhysrbpq.sh
dga,necurs,niinavabybsolrwlip.nf
dga,necurs,bnqtwcmtklqhvfuaa.xxx
dga,necurs,babjlsdwvdyw.ms
dga,necurs,oelgyyrmtvgxppkwhavu.sx
dga,necurs,vhibcfdvbki.com
dga,necurs,ptqybxojlpagdgvnc.net
dga,necurs,jvufxninwyminio.im
dga,necurs,qxkyqlyqdbc.ki
dga,necurs,brgahdvjbprlrcjr.bz
dga,necurs,kybpqfmyjalbanwbamn.sc
dga,necurs,vuoshhnctanaoi.cc
dga,necurs,dwqktdmyvceatejehemo.so
dga,necurs,xjmqjemfqjacyuqccl.net
dga,necurs,ougrayk.eu
dga,necurs,ecuwnfdwugxglnpuwme.to
dga,necurs,rrolxjnsn.sh
dga,necurs,rhgexjrhpymqchvjxlvx.in
dga,necurs,tgcfclmvbptvq.mn
dga,necurs,bkckirbqaak.cc
dga,necurs,gyseaoewlykiyrdqy.mx
dga,necurs,vvnfqqbjaliiyvvcqst.sx
dga,necurs,gfckgivbywghxhcgnk.kz
dga,necurs,vbrpkgynhoa.nf
dga,necurs,xhwbvwlxxdxlbiqfadhs.xxx
dga,necurs,jaiqjdsrvg.sx
dga,necurs,xvjrtlmqsjymlktepj.us
dga,necurs,hmimkgennpgvbhymosrln.net
dga,necurs,bxidqmbpgpocs.sx
dga,necurs,qncqsdxgggdfqgfy.tj
dga,necurs,knbwckqisom.ug
dga,necurs,vjtysmeiwdbhndythq.ki
dga,necurs,sdfnqdelgfhy.so
dga,necurs,adiunar.cm
dga,necurs,kstlwcwbnc.ms
dga,necurs,uwmtmwyn.nu
dga,necurs,nntjuep.pro
dga,necurs,rkppckeidpywidlnk.org
dga,necurs,xtkbsqyxdx.jp
dga,necurs,nkvqoorm.net
dga,necurs,uqjukvkbsvjdlcfa.la
dga,necurs,bcckwyxsegebh.ms
dga,necurs,onubptkvdyu.pro
dga,necurs,gegkkfyelvik.net
dga,necurs,erwpcrwmtrhumqs.mn
dga,necurs,vqxbxeemg.sc
dga,necurs,ipghdbqupvmkvyu.xxx
dga,necurs,bmotxrxccnyewhxklsmws.biz
dga,necurs,hhivcouklwucl.de
dga,necurs,bhcgbjpvfogsr.ga
dga,necurs,wlsrsguiglriawbs.cm
dga,necurs,ispijdvwpmliwerwgdsll.us
dga,necurs,newkxtymnvnblsoc.cm
dga,necurs,nciatrl.de
dga,necurs,mbbyyctmniwnnpxqfyx.pw
dga,necurs,nnimyltbgqqfxoucjucp.tj
dga,necurs,mawbailnd.com
dga,necurs,xruomnjuqc.eu
dga,necurs,euvlfbofrlrsxouwn.sx
dga,necurs,nuoagrqhwgwfufhf.to
dga,necurs,bxmdpscdpfkavxciab.us
dga,necurs,aimwvjyjoumvvdm.ru
dga,necurs,nkfxcujfidarphpydpt.net
dga,necurs,vtuhhlflfatqwutwr.in
dga,necurs,pdnnbtpqhualm.ga
dga,necurs,jtftplgvmeyrpydtfa.tw
dga,necurs,knqdxumkbcnpqjtx.pw
dga,necurs,etwkykvhqitoubimsgpa.nu
dga,necurs,puywnpjndcauqxlog.nf
dga,necurs,xelpgseorefdrqdjlwh.cc
dga,necurs,rlpufdjy.ki
dga,necurs,bkwvvnptxpb.in
dga,necurs,qysqofrbxqcx.cc
dga,necurs,uhvltlunbivxrejftj.ru
dga,necurs,myetkhsjkiltlrc.ru
dga,necurs,tuognln.bz
dga,necurs,rhoknaeuqpaaed.ki
dga,necurs,xixcvsudkbgbdhsldcnp.tj
dga,necurs,skxgdpneojdgkrhbiegsu.co
dga,necurs,rhcruotwsuerc.la
dga,necurs,byuetkeqdxqvermltqth.la
dga,necurs,cefokjpiketwnyhjpq.ms
dga,necurs,haamlqogcwbedamyiwp.ru
dga,necurs,uwhimav.cc
dga,necurs,hskkwvqiqtm.de
dga,necurs,lfbdaplobks.pw
dga,necurs,ocyolerundyqmwcuctvxi.biz
dga,necurs,hylmmqtanqa.im
dga,necurs,elyarkwxp.us
dga,necurs,aofejmplulmffa.biz
dga,necurs,hmglwfrvtsittxakvsd.pw
dga,necurs,nidqjyynp.pw
dga,necurs,iddwdhkatw.me
dga,necurs,lbbqwsqhkgug.bit
dga,necurs,ouqjbpqplxvkyff.eu
dga,necurs,jbwdbrdsfyb.org
dga,necurs,crxtjvqdv.ga
dga,necurs,prwaprvb.cc
dga,necurs,weaxajjxmqvkrdlqdk.tw
dga,necurs,hsmcnbphkimnmeigm.tj
dga,necurs,qxhgmqwqirfoic.us
dga,necurs,usirbwoydfxboywlej.im
dga,necurs,kbqviqpicv.to
dga,necurs,giyxsuugfoiby.nu
dga,necurs,kdojrepdadcjqjd.bit
dga,necurs,euvcvslsiecutpbpf.cc
dga,necurs,xlyooir.tw
dga,necurs,nwxoyuevm.ki
dga,necurs,fpraxgvaxqiaxsqg.ac
dga,necurs,tyjgcuugc.ms
dga,necurs,degeeqfwiscjol.nu
dga,necurs,hgciwxflpcewswpwojq.biz
dga,necurs,laeebkbwt.tj
dga,necurs,yyyojebhvre.ms
dga,necurs,eqjjotnka.org
dga,necurs,uuxnjvyuxsdy.org
dga,necurs,itnxrmkhxhmeg.ms
dga,necurs,dvqaxxcws.de
dga,necurs,qnufolfflnyqkiph.jp
dga,necurs,wxaaiep.ru
dga,necurs,dpmotjuyexxcq.sh
dga,necurs,jnghyiduqad.to
dga,necurs,ovwehuyagdac.com
dga,necurs,jbaxhym.so
dga,necurs,fwtayydfwhptrjlfx.us
dga,necurs,xkvlyoha.pro
dga,necurs,chudkmekj.kz
dga,necurs,gyyojhjcbdkerbrwnpgi.cm
dga,necurs,xjgigyv.cc
dga,necurs,ptqorlfqtdxjvvuti.ac
dga,necurs,bdgiuga.nu
dga,necurs,ynenecjgctvpluguxorig.eu
dga,necurs,hwkkatpfayscrwoh.nu
dga,necurs,vcgbefisljy.org
dga,necurs,bjhqvfw.im
dga,necurs,lwlpsjkfuinjgb.eu
dga,necurs,pcgeffsrtgmaimo.de
dga,necurs,ylfnsrrbfwfpoonuxld.ga
dga,necurs,iojdaxhuqf.mx
dga,necurs,xfmcmxfqhddqwgo.com
dga,necurs,poyoblj.in
dga,necurs,qligmjnotadfbd.ms
dga,necurs,qjbqqurikuiel.bit
dga,necurs,rgpsoffvu.so
dga,necurs,pvpxonbrtoikoo.cm
dga,necurs,avrbugewgpp.ga
dga,necurs,rvbdebyjsteghqhltx.biz
dga,necurs,frtksdpcclwbhwaoculcx.eu
dga,necurs,tjgcmfbi.de
dga,necurs,qvbnifjohamm.de
dga,necurs,dyjtckmhnfomr.sc
dga,necurs,rqbsouvin.org
dga,necurs,grxsbsbjcsoh.tw
dga,necurs,pyxgqnlfaohabhqgewyk.kz
dga,necurs,ohemxgwmxb.so
dga,necurs,wjuxryifpw.sh
dga,necurs,tadnfhgkdlhlypm.pro
dga,necurs,actjwklrvtpgf.co
dga,necurs,hhdnqbil.so
dga,necurs,hvqpounbwf.ms
dga,necurs,ughxcljamn.nf
dga,necurs,pysetkbwbryxbegmwg.eu
dga,necurs,uhflwvttjyfxctaarm.biz
dga,necurs,ejxysibhpjjdijynrfs.bit
dga,necurs,wjnbgdeqhndr.jp
dga,necurs,kvdguqfoyt.ac
dga,necurs,ystxgxlsqix.tj
dga,necurs,mermuixyqcdijsc.tw
dga,necurs,clycxvdbiofeilmshbgia.nf
dga,necurs,jfhexpn.so
dga,necurs,phxxxtlvekab.im
dga,necurs,iuprofehuewmwejo.su
dga,necurs,nylhdsv.xxx
dga,necurs,ngkfvaxflvhamjovrwfsx.ga
dga,necurs,ylfyueklobddwmcda.co
dga,necurs,wbwbtakgmfkcs.mn
dga,necurs,nxeddryamlfamcjha.ug
dga,necurs,swmlnmqohnbjvik.nu
dga,necurs,yacwhhcuel.pw
dga,necurs,bfwdscn.me
dga,necurs,vsbgqxguuighbkulmt.sc
dga,necurs,jbbjylimwgtbpq.ug
dga,necurs,jjqvjlfakf.in
dga,necurs,lwffilbsyayvkuqou.nu
dga,necurs,qxmhwxkju.biz
dga,necurs,asikxjsx.to
dga,necurs,giecvpsyolnffoscrjfnq.nu
dga,necurs,xvrbbdxkmytowngw.us
dga,necurs,sobxnlbemytd.net
dga,necurs,ojoyhmicvwkogc.pw
dga,necurs,nepujjykjsdslcpxvbus.pw
dga,necurs,khttjnprnkewbksgbe.sh
dga,necurs,uxpeatregpmxbd.pro
dga,necurs,gydtmnirssvaunsduj.org
dga,necurs,lugwqntll.ug
dga,necurs,nvlkrhab.sc
dga,necurs,tibfyfxcymgokeku.de
dga,necurs,qxkqnrpvygc.cm
dga,necurs,laeaojxhyhlf.so
dga,necurs,unucphwsuixjgdjjoaf.ir
dga,necurs,eadwkjdiqryrgbgqav.ir
dga,necurs,whukvrrtbuulufy.mx
dga,necurs,vphtfqncwg.ac
dga,necurs,lwwgitgd.la
dga,necurs,cpgwcfufcrttqj.ir
dga,necurs,cxvfcdniirlxly.ac
dga,necurs,sxksglxmuebsayplr.cx
dga,necurs,wnmatpco.sx
dga,necurs,jamvghrlmqymvmidogy.su
dga,necurs,wslmylkyhujksij.sc
dga,necurs,iwlmppf.net
dga,necurs,mnidpfjfuvbc.cc
dga,necurs,gmcondquhydhrexbyek.im
dga,necurs,nyypiaruclgtss.su
dga,necurs,rfoalmdwlgdacbqfx.net
dga,necurs,tuvalukscydiwvqmluh.cc
dga,necurs,vljteervvawkmvvrcev.ir
dga,necurs,dndjpcsxwmkvlxmale.im
dga,necurs,uonrnygigsataoaiie.co
dga,necurs,cumduoynn.net
dga,necurs,qkectvqihglkvnppqs.to
dga,necurs,dvmrkbtgltyj.to
dga,necurs,uvpexgoxahjyvrbtoj.ms
dga,necurs,gafxhpsvebxri.su
dga,necurs,fklptxweestp.xxx
dga,necurs,qnonheugovy.to
dga,necurs,tslkteqho.ga
dga,necurs,bxoyoypggc.tj
dga,necurs,ueiiqmk.ms
dga,necurs,btxwdvyotoqpdqk.ru
dga,necurs,dmsyakmdfryjidrgyimao.bz
dga,necurs,lxytktvpkbcwctxkw.nu
dga,necurs,dkxnpwjduqlho.nu
dga,necurs,jpwpnsmtgrohcsnuu.nu
dga,necurs,rlupxfmvtdcr.nf
dga,necurs,ijnlbxtobq.kz
dga,necurs,hvjopkutibesmlhgps.co
dga,necurs,volyvufjxrbxdankjjndb.to
dga,necurs,wwiknvgevyafih.tv
dga,necurs,yqkugbhoyswfhaqb.cm
dga,necurs,dpfpavabpg.mu
dga,necurs,seymgimruwkdbbbudjtsj.tj
dga,necurs,ytvcdludxsnowyni.im
dga,necurs,yvbxunkt.ki
dga,necurs,dqgiuvfpdicnubxfdo.in
dga,necurs,pghkrqntspvlq.tj
dga,necurs,rardufpiucxddcfiw.xxx
dga,necurs,tbugiww.in
dga,necurs,kedfyncsva.su
dga,necurs,xqtwclwmgxcylxnhcx.kz
dga,necurs,bjvlkhbmvmhjnvbvjd.kz
dga,necurs,pnedkmpaogvmxus.cx
dga,necurs,ayxshxruvssjbsaevm.sx
dga,necurs,dxaiekqkriftntnomoj.me
dga,necurs,bvsmdqd.tj
dga,necurs,lkmjlnffilsfdnqm.bit
dga,necurs,nymloqrmoqxvd.su
dga,necurs,pphvfvmbpnoi.tv
dga,necurs,rpbwubqxrwqcfmdblbwmc.sh
dga,necurs,kyhyfwedjdxddmc.bit
dga,necurs,nmynsoaarudb.tv
dga,necurs,fblnyqfetxphdcnylasw.sh
dga,necurs,doctjftswukpawy.nu
dga,necurs,gyjvexuyky.us
dga,necurs,qqymyylhebthkwnpg.su
dga,necurs,jkpfsxffdnfx.tv
dga,necurs,isjinqn.de
dga,necurs,oyyecocjd.me
dga,necurs,rtojmxu.sx
dga,necurs,ssrdqxkcufxccochsaa.ac
dga,necurs,mipaagkmx.mx
dga,necurs,ccyhjpbqa.jp
dga,necurs,jgsfxilsacxjxk.tw
dga,necurs,cyjmvyubrl.bit
dga,necurs,rxkymnayeklxtnbbgj.nu
dga,necurs,pyihyruuxygvqp.sh
dga,necurs,lmndoadqrt.nf
dga,necurs,jinxkvtgtmie.mn
dga,necurs,mqeobgfywvly.im
dga,necurs,ufajnwpyj.im
dga,necurs,plmhygexuttuhyagyoxx.tw
dga,necurs,flcwnanavbbvqxggy.us
dga,necurs,ovpnquv.ir
dga,necurs,ujcmrshsjluwci.bz
dga,necurs,xunjmvasawytiay.me
dga,necurs,hpnrhywal.su
dga,necurs,hyvhtycxofcfyd.sh
dga,necurs,nwtrtoltausffnryksdw.su
dga,necurs,kvicbkybrehlgkdobscc.eu
dga,necurs,mxjpddpsixgmbafuxagse.bit
dga,necurs,gbedbvusoy.la
dga,necurs,tsexjfupxeeyt.net
dga,necurs,hxwdsgiojemoyjvo.so
dga,necurs,mmqefqorv.biz
dga,necurs,qhhvcowhmcdmahggqxh.tj
dga,necurs,ikkdvwdgjmsilyqkqdtu.de
dga,necurs,eykouqqouay.ru
dga,necurs,kwflepmbuubexmfc.eu
dga,necurs,wwabxpsucsexcivrhdgyb.la
dga,necurs,omkwpjcxhpcqp.sx
dga,necurs,kevpnidjgb.net
dga,necurs,mfjtaecxtwspghvg.ms
dga,necurs,xpveqkipiwbsowblksv.tv
dga,necurs,aeojosuotybhismev.nu
dga,necurs,lilthwmw.eu
dga,necurs,jnsgubwnptmaqfi.im
dga,necurs,bcdealfuqobthujnfirf.cc
dga,necurs,ntlqpgerrgyktcspy.org
dga,necurs,gdbhdauumm.net
dga,necurs,fqvefqspskrysa.to
dga,necurs,mkqhffeerhtrbonxb.cx
dga,necurs,rsgbuctyissamgecpeps.sc
dga,necurs,fqbipygmvibahhddvsvwa.bit
dga,necurs,xxhgksbmlmdefpaby.ki
dga,necurs,umdelcpjb.net
dga,necurs,oxsevhlqrsbvdyrluqnv.tw
dga,necurs,tlqlkolvfbvjnqankga.sc
dga,necurs,jickgdehfmxikpx.mx
dga,necurs,qdlpgdep.net
dga,necurs,ljrvnjskuaicqxvnrvicb.de
dga,necurs,paubmublykwrlhhjb.mx
dga,necurs,pogijbiocb.la
dga,necurs,oneifbfvwthkydnv.tv
dga,necurs,fpltbuxdbjgkprtiueepb.xxx
dga,necurs,swbjndhbbgdfroqbjmp.mn
dga,necurs,esccjeebbbpene.ms
dga,necurs,gslnrqdrxqqxtsgsqy.tv
dga,necurs,xyejgecc.bz
dga,necurs,xhculjtljhvnmnlyw.sx
dga,necurs,qfrpslap.ir
dga,necurs,isnaggcnvnhcnapclvmgg.eu
dga,necurs,fvqnxmdpjptaumvxc.jp
dga,necurs,fpasuoyrxicbgmtiue.im
dga,necurs,lkqphmwcdtsuk.ga
dga,necurs,tbcxbdblpbvfmmuavs.sc
dga,necurs,eigtddjx.to
dga,necurs,rvhyapbiiewj.ki
dga,necurs,rajayltefolucxdqhmihr.so
dga,necurs,bpyacjojlbri.mx
dga,necurs,apqmtkebqkfkjrhfhdl.biz
dga,necurs,axomuusns.net
dga,necurs,bhighfux.ug
dga,necurs,wewyiatern.ms
dga,necurs,xlamqiqxetcgfay.nf
dga,necurs,cahauvbhnkxoianf.org
dga,necurs,uncsbvvwckvoyu.tj
dga,necurs,gnorukqwljapy.ac
dga,necurs,fnprleumw.cx
dga,necurs,lfmxkwlhjmtfepgd.co
dga,necurs,fcvxhxo.jp
dga,necurs,blsbvcooybqqflafdr.kz
dga,necurs,mmkwaomggemyqoefi.pw
dga,necurs,ogsgiaxvvacxfcaob.la
dga,necurs,vhectcuywivfh.kz
dga,necurs,ahorsuijfmjqgjxuth.im
dga,necurs,ywufjjqgpns.sc
dga,necurs,fvdkvtglwxxbjmk.kz
dga,necurs,hcwbtir.com
dga,necurs,vegkurvtifgrdc.im
dga,necurs,oajregy.co
dga,necurs,flqviadfnabi.de
dga,necurs,mtyfwdxhkpu.pw
dga,necurs,tshekvmuwkk.de
dga,necurs,dqxenqsuyrtujefpeu.tw
dga,necurs,fduvxjfkvbmkgehswyc.nu
dga,necurs,hhjperbxmjvd.biz
dga,necurs,ffmeculfgheo.bit
dga,necurs,nuxyjdcqw.ac
dga,necurs,lvysjhl.ug
dga,necurs,evkffmjorehskncxt.biz
dga,necurs,yagospujqfgjhcrchb.xxx
dga,necurs,lapqgedleonfvi.org
dga,necurs,lthnbmdfapaq.bz
dga,necurs,rcblbkykk.xxx
dga,necurs,debyebjieixf.de
dga,necurs,uaqidmifcnaxpd.us
dga,necurs,tbfslekdnswxbdbevqsb.tw
dga,necurs,ciwegwiwblakrrikp.me
dga,necurs,eyqfssinrcqjwsd.ru
dga,necurs,chpiljvxrd.eu
dga,necurs,otwirhgtlruamhskl.co
dga,necurs,rswovvucgxbneiqaqllkw.ki
dga,necurs,xubjlcoevydutbxayxdy.nu
dga,necurs,mlosjvjjguahwnd.sx
dga,necurs,buwgtjrqxtt.me
dga,necurs,xmpcmwabfwok.me
dga,necurs,dnbxdyk.com
dga,necurs,sjtnhsi.tv
dga,necurs,kskbevpcjgcyp.jp
dga,necurs,sccfcwuoegukcfjucudfr.bit
dga,necurs,mhlbrfqdqfevbm.nu
dga,necurs,ygkeucbibqmwkiieq.ug
dga,necurs,llghuobvfivysxpgk.in
dga,necurs,lsxlcyapviktnbegtk.ru
dga,necurs,niqkuwpreq.bz
dga,necurs,fnrnwymbofarvbtxqd.la
dga,necurs,tfkofxvmtpsg.ms
dga,necurs,bdtvlnsblylahmcmnujwb.ac
dga,necurs,sipktabflrdrfkkrwohc.de
dga,necurs,blbixxd.kz
dga,necurs,muaerrhlg.la
dga,necurs,nlkvohdtsusjgivdgwfh.nu
dga,necurs,vlgypktnmlcvytlsyuo.tj
dga,necurs,vjehwtfq.cm
dga,necurs,kucpnymvdg.cm
dga,necurs,ejixylwavevp.sh
dga,necurs,kkmvrstfyfiexmh.ms
dga,necurs,vdbwkmylrmryoj.ru
dga,necurs,wobfhbvjjhmerkcgsonge.me
dga,necurs,cidajsyajahs.sc
dga,necurs,stwybsrvpmtbwniskkcvf.nu
dga,necurs,mtdidyjsklmtqinf.cm
dga,necurs,caydhnsclalmyqobfgbx.eu
dga,necurs,mqdtcvolb.tj
dga,necurs,ahubgmq.net
dga,necurs,gjmqxupmdlhvgvtkslrpp.biz
dga,necurs,pujludivegqmrciysln.xxx
dga,necurs,doeorqgpijjvk.mn
dga,necurs,ymjdrlp.nf
dga,necurs,junipkl.ki
dga,necurs,bnvdolwqkwc.ru
dga,necurs,vpjskbtuqnwacol.tv
dga,necurs,yqcaqywvgsnlmxkdbbjxq.cc
dga,necurs,nmfshqllntpolalnh.mu
dga,necurs,urtklcfhxaw.nf
dga,necurs,fmkwuymkf.de
dga,necurs,crningt.kz
dga,necurs,noyvpqwhiyu.cc
dga,necurs,crtxpjgmnodocmal.ug
dga,necurs,suawkilwnmdwiusaks.la
dga,necurs,kwjapmccowrmtdget.pro
dga,necurs,mllbuwdxpm.la
dga,necurs,bsvpfaewwyxct.us
dga,necurs,phamgccdbpm.org
dga,necurs,vtgxoqm.pro
dga,necurs,kaneofvqx.la
dga,necurs,vfpjwkljyob.tj
dga,necurs,xyqkigjfoljhrokbj.ru
dga,necurs,egbasdejew.ga
dga,necurs,ptgpaeswryumlcb.ir
dga,necurs,iejcelx.sc
dga,necurs,syauqdafnt.eu
dga,necurs,ocoirmthxgbwhghqmu.to
dga,necurs,lmitugnesylkrryvqyc.biz
dga,necurs,pauctgtfesqx.ac
dga,necurs,mskqjyjtdobec.tw
dga,necurs,kpbfpporrvbshqocphi.ir
dga,necurs,ymfkahucnemurcmmve.biz
dga,necurs,haspdwg.su
dga,necurs,xpskegiamihqjce.im
dga,necurs,gqwguwxqhjf.ki
dga,necurs,pysctllmmnhn.ir
dga,necurs,fvdpvwmjmhugkarw.tj
dga,necurs,yeswvhqhaa.cx
dga,necurs,asniwfbfpvjkkeb.net
dga,necurs,mtlkipfjbdpxhunoitdr.ru
dga,necurs,otgemsw.to
dga,necurs,ulhsqpcyhaornwxpuv.su
dga,necurs,fmupujfstyse.cm
dga,necurs,dlbherkmpxrcdwhevfeba.so
dga,necurs,fwucelagyfb.im
dga,necurs,lhvmsock.mu
dga,necurs,wkeffosnbp.pro
dga,necurs,nnnoifbdiulkr.mx
dga,necurs,jkmnnmi.org
dga,necurs,egtkvsso.to
dga,necurs,ntkmtjsxuqskgmammnom.sx
dga,necurs,oexmuttrgemndndjct.de
dga,necurs,yjbhvldlryrxhvspylns.me
dga,necurs,jrcalhhnhgdhitnpbb.us
dga,necurs,xiwnqpbv.ac
dga,necurs,loghgidgmbncdlkfwxk.nu
dga,necurs,ufbptfwqymcbnwvmyutu.pw
dga,necurs,hmxptngetfnbfr.eu
dga,necurs,fxjtmpb.us
dga,necurs,mwlwxtio.de
dga,necurs,eameoaqaqnidc.eu
dga,necurs,rcmfqcpcffqv.tv
dga,necurs,cbfkrnhjiwrrvktd.so
dga,necurs,ccfgwlthvs.cc
dga,necurs,jjhsdxepwstcce.kz
dga,necurs,pydkaodfpiwddox.tv
dga,necurs,cmpyjppfvrubbecf.xxx
dga,necurs,pqxjmcqnu.kz
dga,necurs,gsqtxvpe.tj
dga,necurs,vycxhsguwqgk.tj
dga,necurs,rttdhrxy.ru
dga,necurs,dkxmxoxburvyunki.mu
dga,necurs,tjdscefnwvoobjcn.ug
dga,necurs,ifaubvhbmrnauyrlqc.eu
dga,necurs,fwntpmslh.ir
dga,necurs,ibcvpfron.in
dga,necurs,eojffshcvgdwkngfuwbop.cm
dga,necurs,iwgaephuqyimrmbhch.to
dga,necurs,scjvlvwhnc.me
dga,necurs,adsdjugfpxvhw.xxx
dga,necurs,puingrps.bit
dga,necurs,rqmydersojqeu.im
dga,necurs,gomxvklfsdppyqsvbekfa.ms
dga,necurs,tticpesbqgbtnnhhlay.us
dga,necurs,piptpweebh.us
dga,necurs,ljkekrgpfuphrfpsv.kz
dga,necurs,irwydideuyyl.ms
dga,necurs,pptqgnttmvobsfq.org
dga,necurs,ynhhycgttupqe.me
dga,necurs,kgdmaswptnroe.ru
dga,necurs,altmvihyyyufgsanilkf.org
dga,necurs,pkhejcfmgftvlgsroe.tj
dga,necurs,iwauwaohcubxcolwxlf.me
dga,necurs,mocsnsgcgdarfabcsiqsl.ug
dga,necurs,wymlwho.cc
dga,necurs,lgaejsivagkvcbvrf.tw
dga,necurs,eqivyopgk.to
dga,necurs,bmagkmwdsk.mn
dga,necurs,higpbvtqnmfuetresxlp.sh
dga,necurs,rrhtenmmsjysmlrkct.sh
dga,necurs,nkkonklmjdprpeq.bit
dga,necurs,jossbnfeysocdbxw.nu
dga,necurs,prinjacsqilhf.mu
dga,necurs,nprntulitqcxfogmyr.mu
dga,necurs,yslknfi.us
dga,necurs,hxksljnvfdd.pro
dga,necurs,pkdrqukck.mu
dga,necurs,dhskfggnybtixtoryybr.pw
dga,necurs,phwjaoifiuq.xxx
dga,necurs,kklawhkqld.la
dga,necurs,qrqqxngaoav.ga
dga,necurs,plfludl.sc
dga,necurs,ynpypua.net
dga,necurs,eskfuabardphfrpipmh.la
dga,necurs,lrrpinidshniklilbdss.ru
dga,necurs,bewfjka.jp
dga,necurs,ptakrkeocehkcoocph.nu
dga,necurs,fmikxqv.bit
dga,necurs,ssndqtk.bit
dga,necurs,dhvywrilvjmgprwmje.la
dga,necurs,gjfiqnhwwebj.pw
dga,necurs,jmkfjojhhhykwwa.mu
dga,necurs,ekfqkyxwwaqwss.bit
dga,necurs,kjjopoeveldokpyr.nu
dga,necurs,ojowlpirpkdidtc.in
dga,necurs,xnpybgjeglpaxxch.bit
dga,necurs,exyapldgxohmbnii.biz
dga,necurs,fxwqgxenuleilmgjyj.pw
dga,necurs,ryvtxclt.la
dga,necurs,eawnqsb.to
dga,necurs,nbqwfuwsyxlqbmqm.pw
dga,necurs,kclktdetkh.mx
dga,necurs,cbhaqrck.de
dga,necurs,telutkm.so
dga,necurs,qlfjtvamux.bit
dga,necurs,qanlymm.pro
dga,necurs,qjftuaxkqwrwvl.im
dga,necurs,hfldfowodu.us
dga,necurs,bqsclsmcasmhyhsmkgvlk.bz
dga,necurs,vrdvsqcq.mn
dga,necurs,fthrpelxpyariajtlvqs.ki
dga,necurs,wsimljouaplnlqqgmh.mn
dga,necurs,mdbcxwcxtwi.org
dga,necurs,kwqrmepiwmduewj.pro
dga,necurs,kaldvghott.ru
dga,necurs,tjlokulmj.kz
dga,necurs,vajhbpqvsibvca.ki
dga,necurs,divbjwcmvsungikujqh.ir
dga,necurs,vowicluvpesbwsdn.eu
dga,necurs,gkxrakcvjqppjdrrcpuf.su
dga,necurs,wutbrwcnqeeh.sc
dga,necurs,lpphvituidmyq.su
dga,necurs,bpdqoybycabn.im
dga,necurs,fgrxvjhkxwrtoxvasjq.tj
dga,necurs,rceekwvbuw.ru
dga,necurs,mkfjrbdwcexahaolvg.co
dga,necurs,oevntsykaj.ki
dga,necurs,mbwvfikrmumrqwxkkl.im
dga,necurs,dwhfigatuvmewsuhqi.de
dga,necurs,pupnnejjifyjoisqqk.pro
dga,necurs,pgvtyxdhwhdi.su
dga,necurs,quwxadurl.tw
dga,necurs,qgbuckm.co
dga,necurs,hyhqkrptygeeapftirhbi.ms
dga,necurs,qaguvgshhnldnhqxjv.la
dga,necurs,lkqescrxngaxavapk.net
dga,necurs,mopelkfhasear.sc
dga,necurs,frqsmlmitcdcxko.ac
dga,necurs,stxbtytaca.xxx
dga,necurs,yyhojbtpokvi.ms
dga,necurs,xrraeenphspqglfrov.ir
dga,necurs,iurgpsariomnqioejtxxy.de
dga,necurs,wsfsuwararwapejhe.net
dga,necurs,ibepeqlb.ki
dga,necurs,tinphuhkhsuxs.nf
dga,necurs,bvxurcfxgppor.pw
dga,necurs,yhddjxtbgimdcjlkpt.co
dga,necurs,pvryewmwolokm.us
dga,necurs,bfpslbpj.so
dga,necurs,glamlxklgrllggofiaxj.cc
dga,necurs,tkxxtvxsujfnhw.ir
dga,necurs,kvngxqoabmfnegra.me
dga,necurs,kqdfhbxughedarkfnblg.pro
dga,necurs,vggwmhmadonqyv.us
dga,necurs,ipywxwcdrffe.sc
dga,necurs,hlblwnrmch.to
dga,necurs,nhvqdavreugqnrb.bit
dga,necurs,iqlulhecg.biz
dga,necurs,naiqsyhde.la
dga,necurs,xudropjolcuuefclso.ir
dga,necurs,eaylxjkwpwnovrviku.co
dga,necurs,sufmqvgvfvsyucpennh.mu
dga,necurs,movfumowidgufwmetcd.mu
dga,necurs,ucjyhnyktvyhkmfusvvyu.im
dga,necurs,sdtibfb.mx
dga,necurs,wnecwifv.cc
dga,necurs,htoxmbkx.bit
dga,necurs,xwnlnajdqfadnnmkhemr.ki
dga,necurs,uwxelyi.tw
dga,necurs,yxxhbyiynu.ir
dga,necurs,uplbhcmsvgtk.ug
dga,necurs,oqexanoxerh.com
dga,necurs,knjlwjoynaoyxqseymo.sh
dga,necurs,sbgjlgmsvxosrqgk.biz
dga,necurs,hdnjqfkctbfghmvfxuw.org
dga,necurs,qvuxqltuimuijlur.ga
dga,necurs,yjajvrdmrixwkaokyibpc.ms
dga,necurs,ctulmcxqvyhklpxjer.so
dga,necurs,hlxykxocrfwwn.jp
dga,necurs,iiqnepaqjisu.jp
dga,necurs,cxyucmlhfleiywtih.sh
dga,necurs,ijvaymuwlkp.cm
dga,necurs,qhigcoett.eu
dga,necurs,dennxsm.ug
dga,necurs,ffyehfwibgpfdl.eu
dga,necurs,affbvjydtycauo.mn
dga,necurs,exlmstdndjdvtmesd.cm
dga,necurs,hwgqwtxqovexkwfuliqyx.cx
dga,necurs,skcxhupxxstyfwjs.org
dga,necurs,gympgkihonaemfmsudbfq.ga
dga,necurs,cqehyvjeitm.tj
dga,necurs,ghmfmlegpsphccumnr.su
dga,necurs,sehahthcjbq.su
dga,necurs,cieooyvhykr.mu
dga,necurs,xcfwwrivnqhkpdlhjhwlm.so
dga,necurs,bcwmgfqtotf.bit
dga,necurs,yekcyetmkilydvelryqdm.nf
dga,necurs,ielpvbxheciqioprhmg.ga
dga,necurs,eowufbrxfdsqfkrhgdhnb.ru
dga,necurs,rpwtcefrlfwnysewjoi.sc
dga,necurs,qnakguqk.sx
dga,necurs,mixfedhlsththcrdadrnl.pro
dga,necurs,nmihogacra.org
dga,necurs,xehtlccfmkaaaqfqmtpvc.de
dga,necurs,plcsuvflirbpu.de
dga,necurs,wfsikhhroifr.bit
dga,necurs,oqmeuoebjxnuk.ms
dga,necurs,bpvaxxpqvdfom.mu
dga,necurs,cbqihamyivpc.cx
dga,necurs,qvaurjrrqrxo.ga
dga,necurs,jmkhfkefvhdcjmgmyq.jp
dga,necurs,jlstmnnuwjmbkdfa.sx
dga,necurs,ldyxpnfefhunjdrmnpdjh.co
dga,necurs,djwbcygdh.sc
dga,necurs,lpbcbbo.tw
dga,necurs,tkkgklpaxoiaipi.in
dga,necurs,gwegbffqwsnvsehaldubh.so
dga,necurs,lgrubhagakttiewfrhlpd.ru
dga,necurs,orlxithniagm.org
dga,necurs,djmkoxcdbunjxtobp.net
dga,necurs,cqmvlyhy.mu
dga,necurs,mewxiymuue.cx
dga,necurs,uxtbamjonpalgtm.tw
dga,necurs,keqobhdwarwl.ki
dga,necurs,eaxvtkpao.me
dga,necurs,gdbvusdiva.us
dga,necurs,ebhbuixv.sx
dga,necurs,qiivjhvifguxdtmxlem.so
dga,necurs,gmtnbcms.de
dga,necurs,xmcihpotcxwc.to
dga,necurs,gbxwvuiygtawcttubgd.xxx
dga,necurs,jlfevlcmewuscnmgileu.ru
dga,necurs,mdtcsoi.su
dga,necurs,etrhtqlbw.mx
dga,necurs,tvaaerccgjkujeo.sc
dga,necurs,xhdiwct.im
dga,necurs,dbxwlnjsrscbri.cm
dga,necurs,uyahygcq.ki
dga,necurs,okpxfblcwgqmxbh.org
dga,necurs,pqrtxufncstqlbqbci.us
dga,necurs,cvtxknbmnbmdhprbqjgt.nf
dga,necurs,xfnyyvbal.biz
dga,necurs,wuvtfveyjjtqhtdmyxp.de
dga,necurs,gkjkwij.ug
dga,necurs,vbfratgdoqio.in
dga,necurs,aovblhnndvrwweref.to
dga,necurs,vppcvlgiah.la
dga,necurs,vsyueay.nf
dga,necurs,ktpsjgcxlfr.de
dga,necurs,drxcggglrcgsncucnwtev.pw
dga,necurs,qdvjkpg.to
dga,necurs,kxbdvmr.net
dga,necurs,dfqjnnvveuxilbne.co
dga,necurs,ebodxmxqyjolhofbd.ki
dga,necurs,dwiuorgyrluiv.im
dga,necurs,skbiiusqasdwvfesk.sx
dga,necurs,aolsyuymflilxqt.bit
dga,necurs,qfkgqbugknnkah.ki
dga,necurs,bsbhvtwoxc.sx
dga,necurs,rrfeavpw.xxx
dga,necurs,algrhuvoqtxjsnowdsf.ms
dga,necurs,amdpkfvil.cx
dga,necurs,muyaayuvjw.xxx
dga,necurs,bqrkwxqibmmuouwd.tw
dga,necurs,eeqctcbnbsqlprtnho.sc
dga,necurs,prsdjvy.jp
dga,necurs,wdkqxmtyyyxkpk.nu
dga,necurs,xipifjcpglankkxrxsca.tv
dga,necurs,yrccmenhbs.pw
dga,necurs,qcwdeexarall.sh
dga,necurs,lrgoryvf.xxx
dga,necurs,jggfikeasadhhuufhfol.biz
dga,necurs,bdrmhheltxnsshix.so
dga,necurs,veagaaewlco.tw
dga,necurs,nycsjrjopfqpyqnmnds.de
dga,necurs,tkdhjyekseldlcfcm.ir
dga,necurs,jlmqjewgnk.su
dga,necurs,bnlkqjjkdfjxmewigqxid.com
dga,necurs,bdysodb.bit
dga,necurs,tfutkrbedorlfywuu.bit
dga,necurs,dqugouvakajpiuqlcco.ac
dga,necurs,exnxchgpaw.sc
dga,necurs,lednbrshkxgaayl.com
dga,necurs,sedauqjkxjwt.mx
dga,necurs,xrcwchqxm.to
dga,necurs,hkmlppvvsmmwuawmnf.ms
dga,necurs,blskmohmnscjk.tv
dga,necurs,fmhmigvsupohhbsjh.eu
dga,necurs,bsnhrhsynnvcwtkkvsmls.cx
dga,necurs,yboxefbgx.ir
dga,necurs,wkdoyireggdsdnhpnna.org
dga,necurs,pvlkxil.im
dga,necurs,jiopcnwdnlegwiw.nf
dga,necurs,vhijcloi.bz
dga,necurs,sshuldrggicasp.cm
dga,necurs,hnegjqtjabwycaenqri.la
dga,necurs,rlcjrfyxgquqmermp.jp
dga,necurs,xemgonqnssf.so
dga,necurs,vxioehqggdfkyq.mn
dga,necurs,fmqeaoe.pw
dga,necurs,vgqhnvv.bz
dga,necurs,ysejcqwwuhretibk.com
dga,necurs,mwpafbi.tj
dga,necurs,gsvtggppvnmit.ir
dga,necurs,olpmtpwjosmdljsa.co
dga,necurs,rymjntdbger.org
dga,necurs,tsnrfyffpjuwia.sc
dga,necurs,muperkocqywphoweiwg.nf
dga,necurs,wtvoblnluxpimenfihms.mx
dga,necurs,kuhpnnaiycmfikpo.de
dga,necurs,xamrxvfovdevmaylq.me
dga,necurs,umldgcwmplr.ki
dga,necurs,rehutycyjddmpynlcssf.sc
dga,necurs,sjxnmrqllmwssqiflv.ga
dga,necurs,fipkpdvgjweijqpn.mx
dga,necurs,xqkmndsttwqmjellbyp.xxx
dga,necurs,ndhddriufeiwrwvsus.tj
dga,necurs,tvgvyncgpscqvgjbaap.in
dga,necurs,advfhcf.us
dga,necurs,icrlqmvymurntore.cm
dga,necurs,ntlujtdnwslltaiu.sc
dga,necurs,jjlabgecgbytwfqmnoybx.su
dga,necurs,idthwoirh.ru
dga,necurs,nvxiogdbpggh.sh
dga,necurs,qgpqehpkkheihdiptgc.us
dga,necurs,wiibhfnrvoyepyiclafqa.co
dga,necurs,ckgabtxtysakgwopcfx.cm
dga,necurs,uqkrcaayntap.mx
dga,necurs,bquxmmhoaoipmd.sx
dga,necurs,iehecpnsshgfcvpkysmhc.ac
dga,necurs,cqpypvyyugyhnlgjmo.nu
dga,necurs,galohban.tj
dga,necurs,ybdsamkpljq.me
dga,necurs,hbwrptuksbwahcdas.kz
dga,necurs,fwuklhflnafwvbbjgt.com
dga,necurs,dvfaqxg.us
dga,necurs,nurernd.com
dga,necurs,idjwffbqtpolxiygaycx.pw
dga,necurs,milxmffmpltqenlu.sc
dga,necurs,svddsndyukvlmx.com
dga,necurs,xushxhnjekfosgb.mu
dga,necurs,slvvetkaupkiqgixjhuso.bit
dga,necurs,jerutlhvhotwlwie.ug
dga,necurs,dapclscmdt.jp
dga,necurs,hifpjygym.mx
dga,necurs,hvickyrnfxe.nu
dga,necurs,bgwdadsceemehrebfmj.bz
dga,necurs,kgnqrlp.tj
dga,necurs,sfefrtbixrjvxsuuwta.jp
dga,necurs,fcoaonbtosc.in
dga,necurs,ltdgadtrspcdssimopd.cx
dga,necurs,rrelisstwojlnmq.ga
dga,necurs,erdshjkhbmiesflowc.bz
dga,necurs,oqpybowdtdric.biz
dga,necurs,qtrdodpsrskywwy.in
dga,necurs,sirpyvsabodspo.xxx
dga,necurs,gmoljoff.tj
dga,necurs,xpuqyebtwpr.cm
dga,necurs,lkxbwbdjkrsj.la
dga,necurs,hdcmrdmksjrxronnlfe.nf
dga,necurs,ddoinshoigcuxcr.jp
dga,necurs,iimnarjnqcaqmqnbi.us
dga,necurs,qwsgfoi.com
dga,necurs,euhlojudcjgntk.ru
dga,necurs,frgnnwn.cc
dga,necurs,fqkwgmxhacqiewneqig.sc
dga,necurs,hgxjkuuwulh.co
dga,necurs,ueqiqirqotgtbkltryci.nf
dga,necurs,ooihqfiespl.mn
dga,necurs,alaolly.ms
dga,necurs,fucjjcg.pro
dga,necurs,aiepfox.pw
dga,necurs,smadsnpd.org
dga,necurs,hfvpkudthlyslsvnthat.ki
dga,necurs,wwrdjdwo.sh
dga,necurs,xhkkqem.sx
dga,necurs,uynxrtxdbnsjbwmxwhiyn.co
dga,necurs,hgeqxkimrakqtwgl.sc
dga,necurs,nhbsckcffqmw.mx
dga,necurs,rbtrhqgydncicxu.to
dga,necurs,qetonhmnetkxop.jp
dga,necurs,txsqmrrbp.com
dga,necurs,cgbrulmrnftuso.mu
dga,necurs,hscnmtptbaa.sx
dga,necurs,vanxoybqrpjohf.tw
dga,necurs,ytclqhfpbd.ug
dga,necurs,tjxxnjwbimgwceso.ms
dga,necurs,efgrcjeh.cm
dga,necurs,jpnkyimttjuilfcwieasd.tw
dga,necurs,veqjyxqorvjn.mn
dga,necurs,ohqpftjypmidanccdrf.tv
dga,necurs,hvppotol.biz
dga,necurs,kbdunxlpgqlgujdm.nf
dga,necurs,dhpspxsg.ki
dga,necurs,dyeaniyttdewsgvp.sc
dga,necurs,diksqdwjvxbcclbj.sc
dga,necurs,vrycpjywp.jp
dga,necurs,uqhvqhxjsyop.in
dga,necurs,swtcfwqtnyusdn.ms
dga,necurs,nlcngtoyinsw.pro
dga,necurs,atxhqvqeiioefpciwwd.su
dga,necurs,clrycmxkrybqpktqioer.ac
dga,necurs,ropytoxikcnogbf.mu
dga,necurs,atouxavhmkxynwgi.su
dga,necurs,wjuejwaiuega.eu
dga,necurs,cgnmdnwgajocda.mx
dga,necurs,lswojqwpmqh.cx
dga,necurs,ntomlsejhpemc.tv
dga,necurs,nojmsjliyhgrhximiubnx.in
dga,necurs,nvbybjtle.sc
dga,necurs,lvfisulo.to
dga,necurs,aqdoigujmwcgkwqklta.to
dga,necurs,uetbmkfmio.mx
dga,necurs,fseqavabigk.mx
dga,necurs,hnvtuljmjqkdg.cc
dga,necurs,vbvsgynipneraagguxmwo.ms
dga,necurs,fvxcgtlmavehnhhsgcgvg.in
dga,necurs,ebdbpwnbafhsuyrrruodr.cc
dga,necurs,unonitbjcvxmeqivg.to
dga,necurs,nrqyjdxkebpvw.co
dga,necurs,owwgsmdtfmdggby.mu
dga,necurs,ajgwjkkfdylqdpbgjled.de
dga,necurs,iiquceec.bit
dga,necurs,uynabslbclfb.cm
dga,necurs,nmvmbfkxbete.me
dga,necurs,ropnmqsluesb.biz
dga,necurs,tgsdokxkpcxewaabbn.pro
dga,necurs,qkhwdvoqcqu.us
dga,necurs,amifjvnax.com
dga,necurs,ynfqqbdtfeexacrksptsd.ru
dga,necurs,xnwnepmjpdlmbwaoq.ru
dga,necurs,dbghgknlvyuqchk.xxx
dga,necurs,gadbliyhbdayte.sx
dga,necurs,mvjuyagmttcy.mu
dga,necurs,nasbhsliucgyhrbfdmhqm.tj
dga,necurs,bfevtmaefqlho.eu
dga,necurs,bspfmaryw.ru
dga,necurs,xygepmpxsdknjdven.de
dga,necurs,wrcafgrd.nu
dga,necurs,kwqnmvivbkq.org
dga,necurs,uvjxhosgbdx.so
dga,necurs,exsbhuxepwmaim.cm
dga,necurs,eyxxinssekgoti.eu
dga,necurs,edyvhabjock.net
dga,necurs,rnmdldnjwgru.us
dga,necurs,xqjatlifqypegjddququv.kz
dga,necurs,dthjbyagjbjgvulfh.xxx
dga,necurs,yotxwtjnfcdxrqs.so
dga,necurs,dtgouilpcjxpiosykomo.pw
dga,necurs,rkljwapread.tw
dga,necurs,pyipntrnatunbleckxk.biz
dga,necurs,nkytjknpu.me
dga,necurs,cbqacjbeytqighmoaeq.ms
dga,necurs,oaeeisfcmkkajgxeig.in
dga,necurs,rcneknk.pro
dga,necurs,amxcsilmpqttujjaoieh.cx
dga,necurs,ntofmlrulchxhxrgfw.biz
dga,necurs,iyxwsgx.nu
dga,necurs,sdbhfqba.mu
dga,necurs,ymksvooqyoue.ir
dga,necurs,cmxegophpjioqqxs.me
dga,necurs,rxcedtuxqaiwxvcar.tv
dga,necurs,rmhsejgf.mn
dga,necurs,dnwjpyncsicwkvoqarn.ac
dga,necurs,jbgvxgisiq.kz
dga,necurs,qavmcnepavjiuhhfyhe.pw
dga,necurs,yepqxuskdw.sh
dga,necurs,onxuvpmhmdmoblspe.ki
dga,necurs,gqkhiuerfmuqgorjsqqs.ms
dga,necurs,igbccwyk.su
dga,necurs,byfrmeq.ug
dga,necurs,kpfcyqxpk.cx
dga,necurs,uqnfigclihetjlso.in
dga,necurs,qthikqpwsemo.eu
dga,necurs,bfqqkur.in
dga,necurs,qqsfmmhwhxvbat.ug
dga,necurs,dgxkfekjo.mx
dga,necurs,gtacpdcogn.ug
dga,necurs,uymvsge.ms
dga,necurs,kkxpblmegbqwj.cc
dga,necurs,lvfsincmbmgppt.nf
dga,necurs,rgpawocdvhgln.bit
dga,necurs,jopswiyfcdgtyqe.cm
dga,necurs,hignqcxmf.com
dga,necurs,hofhmxotau.xxx
dga,necurs,fprvuspehttmhalfxkl.pro
dga,necurs,imhqtjqdktqtlktwwvx.ga
dga,necurs,smaqooui.tj
dga,necurs,acmmslwhdgh.la
dga,necurs,xpmajjlo.tw
dga,necurs,xsipagvabpywmqtqkjg.ir
dga,necurs,vairarehd.co
dga,necurs,gudwcqpcktmdkpddtn.bit
dga,necurs,xbibljypo.la
dga,necurs,iswadeiydxpwqjitlyry.mn
dga,necurs,yviubxh.co
dga,necurs,wvwotxsvmkvhvqfjuu.cx
dga,necurs,sudwuuhjnn.tj
dga,necurs,kntxxiooreg.jp
dga,necurs,mhgsrafginlpyidrsm.to
dga,necurs,udcqevgjjdhsh.co
dga,necurs,sdsjdrlfkkhqpwfwdfshc.sc
dga,necurs,ctvfuxmqosb.cx
dga,necurs,nqgflhxkutqulgg.in
dga,necurs,ugbgwgqnosrxcufy.so
dga,necurs,rufjfarqidcaflpsev.pro
dga,necurs,iegkibdmgqxyoimgmv.jp
dga,necurs,cigmwbvqkugq.ir
dga,necurs,gvoapoxc.biz
dga,necurs,nkjxohwkgpjmulciyf.mu
dga,necurs,amurigkxfvdwtmy.ac
dga,necurs,mswcnmwon.me
dga,necurs,ynaxpnqltreoveh.biz
dga,necurs,ersadlaqgfqotkdgr.de
dga,necurs,ntplmqmyoiplqvssmo.pw
dga,necurs,unagitx.tv
dga,necurs,stltlpsljvgalx.ac
dga,necurs,kcjoujfpstaeofarjw.la
dga,necurs,lichnswodciedctpj.bz
dga,necurs,odwwbybudmoeyrrb.nf
dga,necurs,qmgpeeaumcberkakdgf.biz
dga,necurs,vmpnykbb.kz
dga,necurs,uktetpvjsa.tv
dga,necurs,btdymtdxpcp.ki
dga,necurs,ykcoprcytnlh.bz
dga,necurs,tisiebuy.ru
dga,necurs,jctntatohcmhxprnbiv.ac
dga,necurs,nueakabouexb.cm
dga,necurs,bxgtikvqevvdeuw.ug
dga,necurs,xjnyafrxjpdnap.kz
dga,necurs,vopipqwbnghbbqqn.pw
dga,necurs,flxjvhdso.ru
dga,necurs,sasirmysa.bit
dga,necurs,ckpioumouj.biz
dga,necurs,kswmkomqejvoerxxqdhtx.me
dga,necurs,chwtpyawwbicyeh.nf
dga,necurs,itmyoofixdxw.me
dga,necurs,pvftlrfpikduyvuhulsd.pro
dga,necurs,tiurmqvqekteiyo.ac
dga,necurs,fhejdpugbmcrnx.biz
dga,necurs,ugwayqfxyevoc.kz
dga,necurs,tiprwpamngtbgdydoh.pw
dga,necurs,tmackxgtxytogyb.sh
dga,necurs,wyeiatthhtgbca.nf
dga,necurs,pbjxjicjcrrqumd.bz
dga,necurs,kddjnquwkfernoivjcqnc.im
dga,necurs,acqdpmgaijjdiy.xxx
dga,necurs,sgjuwwtf.mx
dga,necurs,difcsngodgdba.ac
dga,necurs,jggpkvujrhudveafvg.nu
dga,necurs,orkadtkepcvcmxjeny.sx
dga,necurs,mgucdpaefrkk.cx
dga,necurs,heqoisptwbfce.la
dga,necurs,ljwqvxdoqq.net
dga,necurs,tokgrsnkpplhfsol.sx
dga,necurs,hisvdyvrtdyvajg.ac
dga,necurs,ediuwgwdtxbpbdeoqr.de
dga,necurs,slmlehvrrcigyb.la
dga,necurs,ufwgwxr.sh
dga,necurs,mfyjdgcsiddrbnwp.su
dga,necurs,luqlwcsvahvelxcu.ru
dga,necurs,nehmjicvgekxqor.ir
dga,necurs,avnhnliarb.co
dga,necurs,vksanremyvetxqujse.jp
dga,necurs,tnrxfolxlbta.la
dga,necurs,hajckgoqhbdguua.ac
dga,necurs,hocrcuisw.im
dga,necurs,pkjnyufdoihngtm.pro
dga,necurs,yladpvojujqjqylpgwf.nu
dga,necurs,exwlxuiknv.sc
dga,necurs,bsinvensogapmghvmxvie.tv
dga,necurs,nufmuargcx.co
dga,necurs,jjthqvasmngbywne.pw
dga,necurs,upgehurrbakqm.ms
dga,necurs,pqgcgkgjorahfkrikf.ru
dga,necurs,tmjspemuhegjhxqxlfgr.ac
dga,necurs,uvfpimvabkaeiyxiaxl.tj
dga,necurs,nbsrcliartdjgyuyf.xxx
dga,necurs,kdggxetvpqflxcavn.bz
dga,necurs,lgweodah.biz
dga,necurs,ygnsapeqq.eu
dga,necurs,kfvsgiqhbvrufksfyujvn.ru
dga,necurs,ndarckhiktqn.bit
dga,necurs,wwpvbrwopdadgucxtq.to
dga,necurs,ewftmsvgl.bit
dga,necurs,gdgvgjtqg.sx
dga,necurs,bxemirauifuvaphb.tw
dga,necurs,ebhkhmbqplgveanwekgg.xxx
dga,necurs,gbaggllwoxgkp.nf
dga,necurs,tkxyrdmkacpudedtnx.ga
dga,necurs,ujyigmt.in
dga,necurs,fnregoilbhfr.biz
dga,necurs,kaykejhfnpnh.pw
dga,necurs,tanbpyufauo.sc
dga,necurs,duvtoymqnharqxis.su
dga,necurs,vuikvtvoevqkbsrxfjp.tv
dga,necurs,dwiyylct.cm
dga,necurs,deeeewllxuydnuwq.pro
dga,necurs,ogcahfeyp.sc
dga,necurs,gnsrlncx.su
dga,necurs,redpsrhvkvxfdbmq.sx
dga,necurs,sdnfppwn.im
dga,necurs,mtaxntjacuwcjwiwdfeom.jp
dga,necurs,kxgtairdbdg.ac
dga,necurs,jmoekpjgdwkoxaku.biz
dga,necurs,uxiuinpgpamtku.ir
dga,necurs,ohwajobplfvk.sh
dga,necurs,cyxvwyijxohmmkkgnp.ms
dga,necurs,yqrrbgl.cc
dga,necurs,hjroclbmn.cc
dga,necurs,nmmojoavftx.im
dga,necurs,ptscokcwlbkqwirpf.mx
dga,necurs,cpjyfwbxgghwpwlo.ki
dga,necurs,lvuoyvobbjskybkwlf.us
dga,necurs,dysadeqtv.us
dga,necurs,duyvjfilplngqh.de
dga,necurs,iuiyvmelpklwxcfvbiro.sc
dga,necurs,sakcsbcgko.sc
dga,necurs,kqudptawa.jp
dga,necurs,vpsjmcjtpwq.me
dga,necurs,iuyiqcdslyukfgouykknn.nf
dga,necurs,djtxdrwsopygrbqmq.in
dga,necurs,wvboolaprs.tj
dga,necurs,eljsmcbruqshnuthhdiqi.ir
dga,necurs,ocdueruqktvjvm.ug
dga,necurs,jjmnvvaxshquy.sc
dga,necurs,nfmarkgopgxko.de
dga,necurs,dqhgcjrfqytqtcrqa.so
dga,necurs,mavtasdb.mn
dga,necurs,vouimijryqccvexshi.ms
dga,necurs,foliiapbwtjjxwii.la
dga,necurs,ctgmbytylwxxdx.ru
dga,necurs,ukasjqilwn.im
dga,necurs,fxnjkwvpwwjgbdhgfp.org
dga,necurs,wtgygoyq.com
dga,necurs,jpkvotdaeiswriwoh.tw
dga,necurs,bqrpsqfjpihfbyuxh.tv
dga,necurs,htlyoxhcosgeahx.sx
dga,necurs,aukckabpkkhsufgacbl.pw
dga,necurs,mqpvokxg.ga
dga,necurs,gxxoscdrrrawwb.de
dga,necurs,gwrgkadq.tv
dga,necurs,xcfrcocktjp.nf
dga,necurs,gjjjmnnl.tw
dga,necurs,uwfhxhcr.net
dga,necurs,vmmtwpauhna.tj
dga,necurs,hqheokdxgsfkmoyaf.ru
dga,necurs,fktrcftlrdfbjfdgbstr.org
dga,necurs,hoksbjbrebcqpforrvhmi.eu
dga,necurs,hjekrbgxoxmkmwxjgm.mn
dga,necurs,cafvshjpmdhgyjcwychem.sc
dga,necurs,fiiqxtsamjrl.su
dga,necurs,brhgebjgq.kz
dga,necurs,yxdlngbxvbmo.ir
dga,necurs,aqqcjfxnel.mu
dga,necurs,bcqrwlpbkxgyrrbxrw.tv
dga,necurs,egrceqtbtfs.cc
dga,necurs,xsmtgnmuglhivjvonmlt.kz
dga,necurs,xuvrvvxx.in
dga,necurs,cpftxciqkji.la
dga,necurs,teommivgahrx.tv
dga,necurs,goxbeqnua.jp
dga,necurs,vibjuuegttcxuopyf.ki
dga,necurs,sogoudfrvqaxcxrakc.ug
dga,necurs,bybvsewch.bit
dga,necurs,uttyenbux.ms
dga,necurs,hcdrhmbhocurwylq.ki
dga,necurs,ojhhnsmphlmvamxtv.jp
dga,necurs,eamdmmsdomnchexav.su
dga,necurs,whsxvrx.ac
dga,necurs,miyxjclkbarkytylehwn.us
dga,necurs,lfxjrgnwjtpxng.tj
dga,necurs,njeiiisrqwjb.bz
dga,necurs,gdwcmrefxitlcp.eu
dga,necurs,llntuibtywsgqwca.ga
dga,necurs,ytwuoyyxjylasdipengls.sh
dga,necurs,aorttcumds.la
dga,necurs,jtdvrgf.in
dga,necurs,cmdywcrxwjxkwsyv.ga
dga,necurs,snobilhmew.jp
dga,necurs,ngbjfetnti.mn
dga,necurs,uvqwyifyogworji.kz
dga,necurs,nvnevwntbddm.ug
dga,necurs,vgyovuwufvbnx.sh
dga,necurs,lwvxjsl.to
dga,necurs,gjilaelkitejaksrempp.sx
dga,necurs,hwlmetbwyyktbmwrspxn.tv
dga,necurs,nkfnqdpuwo.de
dga,necurs,yrwicrtkulnfqnevhtx.cc
dga,necurs,emowbtlrkllgdhc.tj
dga,necurs,jpaxisegwdds.bit
dga,necurs,xcbicreedy.us
dga,necurs,tkxuqgsfqtljy.in
dga,necurs,mqdvkck.mu
dga,necurs,qslqbywix.su
dga,necurs,qrbawtwcccnbjbro.ir
dga,necurs,slnjenbgk.cm
dga,necurs,jkuacjpopguqushsrgc.mx
dga,necurs,brpgoyldi.im
dga,necurs,csgvnphj.ru
dga,necurs,tdhnqfhgbo.me
dga,necurs,xksrfbmobhqqef.tv
dga,necurs,vjvuenvqwgpfyyfgana.sh
dga,necurs,siwypgjfjtt.mx
dga,necurs,dvycdrhmjyrcccasrbrxy.ga
dga,necurs,ogproowfl.sc
dga,necurs,jiapoixfajuu.in
dga,necurs,oxenjmff.org
dga,necurs,cjtfkpcen.cc
dga,necurs,vrmdwgvdimwudkvnlam.kz
dga,necurs,iswpwftms.net
dga,necurs,hixoymiyfuvlbwbhxtcq.com
dga,necurs,vldkdqiwixcepweyj.bit
dga,necurs,elgpcktuagnmqqulunx.bit
dga,necurs,aqyymyhtqwuqyakhxty.la
dga,necurs,wnyxtpwnqjkn.sx
dga,necurs,gsbsiuubu.ki
dga,necurs,dtyldesa.tj
dga,necurs,ryqocxlxntfsywa.ru
dga,necurs,dgtvnxxiwjyjiectoie.sx
dga,necurs,ieywwfavegguvk.in
dga,necurs,wjmuuejahdhlcwtmckfrf.cm
dga,necurs,ghtmpxdwopygugtd.pro
dga,necurs,pdymxbhqvro.me
dga,necurs,ckuxamgmofreeujgnirj.pro
dga,necurs,bijlrqduw.mn
dga,necurs,wicjciylqamgvi.im
dga,necurs,saetobibiuygdkutnatbt.xxx
dga,necurs,trafjegamx.tw
dga,necurs,asswgyppgfdivgwveefoe.ug
dga,necurs,ifklgdl.me
dga,necurs,poufcfnuthonslmxi.ms
dga,necurs,ntfrlvmdqslwewxtrxux.nf
dga,necurs,amxamlmvolqmjknrvq.biz
dga,necurs,ffpljseugcaopvrkqi.me
dga,necurs,bdiwoafvyes.de
dga,necurs,wnnkcrwpkumd.bit
dga,necurs,khsgtumyx.bit
dga,necurs,ivfgwknacxrthe.sh
dga,necurs,mnsfdupgvmmrddnhqke.ug
dga,necurs,fomoqclrjdukrijuwpt.sh
dga,necurs,dbcuowwfbnnxotariori.tv
dga,necurs,ntpfsmpuhwcxscmhm.ms
dga,necurs,hojqrhjxbv.eu
dga,necurs,pgvavahmredb.com
dga,necurs,kmkdehxpbxygqgofemd.co
dga,necurs,qbkabrlsrhrtddgl.so
dga,necurs,oaaudvgwloqxxbgmxbc.jp
dga,necurs,xhtcifmdcfaaasp.ru
dga,necurs,belouvulxoud.nf
dga,necurs,maupdcdmgthwpqlf.me
dga,necurs,fcfnjfeadraiohogjwdh.sh
dga,necurs,dnlfqukfksvfal.sc
dga,necurs,pshcsqranaijg.eu
dga,necurs,dhujvsqkivov.net
dga,necurs,tlubnwy.tv
dga,necurs,sqnumksb.ga
dga,necurs,udrhbkkvmdypvylgcy.in
dga,necurs,mrwrfyhb.me
dga,necurs,bohsdqhmwd.mn
dga,necurs,ttlvgsa.bit
dga,necurs,cuwuhwoexxfwd.kz
dga,necurs,yojmvoejgcoej.jp
dga,necurs,dfbjnwj.in
dga,necurs,yoqyadnsccbi.cx
dga,necurs,arcvpxrfh.jp
dga,necurs,jsqsiqdsflery.so
dga,necurs,rsceitlbjssfccbtsvxg.su
dga,necurs,qnoqqmxe.tw
dga,necurs,icrpevkrlltxwfxcjbh.to
dga,necurs,rylstgnldlxuboln.tv
dga,necurs,hvpwqiufbtepwlvh.tw
dga,necurs,ogsjrvpfsbskij.ug
dga,necurs,pgxjxwjag.com
dga,necurs,yumhqmjmqpk.su
dga,necurs,qwhajtyky.com
dga,necurs,ovvafgtjcnucmd.kz
dga,necurs,ndfsrqmddvhesofjct.de
dga,necurs,ounuuccms.ir
dga,necurs,cuhulpqeciqxuxgtn.su
dga,necurs,oolnmhbarerjyx.biz
dga,necurs,ryqpwpfji.biz
dga,necurs,tpwjenknc.co
dga,necurs,cvtrjmrfmsxbys.mu
dga,necurs,tgdihannqnwblipd.cc
dga,necurs,usxunvcbxj.sc
dga,necurs,dqqhoqebkgwmmcpiqq.nf
dga,necurs,pweepdxmf.sh
dga,necurs,nwrdspjrmpdanobf.mu
dga,necurs,qbplpwxbjgltotlu.ga
dga,necurs,ivgmnneqgailumcg.xxx
dga,necurs,wnvbpjakkgatecmd.ru
dga,necurs,lnbvbuvofxrmyaiowg.la
dga,necurs,bvxpupn.ms
dga,necurs,tlpltcpobseekdse.com
dga,necurs,yopbgbqow.sc
dga,necurs,ewyggufotuxsdi.kz
dga,necurs,iymyxfakxxydt.bit
dga,necurs,vcbyokdqooscbwhri.sc
dga,necurs,qftogrbixnnkegpbhb.co
dga,necurs,oxcommmvidapyfjfu.kz
dga,necurs,miysaebccnxwdrwff.bz
dga,necurs,ypkutiutmcgb.ru
dga,necurs,ridnioihag.de
dga,necurs,qpiijdyxhtrfafj.to
dga,necurs,pwwveycxq.la
dga,necurs,ytemert.tj
dga,necurs,vcudmvvuidfabe.biz
dga,necurs,rccujux.biz
dga,necurs,inkpxlgghiysrei.sx
dga,necurs,nedwgmfcspojjplh.ru
dga,necurs,uhvfhxiqgcvtmqlupn.im
dga,necurs,mcygdbdamgkvekd.biz
dga,necurs,hulixgthyrmwhxjteo.eu
dga,necurs,sgfefxyj.ga
dga,necurs,oqkmriyraic.mn
dga,necurs,nrohvhtp.im
dga,necurs,mquyhxvekd.mn
dga,necurs,agflxmejasxsjjmxsts.pro
dga,necurs,jwfcdwnpcgslc.com
dga,necurs,kcfymdvsluwty.de
dga,necurs,jokyhfm.ms
dga,necurs,gbkoxjwtosoikdiugfvay.bit
dga,necurs,elbfyegmawf.us
dga,necurs,kjvefvwilolinnbagj.me
dga,necurs,dopmerjomadnk.com
dga,necurs,ridyolacr.tv
dga,necurs,nqmejosgsjkoslk.ir
dga,necurs,uqmxooedythuheaddhwj.ug
dga,necurs,indlsxffrco.ru
dga,necurs,xfgaeuydxjmatm.ga
dga,necurs,rhvdilxwverucxcecv.ki
dga,necurs,bcvpgqmjotstxuj.la
dga,necurs,auhkydcrjuqgcmwnf.ug
dga,necurs,khatytshe.cx
dga,necurs,sdpbchsensyhayisrd.nu
dga,necurs,rbfqwhthhiexfr.kz
dga,necurs,xsdsnfqjaxohkdcoagkcc.ms
dga,necurs,wxxspagiuxuyq.so
dga,necurs,inmyfiuqrdmtpglixp.cm
dga,necurs,ascahlqj.cc
dga,necurs,emvtibuqcde.net
dga,necurs,plbkmwfkymeglgfq.ki
dga,necurs,bvityrvnoicldurpsgyd.sc
dga,necurs,ecmmslwhulpssfl.mx
dga,necurs,uyibsgpyisajmawodaxr.jp
dga,necurs,rluuybuoewjmhejlouoaq.ac
dga,necurs,lijlqsvjauc.net
dga,necurs,eotvwytmvh.ki
dga,necurs,tnbkscvtxvlntlmhfr.sx
dga,necurs,hequlexlrhangohbkysct.mu
dga,necurs,dwuyriflieqlcduqseqq.to
dga,necurs,fiokdrrykmvxtsnuwpe.tw
dga,necurs,nspcmhsxmy.org
dga,necurs,rjfytwi.ug
dga,necurs,dqncfwnb.sx
dga,necurs,dblwundk.org
dga,necurs,cxpeyvxubgfaxxbe.bz
dga,necurs,isddhmpkvbboubihde.ki
dga,necurs,jjxershm.bz
dga,necurs,vmttbyufpd.bz
dga,necurs,kfanrfp.tw
dga,necurs,ascjtefsrkpuie.mn
dga,necurs,ipbkdxwi.tw
dga,necurs,lstqohq.mn
dga,necurs,oidhlcdf.im
dga,necurs,qjlnxjrysqapdwrf.mx
dga,necurs,pnuddwsknkdaidije.bz
dga,necurs,ayktnkrlpuxhwgvcghbow.cx
dga,necurs,ifhvqcrjjmokl.nf
dga,necurs,towidnprl.nf
dga,necurs,waarypdncpvx.so
dga,necurs,xmtplvqyccrhaatc.bz
dga,necurs,hacxegtwprtlm.cm
dga,necurs,nfqlkocjpjdxvchdamovi.co
dga,necurs,pmkrbkppilcffhv.in
dga,necurs,xrifavekdqpsqoolijdfx.cc
dga,necurs,wulouwepphau.pro
dga,necurs,uthttvqceggnug.org
dga,necurs,shebdggbfvsigdb.us
dga,necurs,wkqoqrxwujiesfjhd.cc
dga,necurs,leiybgy.nu
dga,necurs,vdjesvft.biz
dga,necurs,tdhlhcmkdfylrrs.nf
dga,necurs,lfvdgfevmaeuhmvjs.pw
dga,necurs,eogtqyook.jp
dga,necurs,lrnxrkaofextvg.la
dga,necurs,fsujsuebppnyvbd.me
dga,necurs,ifvrhslxr.ac
dga,necurs,vmiwbxgth.jp
dga,necurs,lnsqqtdknoomxohjwgf.org
dga,necurs,xthjdtamo.to
dga,necurs,ynfdkixrkhsmciw.bz
dga,necurs,lakfptxalrolrdg.sx
dga,necurs,msjendwhwjy.net
dga,necurs,lncwgupfqihnufwosar.co
dga,necurs,dcykjbqgncivwgb.me
dga,necurs,ymlceifhfoortqwxr.mx
dga,necurs,rxtqsjjkfyfdrcrjlvep.bit
dga,necurs,qqcuyjbmy.ga
dga,necurs,vhbwsva.us
dga,necurs,yellqdjjrnc.tj
dga,necurs,grybcvxgxfobjerh.de
dga,necurs,jpowyhhe.jp
dga,necurs,qkyskyb.de
dga,necurs,tyklesrv.la
dga,necurs,fsvytncpnldyt.to
dga,necurs,dcwfvxddfyhhd.pw
dga,necurs,iwgsnpte.tv
dga,necurs,wmmyfdgjfqypmre.net
dga,necurs,gmwyfuhwqveqcbasvtj.in
dga,necurs,shnmbtpyewrtuwfjthju.co
dga,necurs,mutfgvevpnwcgv.org
dga,necurs,qccowegsocvudhunhws.ms
dga,necurs,qnwjehestwys.ac
dga,necurs,xxenmxuttwbkpxx.mx
dga,necurs,dkhnxur.tj
dga,necurs,gunrbxmcm.tw
dga,necurs,daubnwwlbwfxqtxvboqhp.xxx
dga,necurs,sikikyhmbqyjenewfwy.eu
dga,necurs,ivxvpfnaxb.tw
dga,necurs,hupohdlxikkykcbrnstnp.kz
dga,necurs,qnystslfjbxyufjcjbntj.pro
dga,necurs,mshuluulddupq.mu
dga,necurs,wjggjsoflaaogtxi.bz
dga,necurs,bexnkwblruwitov.cc
dga,necurs,havcjqntsyhxejjiguw.us
dga,necurs,yjuscbodrydh.to
dga,necurs,tbdjvowwolqd.xxx
dga,necurs,bcmhssyoxoiphhkphmi.so
dga,necurs,asxqhpauxyykwwyoxpp.net
dga,necurs,bkihxmhci.ki
dga,necurs,eaooqgiitx.ki
dga,necurs,ifsovlb.mx
dga,necurs,jgtwuiweeyglbpol.us
dga,necurs,nqnfkrxbeumwbvrcotmgi.mn
dga,necurs,jcoveenddwovfxstbntim.ug
dga,necurs,psklusibqtrgw.kz
dga,necurs,wqclwsagbwngcb.to
dga,necurs,mrehellxgprhohbfa.sx
dga,necurs,nwmdttncpvmra.pw
dga,necurs,xhwdvafgxhun.co
dga,necurs,kyqniavlixlvxlvlpke.com
dga,necurs,nondhiaiewlpslwwsncm.mn
dga,necurs,jmtcgdiqsyubbnnvfyce.kz
dga,necurs,jyrengllf.ug
dga,necurs,plvevauaabdll.so
dga,necurs,ybnqnnrkbjjfnmrgcs.cc
dga,necurs,voqulprgcj.kz
dga,necurs,dedaupcgjueuowrdw.sh
dga,necurs,qxthsyiomkjfiq.mu
dga,necurs,ttnmjjvvxnxlrt.sc
dga,necurs,bqdrqbwaaol.ru
dga,necurs,lojcxvwibwoxe.ga
dga,necurs,fpebbjdvxcrlyge.tv
dga,necurs,adkeafewnxunvcp.kz
dga,necurs,rsmhfmluninb.kz
dga,necurs,pvxntvqsrclwumrv.in
dga,necurs,wfsouiw.nu
dga,necurs,wwrhowr.bit
dga,necurs,erduoku.nu
dga,necurs,daxjgxgjyyllboyicbva.ug
dga,necurs,lobjmcclnhgufxvaok.ac
dga,necurs,tslfndpvjcaiuxlmgvaye.ru
dga,necurs,yomdihpvbvxvyv.sh
dga,necurs,bbqyksufm.mn
dga,necurs,fyvfxdlilvndwdh.sx
dga,necurs,msuulqs.me
dga,necurs,scyxmantyrsejyeklp.nf
dga,necurs,fecrribhqk.cc
dga,necurs,ymajrwbjwpgdwl.ir
dga,necurs,ujeagddxlkinmwoqkphys.mx
dga,necurs,oyqvfnbywjfrtriw.tw
dga,necurs,kumhgkkecpkiamvcr.de
dga,necurs,jfoypkeowy.sh
dga,necurs,wlrvsfqt.im
dga,necurs,eocdsfeqokeagixgvcadq.de
dga,necurs,enxhwaseosu.bz
dga,necurs,taaimbgqabmq.mn
dga,necurs,fqboroahradedkrrc.ms
dga,necurs,eqndnwdfqtuqrykk.cx
dga,necurs,lfjwkqxlhrh.us
dga,necurs,fylscghwqvnt.ru
dga,necurs,gscwumoffjtswpsjauqmk.xxx
dga,necurs,nqaoxtblgtxiujb.mu
dga,necurs,xtgpmdeyae.com
dga,necurs,qycgntmdcsisesh.mu
dga,necurs,mhfouvwhrl.sx
dga,necurs,dkhmxsxphw.su
dga,necurs,egocjqvexts.in
dga,necurs,gufoandntp.im
dga,necurs,ffrcsdiy.im
dga,necurs,whmcdefugvho.org
dga,necurs,rvkeogbrkwumgsvob.kz
dga,necurs,vxrtkqpvaygjlbvfyft.tv
dga,necurs,qrbefetxirduljgxgxwy.bit
dga,necurs,aetnptryoxjdjxgcv.bit
dga,necurs,fkajrcpuftm.nf
dga,necurs,nxvfpgljcs.kz
dga,necurs,lytjylsqsdifaveqt.im
dga,necurs,axkjsdjbivyjgyntg.ug
dga,necurs,rgxkjjv.so
dga,necurs,fojdegqcwa.mn
dga,necurs,ooslcfigcca.su
dga,necurs,guvxlajifobfmkkvufgmf.mu
dga,necurs,podbyhynhpuasxsugy.cx
dga,necurs,sljebujx.la
dga,necurs,wovhlqgbeoxtvyywpxoxn.sx
dga,necurs,sfeokyjst.biz
dga,necurs,verqhpdgrvcoyevfxs.ki
dga,necurs,waqoxjofdpvg.nu
dga,necurs,jnneqtfveles.nu
dga,necurs,aywcmkxqhnayps.su
dga,necurs,gospyykouqvwecvtk.sc
dga,necurs,vdownllvihh.sc
dga,necurs,jiuxvnhgu.im
dga,necurs,yclfxlnlbnhdfousvdsn.pw
dga,necurs,nsgeospxlyaridijkp.cc
dga,necurs,bwflkimsnbraseknqegj.us
dga,necurs,qncdkjtttwfsyeisre.net
dga,necurs,rbcvyxjmkmoldu.ug
dga,necurs,trjbddttggguetansi.pw
dga,necurs,kportavviuhqhj.cm
dga,necurs,aboivcwjkhcpjj.ir
dga,necurs,jgusemlooqsama.cm
dga,necurs,stnblmdnifqpjw.eu
dga,necurs,raprkrymt.com
dga,necurs,bjnofjiwp.tv
dga,necurs,bfxoytxflgm.su
dga,necurs,exoqaenlyadvuus.pw
dga,necurs,tmrldlleigrf.mu
dga,necurs,lgqbboubhunypjobxusf.su
dga,necurs,rlapbhgtfg.de
dga,necurs,nueishmyryuwb.eu
dga,necurs,yednfwserakxfruhlefqx.in
dga,necurs,dygrsmhk.com
dga,necurs,xbvphilonwqhlcrli.kz
dga,necurs,afpvhufsdrlcq.pro
dga,necurs,knhixbenlbndfstddsyy.ga
dga,necurs,skmfcpoaektlgmgewjkx.cm
dga,necurs,gpjvsbqdjheut.sh
dga,necurs,gifsuwtdehenhqyhu.mn
dga,necurs,yrbapkehtelykmjpx.mn
dga,necurs,xcmwftfuh.xxx
dga,necurs,gmovcbbnxhtejwfqd.tj
dga,necurs,undqyaignykt.me
dga,necurs,wvsfwdelfqxka.pro
dga,necurs,wtyljrxiugaxyer.eu
dga,necurs,tmyfgcfxynubwbawd.so
dga,necurs,nmkkswtdtidovnypsitfx.kz
dga,necurs,gatgbybq.ug
dga,necurs,hcwhidrjpkmn.biz
dga,necurs,ctlxxibmikinkafu.mn
dga,necurs,emxmmvgwushskjtej.mu
dga,necurs,rsvfbeahciivk.in
dga,necurs,xfobicwgkq.ki
dga,necurs,jkpiduedoyuojbqwo.mu
dga,necurs,aukjcbwovobhfph.kz
dga,necurs,ikoeykhhty.ki
dga,necurs,axjjwnfqe.ga
dga,necurs,fmkghiuk.ir
dga,necurs,ricfwgna.tv
dga,necurs,brdqyguu.bit
dga,necurs,uuxvcyyq.pro
dga,necurs,jbirqhpircwvq.im
dga,necurs,iuogrxkstnho.sc
dga,necurs,ejtscvgmqukiiukxkvv.tj
dga,necurs,whvkklnejcdcbbbvep.ms
dga,necurs,tqnctxeixx.bz
dga,necurs,tfgibvvdl.ru
dga,necurs,iqdpvmeywdb.kz
dga,necurs,yxhubanqrbvloyx.ac
dga,necurs,cqhioigxhdudk.bz
dga,necurs,pbihekfalmyvee.sc
dga,necurs,tbyucbxxeuboqmeasxgv.pro
dga,necurs,sjphksfiwtufqxyibwcov.mu
dga,necurs,ttgcbfojbrotmo.xxx
