orig_bytes,resp_bytes,duration,tot_pkts
20316600.0,483774.0,1639.350952,21485.0
136546777.0,869640.0,1805.375,104956.0
3974.0,3556.0,1766.891602,92.0
66.0,66.0,0.000748,2.0
81.0,163.0,0.000277,2.0
81.0,199.0,0.000399,2.0
549.0,670.0,0.220556,10.0
74.0,326.0,0.000383,2.0
74.0,326.0,0.00029,2.0
272.0,206.0,0.019515,7.0
158.0,0.0,0.0,1.0
76.0,126.0,0.000201,2.0
76.0,126.0,0.000236,2.0
76.0,153.0,0.000409,2.0
1005.0,828.0,1.648249,9.0
1143.0,3831.0,0.389931,13.0
77.0,122.0,0.000191,2.0
71.0,128.0,0.000233,2.0
69.0,119.0,0.10674,2.0
77.0,122.0,0.000478,2.0
71.0,128.0,0.000437,2.0
77.0,163.0,0.00017,2.0
71.0,188.0,0.000416,2.0
84.0,178.0,0.000276,2.0
84.0,520.0,0.000408,2.0
3237.0,1588.0,249.94841,27.0
69.0,119.0,0.000225,2.0
69.0,146.0,0.114605,2.0
78.0,128.0,9e-05,2.0
81.0,151.0,0.000278,2.0
78.0,128.0,0.000181,2.0
81.0,239.0,0.0003,2.0
78.0,216.0,0.000266,2.0
76.0,131.0,0.000225,2.0
74.0,203.0,0.000302,2.0
76.0,131.0,0.000212,2.0
74.0,387.0,0.000522,2.0
76.0,221.0,0.000292,2.0
1217.0,3112.0,309.524506,23.0
5890.0,143686.0,539.535217,169.0
74.0,203.0,0.000293,2.0
74.0,387.0,0.000376,2.0
2905.0,49637.0,309.460205,68.0
2520.0,2520.0,1737.704346,56.0
85.0,274.0,0.000329,2.0
85.0,274.0,0.000274,2.0
74.0,326.0,0.000403,2.0
74.0,326.0,0.000273,2.0
272.0,140.0,0.017858,6.0
1243.0,790.0,6.273532,11.0
180.0,180.0,1063.999146,4.0
75.0,75.0,0.249188,2.0
75.0,75.0,0.247433,2.0
5040.0,5040.0,1766.277222,112.0
198.0,264.0,59.634125,7.0
75.0,75.0,0.247784,2.0
75.0,75.0,0.247146,2.0
75.0,467.0,0.000409,2.0
3849.0,1975.0,240.15097,37.0
74.0,326.0,0.000395,2.0
74.0,326.0,0.000254,2.0
272.0,206.0,0.017685,7.0
4104.0,5415.0,1074.490356,121.0
2807.0,1780.0,476.319153,29.0
396.0,396.0,151.950684,12.0
2916.0,3708.0,1753.134644,60.0
198.0,198.0,37.075836,6.0
198.0,198.0,36.915947,6.0
198.0,198.0,39.05093,6.0
198.0,198.0,39.050598,6.0
198.0,198.0,39.050598,6.0
198.0,198.0,39.051193,6.0
198.0,198.0,39.050262,6.0
198.0,198.0,39.050266,6.0
252.0,235.0,38.638042,7.0
81.0,163.0,0.000223,2.0
81.0,199.0,0.000311,2.0
549.0,670.0,0.249841,10.0
1642.0,2386.0,359.697815,39.0
74.0,326.0,0.000494,2.0
74.0,326.0,0.000384,2.0
272.0,140.0,0.018205,6.0
10702.0,30536.0,1740.09375,190.0
1243.0,790.0,6.260801,11.0
264.0,362.0,14.533594,8.0
264.0,362.0,14.533318,8.0
264.0,362.0,14.533746,8.0
264.0,362.0,14.533919,8.0
264.0,362.0,14.534072,8.0
4727.0,1706.0,241.997711,29.0
74.0,326.0,0.000466,2.0
74.0,326.0,0.000474,2.0
272.0,140.0,0.018254,6.0
3030.0,3425.0,1673.009277,95.0
2220.0,2160.0,1673.009521,73.0
74.0,326.0,0.000403,2.0
74.0,326.0,0.00049,2.0
272.0,140.0,0.01848,6.0
82.0,133.0,0.0003,2.0
82.0,133.0,0.000236,2.0
82.0,134.0,0.000308,2.0
1243.0,790.0,6.233382,11.0
1800.0,1740.0,1039.553467,59.0
81.0,163.0,0.000275,2.0
81.0,199.0,0.000321,2.0
549.0,670.0,0.211458,10.0
74.0,326.0,0.00042,2.0
74.0,326.0,0.000344,2.0
272.0,140.0,0.018316,6.0
74.0,326.0,0.000565,2.0
74.0,326.0,0.000466,2.0
272.0,140.0,0.017864,6.0
1243.0,790.0,6.216537,11.0
900.0,900.0,1713.64209,20.0
74.0,326.0,0.010869,2.0
74.0,326.0,0.000219,2.0
272.0,140.0,0.018659,6.0
81.0,163.0,0.000287,2.0
81.0,199.0,0.000307,2.0
549.0,669.0,0.267734,10.0
74.0,326.0,0.000345,2.0
74.0,326.0,0.000397,2.0
272.0,140.0,0.018403,6.0
1243.0,790.0,6.190992,11.0
74.0,74.0,0.029791,2.0
74.0,74.0,0.029569,2.0
74.0,171.0,0.000274,2.0
74.0,326.0,0.000403,2.0
74.0,326.0,0.000372,2.0
272.0,206.0,0.018416,7.0
81.0,135.0,0.000281,2.0
81.0,135.0,0.000261,2.0
81.0,234.0,0.00033,2.0
733.0,911.0,0.535784,10.0
998.0,16079.0,0.905765,24.0
1190.0,22369.0,0.891379,32.0
1077.0,17414.0,0.717679,26.0
1077.0,16537.0,0.714261,26.0
73.0,137.0,0.080506,2.0
73.0,137.0,0.00031,2.0
73.0,204.0,0.000314,2.0
741.0,1826.0,0.539104,12.0
74.0,326.0,0.00034,2.0
74.0,326.0,0.000393,2.0
272.0,206.0,0.018366,7.0
82.0,133.0,0.000245,2.0
82.0,133.0,0.000247,2.0
82.0,134.0,0.000239,2.0
1243.0,790.0,6.17075,11.0
74.0,326.0,0.000372,2.0
74.0,326.0,0.000369,2.0
272.0,140.0,0.017626,6.0
81.0,163.0,0.0003,2.0
81.0,199.0,0.000239,2.0
549.0,670.0,0.217467,10.0
630.0,630.0,1580.991699,14.0
74.0,326.0,0.000117,2.0
74.0,326.0,0.00034,2.0
272.0,140.0,0.017866,6.0
1243.0,791.0,6.147613,11.0
74.0,326.0,0.000363,2.0
74.0,326.0,0.000333,2.0
272.0,140.0,0.018104,6.0
79.0,129.0,0.000209,2.0
79.0,129.0,0.000208,2.0
79.0,217.0,0.000258,2.0
74.0,326.0,0.000396,2.0
74.0,326.0,0.000347,2.0
272.0,140.0,0.018386,6.0
81.0,163.0,0.00028,2.0
81.0,199.0,0.000327,2.0
549.0,670.0,0.289895,10.0
1243.0,790.0,6.129496,11.0
74.0,326.0,0.000443,2.0
74.0,326.0,0.000389,2.0
272.0,140.0,0.018353,6.0
74.0,326.0,0.000456,2.0
74.0,326.0,0.00039,2.0
272.0,140.0,0.017854,6.0
82.0,133.0,0.000354,2.0
82.0,133.0,0.000277,2.0
82.0,134.0,0.00023,2.0
1243.0,791.0,6.103691,11.0
74.0,326.0,0.000451,2.0
74.0,326.0,0.000288,2.0
272.0,140.0,0.017759,6.0
79.0,130.0,0.000196,2.0
79.0,130.0,0.000205,2.0
79.0,131.0,0.00024,2.0
7808.0,32512.0,6.18704,60.0
2974.0,3884.0,1620.119141,88.0
2220.0,2220.0,1620.237061,74.0
81.0,163.0,0.000296,2.0
81.0,199.0,0.000261,2.0
549.0,670.0,0.251287,10.0
82.0,133.0,0.000285,2.0
82.0,133.0,0.000147,2.0
82.0,134.0,0.000215,2.0
6930.0,11020.0,35.921921,41.0
3799.0,5409.0,35.921841,24.0
1933.0,2425.0,35.921497,14.0
78.0,130.0,0.00027,2.0
78.0,130.0,0.000319,2.0
78.0,180.0,0.000278,2.0
1463.0,996.0,0.004502,9.0
79.0,130.0,0.000194,2.0
79.0,130.0,0.00021,2.0
79.0,131.0,0.000288,2.0
1210.0,2722.0,5.893374,13.0
1210.0,2389.0,5.89364,13.0
79.0,130.0,0.000191,2.0
1248.0,642.0,5.871726,11.0
79.0,130.0,0.000249,2.0
79.0,131.0,0.000242,2.0
79.0,131.0,0.000163,2.0
428.0,288.0,15.870065,10.0
79.0,131.0,0.000233,2.0
79.0,181.0,0.000347,2.0
1111.0,996.0,0.004479,9.0
1237.0,791.0,5.816583,11.0
77.0,128.0,0.000226,2.0
80.0,131.0,0.000278,2.0
78.0,129.0,0.000258,2.0
78.0,129.0,0.000173,2.0
80.0,131.0,0.000173,2.0
77.0,128.0,0.000212,2.0
78.0,130.0,0.000232,2.0
80.0,132.0,0.0003,2.0
77.0,129.0,0.000385,2.0
82.0,133.0,0.000175,2.0
72.0,123.0,0.000363,2.0
77.0,128.0,0.000366,2.0
82.0,133.0,0.000126,2.0
77.0,128.0,0.000215,2.0
72.0,123.0,0.000216,2.0
82.0,134.0,0.00018,2.0
77.0,129.0,0.000333,2.0
72.0,124.0,0.000313,2.0
78.0,129.0,0.000145,2.0
80.0,131.0,0.000317,2.0
77.0,128.0,0.000221,2.0
78.0,129.0,0.00029,2.0
80.0,131.0,0.000242,2.0
77.0,128.0,0.000244,2.0
78.0,130.0,0.000302,2.0
80.0,132.0,0.000197,2.0
77.0,129.0,0.000298,2.0
82.0,133.0,0.000247,2.0
77.0,128.0,0.000207,2.0
80.0,131.0,0.000276,2.0
77.0,128.0,0.000246,2.0
82.0,133.0,0.000296,2.0
77.0,129.0,0.000187,2.0
82.0,134.0,0.000276,2.0
80.0,131.0,0.000327,2.0
80.0,132.0,0.00031,2.0
81.0,132.0,0.000362,2.0
82.0,133.0,0.000364,2.0
82.0,133.0,0.000138,2.0
81.0,132.0,0.000181,2.0
82.0,133.0,0.000252,2.0
81.0,133.0,0.000254,2.0
82.0,134.0,0.000324,2.0
82.0,133.0,0.000221,2.0
78.0,129.0,0.000228,2.0
76.0,127.0,0.000227,2.0
82.0,134.0,0.000259,2.0
76.0,127.0,0.000255,2.0
78.0,129.0,0.000254,2.0
76.0,127.0,0.000159,2.0
76.0,128.0,0.000178,2.0
78.0,130.0,0.00023,2.0
76.0,127.0,0.000229,2.0
80.0,131.0,0.000151,2.0
74.0,135.0,0.000189,2.0
76.0,128.0,0.000209,2.0
80.0,131.0,0.000251,2.0
74.0,135.0,0.000254,2.0
80.0,132.0,0.000259,2.0
74.0,136.0,0.000361,2.0
1213.0,601.0,11.999947,11.0
1626.0,11157.0,11.937259,25.0
1830.0,3054.0,29.802073,16.0
1829.0,3082.0,29.802023,16.0
1150.0,3676.0,9.765419,15.0
75.0,125.0,0.000188,2.0
84.0,135.0,0.000332,2.0
1084.0,3113.0,9.764736,13.0
1150.0,3876.0,9.764619,15.0
75.0,125.0,0.000214,2.0
84.0,135.0,0.000173,2.0
75.0,165.0,0.000177,2.0
84.0,136.0,0.000229,2.0
815.0,595.0,29.759388,11.0
1093.0,509.0,9.757926,11.0
1092.0,509.0,9.75819,11.0
1092.0,509.0,9.757732,11.0
1092.0,509.0,9.758044,11.0
1092.0,509.0,9.757656,11.0
1185.0,860.0,0.006577,9.0
985.0,860.0,0.00426,9.0
80.0,131.0,1.3e-05,2.0
80.0,131.0,2.9e-05,2.0
80.0,132.0,0.00027,2.0
1109.0,654.0,9.637757,11.0
80.0,131.0,0.000203,2.0
80.0,131.0,0.000203,2.0
80.0,132.0,0.000236,2.0
74.0,326.0,0.000445,2.0
74.0,326.0,0.000393,2.0
272.0,140.0,0.01809,6.0
76.0,181.0,0.000342,2.0
76.0,248.0,0.000382,2.0
540.0,540.0,1561.114014,12.0
74.0,326.0,0.000429,2.0
74.0,326.0,0.000307,2.0
272.0,140.0,0.01799,6.0
74.0,326.0,0.000441,2.0
74.0,326.0,0.000385,2.0
272.0,206.0,0.018228,7.0
81.0,163.0,0.000207,2.0
81.0,199.0,0.000264,2.0
549.0,670.0,0.234141,10.0
74.0,326.0,0.000543,2.0
74.0,326.0,0.000319,2.0
272.0,140.0,0.01809,6.0
74.0,326.0,0.000395,2.0
74.0,326.0,5e-06,2.0
272.0,206.0,0.018493,7.0
69.0,119.0,0.133452,2.0
69.0,119.0,0.000283,2.0
69.0,146.0,0.11918,2.0
72.0,198.0,0.000261,2.0
72.0,382.0,0.001792,2.0
227163.0,15280952.0,305.90921,13989.0
76.0,126.0,0.10656,2.0
76.0,126.0,0.000306,2.0
76.0,153.0,0.103682,2.0
1185.0,872.0,0.358468,9.0
272.0,210.0,15.668959,7.0
74.0,326.0,0.000462,2.0
74.0,326.0,0.000382,2.0
272.0,140.0,0.017768,6.0
79.0,129.0,0.000268,2.0
79.0,129.0,0.000186,2.0
79.0,217.0,0.000378,2.0
81.0,163.0,0.000312,2.0
81.0,199.0,0.000226,2.0
549.0,670.0,0.232437,10.0
74.0,326.0,0.000365,2.0
74.0,326.0,0.0003,2.0
272.0,140.0,0.018177,6.0
82.0,143.0,0.03,2.0
82.0,143.0,0.000222,2.0
82.0,258.0,0.00028,2.0
1186.0,6017.0,0.179244,18.0
82.0,258.0,0.118487,2.0
1783.0,5140.0,0.262376,24.0
82.0,143.0,0.000216,2.0
82.0,143.0,0.000263,2.0
82.0,258.0,0.000331,2.0
1330.0,6017.0,0.204423,20.0
74.0,326.0,0.000406,2.0
74.0,326.0,0.000385,2.0
272.0,140.0,0.017916,6.0
76.0,148.0,0.000258,2.0
76.0,490.0,0.000435,2.0
80709.0,16700.0,1342.182007,196.0
74.0,326.0,0.000615,2.0
74.0,326.0,0.000313,2.0
272.0,140.0,0.017831,6.0
4320.0,4320.0,1507.53894,96.0
1070.0,0.0,0.736459,2.0
396.0,0.0,0.59789,2.0
81.0,163.0,0.000394,2.0
81.0,199.0,0.000272,2.0
549.0,670.0,0.315313,10.0
1258.0,974.0,0.354246,11.0
75.0,75.0,0.248612,2.0
1258.0,974.0,0.378313,11.0
75.0,75.0,0.247818,2.0
1070.0,0.0,8.97987,2.0
396.0,0.0,8.979779,2.0
75.0,75.0,0.248438,2.0
75.0,75.0,0.247334,2.0
76.0,147.0,0.000265,2.0
76.0,489.0,0.000422,2.0
21748.0,66075.0,618.023804,148.0
75.0,467.0,0.000361,2.0
88807.0,1019797.0,592.262329,1472.0
97.0,186.0,0.039518,2.0
97.0,304.0,0.010124,2.0
167948.0,6791469.0,247.736542,7759.0
74.0,326.0,0.000368,2.0
74.0,326.0,0.000311,2.0
272.0,140.0,0.018144,6.0
1258.0,974.0,0.385542,11.0
80.0,130.0,0.000213,2.0
74.0,129.0,0.000193,2.0
74.0,129.0,0.000161,2.0
74.0,167.0,0.000195,2.0
8563.0,12855.0,20.089113,42.0
78.0,130.0,0.000325,2.0
78.0,130.0,0.00026,2.0
78.0,180.0,0.000419,2.0
1530.0,1004.0,0.005856,9.0
83.0,225.0,0.044292,2.0
84.0,178.0,0.00031,2.0
84.0,520.0,0.000359,2.0
3903.0,1784.0,249.992722,27.0
83.0,497.0,0.021324,2.0
3338.0,2247.0,309.947754,28.0
74.0,129.0,0.000282,2.0
74.0,129.0,0.000238,2.0
74.0,167.0,0.000369,2.0
5784.0,6896.0,19.898911,30.0
80.0,153.0,0.000324,2.0
80.0,230.0,0.000265,2.0
1224.0,703.0,0.02698,12.0
80.0,153.0,0.000325,2.0
80.0,230.0,0.000282,2.0
1223.0,703.0,0.035468,12.0
75.0,119.0,0.000257,2.0
75.0,119.0,0.000304,2.0
75.0,145.0,0.000275,2.0
1114.0,1272.0,0.444048,10.0
72.0,198.0,0.000297,2.0
72.0,379.0,0.001554,2.0
2828.0,9651.0,308.783813,35.0
84.0,170.0,0.020108,2.0
84.0,288.0,0.009961,2.0
6440.0,6580.0,558.720276,43.0
74.0,144.0,0.000226,2.0
74.0,326.0,0.00049,2.0
80.0,274.0,0.062114,2.0
80.0,538.0,0.042981,2.0
4149.0,4110.0,108.440323,26.0
77.0,199.0,0.12148,2.0
77.0,463.0,0.039148,2.0
4576.0,4477.0,108.019958,25.0
272.0,140.0,17.924398,6.0
1472.0,868.0,0.004395,9.0
80.0,153.0,0.000243,2.0
80.0,230.0,0.000366,2.0
1223.0,703.0,0.025759,12.0
80.0,153.0,0.000336,2.0
80.0,230.0,0.000241,2.0
1223.0,703.0,0.024964,12.0
875.0,1169.0,0.336272,15.0
1142.0,1507.0,0.416889,16.0
895.0,1169.0,0.293327,15.0
1162.0,1515.0,0.236266,16.0
1142.0,1507.0,0.250308,16.0
1530.0,868.0,0.007438,9.0
80.0,153.0,0.000384,2.0
80.0,230.0,0.000271,2.0
1223.0,703.0,0.024502,12.0
1162.0,1515.0,0.36544,16.0
80.0,153.0,0.000291,2.0
80.0,230.0,0.000327,2.0
1223.0,703.0,0.02435,12.0
74.0,326.0,0.000357,2.0
74.0,326.0,0.000279,2.0
272.0,140.0,0.018248,6.0
74.0,144.0,0.000494,2.0
74.0,326.0,0.000475,2.0
1397.0,1096.0,240.033295,26.0
85.0,166.0,0.000317,2.0
85.0,332.0,0.0004,2.0
57863.0,14052.0,652.815918,145.0
83.0,133.0,2.5e-05,2.0
83.0,133.0,5e-06,2.0
83.0,221.0,0.000254,2.0
74.0,326.0,0.000403,2.0
74.0,326.0,0.000423,2.0
272.0,140.0,0.018611,6.0
75.0,120.0,0.00024,2.0
75.0,120.0,0.000237,2.0
75.0,145.0,0.145443,2.0
92.0,167.0,0.00018,2.0
92.0,167.0,0.000302,2.0
92.0,167.0,0.000141,2.0
92.0,167.0,0.00021,2.0
81.0,163.0,0.000192,2.0
81.0,199.0,0.000343,2.0
549.0,669.0,0.315268,10.0
74.0,326.0,0.000395,2.0
74.0,326.0,0.000415,2.0
272.0,140.0,0.019174,6.0
75.0,75.0,0.246895,2.0
74.0,326.0,0.00046,2.0
74.0,326.0,0.000443,2.0
272.0,140.0,0.018334,6.0
75.0,75.0,0.247402,2.0
75.0,75.0,0.248243,2.0
75.0,75.0,0.245944,2.0
75.0,467.0,0.000373,2.0
3845.0,1977.0,240.147461,37.0
1114.0,1272.0,0.435599,10.0
74.0,326.0,0.000496,2.0
74.0,326.0,0.000315,2.0
272.0,206.0,0.017931,7.0
74.0,202.0,0.001871,2.0
74.0,386.0,0.002151,2.0
3353.0,3704.0,573.617615,38.0
77.0,238.0,0.136119,2.0
77.0,341.0,0.022907,2.0
1090.0,5092.0,0.188699,16.0
832.0,756.0,0.140629,10.0
84.0,219.0,0.001956,2.0
84.0,403.0,0.001958,2.0
1405.0,1013.0,302.99588,22.0
79.0,210.0,0.000311,2.0
79.0,313.0,0.00035,2.0
1450.0,1989.0,0.23841,12.0
81.0,163.0,0.000211,2.0
81.0,199.0,0.000348,2.0
549.0,670.0,0.31695,10.0
74.0,326.0,0.000355,2.0
74.0,326.0,0.00047,2.0
272.0,206.0,0.017994,7.0
86.0,152.0,0.033766,2.0
86.0,152.0,0.000166,2.0
86.0,154.0,0.001996,2.0
74.0,326.0,0.000454,2.0
74.0,326.0,0.000399,2.0
272.0,140.0,0.018047,6.0
83.0,133.0,0.000243,2.0
83.0,133.0,0.000329,2.0
83.0,221.0,0.000255,2.0
74.0,326.0,0.00053,2.0
74.0,326.0,0.000442,2.0
272.0,140.0,0.019845,6.0
81.0,163.0,0.000298,2.0
81.0,199.0,0.000324,2.0
549.0,670.0,0.298946,10.0
74.0,326.0,0.000359,2.0
74.0,326.0,0.000396,2.0
272.0,140.0,0.018577,6.0
72.0,205.0,0.046089,2.0
76.0,181.0,0.000374,2.0
76.0,248.0,0.000406,2.0
72.0,193.0,0.017786,2.0
74.0,326.0,0.010008,2.0
74.0,326.0,0.000362,2.0
272.0,140.0,0.017736,6.0
92.0,167.0,0.000234,2.0
92.0,167.0,0.000135,2.0
92.0,167.0,0.000248,2.0
92.0,167.0,0.000186,2.0
72.0,116.0,0.163218,2.0
76.0,121.0,0.000205,2.0
76.0,121.0,0.000273,2.0
76.0,162.0,0.000239,2.0
40765.0,257376.0,712.297791,423.0
72.0,116.0,0.000289,2.0
72.0,290.0,0.000366,2.0
4418.0,2202.0,712.200073,47.0
272.0,210.0,19.587166,7.0
86.0,130.0,0.000322,2.0
87.0,232.0,0.000299,2.0
86.0,130.0,0.000173,2.0
88.0,231.0,0.000297,2.0
87.0,541.0,0.000455,2.0
88.0,364.0,0.000439,2.0
83.0,222.0,0.000511,2.0
86.0,272.0,0.000604,2.0
84.0,224.0,0.000199,2.0
83.0,447.0,0.019346,2.0
84.0,468.0,0.002494,2.0
81.0,219.0,0.000386,2.0
1504.0,5401.0,310.157562,31.0
2590.0,6846.0,310.158051,35.0
81.0,428.0,0.008392,2.0
1504.0,5401.0,310.157227,31.0
38970.0,165006.0,650.180969,313.0
6877.0,34411.0,310.157349,80.0
3715.0,30946.0,50.054253,66.0
3820.0,27270.0,50.054924,54.0
2659.0,11370.0,50.053856,32.0
6055.0,22565.0,130.048767,57.0
10791.0,50887.0,140.050766,106.0
7223.0,27051.0,120.048309,66.0
8068.0,29079.0,110.048149,71.0
8949.0,30712.0,110.047722,80.0
7703.0,30654.0,130.048676,78.0
1062.0,2906.0,30.035828,18.0
1062.0,2906.0,30.035954,18.0
1062.0,2906.0,30.036041,18.0
1062.0,2906.0,30.036392,18.0
1062.0,2906.0,30.036119,18.0
1062.0,2906.0,30.036354,18.0
1091.0,2897.0,30.028807,18.0
1091.0,2897.0,30.028921,18.0
1091.0,2897.0,30.029064,18.0
1061.0,2876.0,30.018547,18.0
1061.0,2876.0,30.018782,18.0
4599.0,17677.0,320.045715,56.0
1991.0,5604.0,21.463425,23.0
1228.0,5627.0,79.656464,23.0
1227.0,5627.0,83.77478,23.0
1991.0,5604.0,2.915099,23.0
1228.0,5627.0,83.713844,23.0
1925.0,5538.0,1.494346,21.0
88.0,233.0,0.062333,2.0
88.0,486.0,0.019063,2.0
4744.0,93653.0,317.517334,137.0
180.0,180.0,1043.999512,4.0
74.0,326.0,0.000361,2.0
74.0,326.0,0.000413,2.0
272.0,140.0,0.018192,6.0
2652.0,27272.0,37.034149,47.0
81.0,163.0,0.000271,2.0
81.0,199.0,0.000325,2.0
549.0,670.0,0.232238,10.0
74.0,326.0,0.000356,2.0
74.0,326.0,0.000306,2.0
272.0,206.0,0.01778,7.0
1789.0,16265.0,31.320768,34.0
760.0,1171.0,31.32028,15.0
76.0,181.0,0.000365,2.0
76.0,248.0,0.000325,2.0
74.0,326.0,0.000325,2.0
74.0,326.0,0.000414,2.0
272.0,140.0,0.018854,6.0
74.0,144.0,0.000243,2.0
74.0,326.0,0.000474,2.0
29177.0,10837.0,467.931641,108.0
1463.0,1096.0,250.047577,27.0
1397.0,1096.0,240.047058,26.0
1397.0,1096.0,240.046753,26.0
1397.0,1096.0,240.046829,26.0
1397.0,1096.0,240.046768,26.0
75.0,119.0,0.000227,2.0
75.0,119.0,0.000242,2.0
75.0,145.0,0.000217,2.0
1114.0,1271.0,0.44181,10.0
74.0,326.0,0.000419,2.0
74.0,326.0,0.000285,2.0
272.0,140.0,0.018283,6.0
77.0,214.0,0.039626,2.0
77.0,341.0,0.045109,2.0
958.0,5092.0,0.191074,14.0
832.0,756.0,0.140415,10.0
79.0,210.0,0.022485,2.0
79.0,313.0,0.000438,2.0
1450.0,1989.0,0.248409,12.0
80.0,274.0,0.121214,2.0
80.0,538.0,0.121341,2.0
2207.0,2193.0,62.434444,17.0
272.0,140.0,12.424201,6.0
80.0,130.0,0.000249,2.0
80.0,130.0,0.000214,2.0
80.0,218.0,0.000304,2.0
80.0,130.0,0.000263,2.0
80.0,130.0,0.000162,2.0
80.0,218.0,0.000217,2.0
77.0,199.0,0.045197,2.0
77.0,463.0,0.042725,2.0
2491.0,2435.0,62.086182,16.0
180.0,180.0,300.471191,6.0
80.0,130.0,0.000451,2.0
80.0,130.0,0.000219,2.0
80.0,218.0,0.000268,2.0
80.0,130.0,0.000226,2.0
80.0,130.0,0.000227,2.0
80.0,218.0,0.000303,2.0
80.0,130.0,0.000285,2.0
80.0,130.0,0.000133,2.0
80.0,218.0,0.00063,2.0
80.0,130.0,0.000651,2.0
80.0,130.0,0.000197,2.0
80.0,218.0,0.000354,2.0
80.0,130.0,0.000225,2.0
80.0,130.0,0.000226,2.0
80.0,218.0,0.000283,2.0
80.0,130.0,0.000189,2.0
80.0,130.0,0.000199,2.0
80.0,218.0,0.000292,2.0
80.0,130.0,0.000225,2.0
80.0,130.0,0.000203,2.0
80.0,218.0,0.000261,2.0
80.0,130.0,0.000344,2.0
80.0,130.0,0.000254,2.0
80.0,218.0,0.000313,2.0
80.0,130.0,0.000173,2.0
80.0,130.0,0.000181,2.0
80.0,218.0,0.000278,2.0
80.0,130.0,0.000205,2.0
80.0,130.0,0.000248,2.0
80.0,218.0,0.000242,2.0
80.0,130.0,0.000159,2.0
80.0,130.0,0.000196,2.0
80.0,218.0,0.000314,2.0
80.0,130.0,0.000151,2.0
80.0,130.0,0.000217,2.0
80.0,218.0,0.000289,2.0
80.0,130.0,0.000211,2.0
80.0,130.0,0.00025,2.0
80.0,218.0,0.000239,2.0
80.0,130.0,0.000254,2.0
80.0,130.0,0.000374,2.0
80.0,218.0,0.000264,2.0
80.0,130.0,0.000198,2.0
80.0,130.0,0.000267,2.0
80.0,218.0,0.000238,2.0
80.0,130.0,0.000179,2.0
80.0,130.0,0.000422,2.0
80.0,218.0,0.000476,2.0
80.0,130.0,0.000319,2.0
80.0,130.0,0.00025,2.0
80.0,218.0,0.000215,2.0
80.0,130.0,0.000227,2.0
80.0,130.0,0.000166,2.0
80.0,218.0,0.000215,2.0
80.0,130.0,0.00023,2.0
80.0,130.0,0.000275,2.0
80.0,218.0,0.000208,2.0
80.0,130.0,0.000208,2.0
80.0,130.0,0.000147,2.0
80.0,218.0,0.000241,2.0
80.0,130.0,0.000227,2.0
80.0,130.0,0.000175,2.0
80.0,218.0,0.000226,2.0
81.0,163.0,0.000284,2.0
81.0,199.0,0.000362,2.0
549.0,669.0,0.224787,10.0
74.0,326.0,0.000353,2.0
74.0,326.0,0.000303,2.0
272.0,206.0,0.018082,7.0
80.0,130.0,0.000409,2.0
80.0,130.0,0.0002,2.0
80.0,218.0,0.000326,2.0
80.0,130.0,0.000178,2.0
80.0,130.0,0.000199,2.0
80.0,218.0,0.000253,2.0
80.0,130.0,0.000187,2.0
80.0,130.0,0.000249,2.0
80.0,218.0,0.000317,2.0
80.0,130.0,0.000197,2.0
80.0,130.0,0.000169,2.0
80.0,218.0,0.000332,2.0
1784.0,1437.0,656.404419,34.0
74.0,326.0,0.000318,2.0
74.0,326.0,0.000324,2.0
272.0,206.0,0.018907,7.0
85.0,171.0,0.000315,2.0
85.0,273.0,0.000399,2.0
104035.0,3804408.0,308.420074,4143.0
80.0,130.0,0.000223,2.0
80.0,130.0,0.000269,2.0
80.0,218.0,0.000245,2.0
80.0,130.0,0.000131,2.0
80.0,130.0,0.000307,2.0
80.0,218.0,0.000229,2.0
75.0,132.0,0.000301,2.0
75.0,132.0,0.000148,2.0
75.0,234.0,0.000243,2.0
6625.0,58289.0,280.661865,149.0
83.0,157.0,0.000238,2.0
83.0,499.0,0.000297,2.0
84.0,170.0,0.000178,2.0
1547.0,3410.0,249.441284,31.0
106.0,192.0,0.000241,2.0
84.0,272.0,0.000318,2.0
106.0,294.0,0.000283,2.0
1548.0,3206.0,249.440628,31.0
1570.0,3222.0,249.4384,31.0
106.0,192.0,0.000257,2.0
85.0,171.0,0.00022,2.0
85.0,171.0,0.000266,2.0
106.0,294.0,0.000433,2.0
85.0,171.0,0.000204,2.0
85.0,273.0,0.00034,2.0
85.0,273.0,0.000429,2.0
85.0,273.0,0.000358,2.0
1549.0,3206.0,249.405869,31.0
1042.0,2596.0,9.390218,15.0
1549.0,3206.0,249.406387,31.0
1549.0,3206.0,249.405746,31.0
81.0,158.0,0.000401,2.0
81.0,500.0,0.000458,2.0
6014.0,4396.0,305.822662,48.0
80.0,164.0,0.000272,2.0
136.0,222.0,0.000486,2.0
80.0,266.0,0.000371,2.0
136.0,222.0,0.000371,2.0
84.0,178.0,0.000191,2.0
136.0,324.0,0.000289,2.0
84.0,280.0,0.000314,2.0
136.0,324.0,0.000369,2.0
74.0,144.0,0.000195,2.0
74.0,326.0,0.00034,2.0
75.0,75.0,0.247338,2.0
1489.0,1096.0,245.601013,27.0
1489.0,1096.0,245.601212,27.0
88.0,174.0,0.000294,2.0
136.0,222.0,0.000247,2.0
5727.0,4943.0,301.517242,49.0
88.0,276.0,0.000293,2.0
1463.0,1096.0,245.602966,27.0
1463.0,1096.0,245.601715,27.0
1463.0,1096.0,245.602371,27.0
136.0,324.0,0.000362,2.0
1463.0,1096.0,245.602432,27.0
1463.0,1096.0,245.601852,27.0
105.0,191.0,0.000294,2.0
105.0,293.0,0.000388,2.0
75.0,75.0,0.248005,2.0
75.0,75.0,0.246412,2.0
75.0,75.0,0.247037,2.0
75.0,467.0,0.000439,2.0
74.0,326.0,0.000388,2.0
74.0,326.0,0.000448,2.0
272.0,140.0,0.018034,6.0
74.0,326.0,0.000929,2.0
74.0,326.0,0.000459,2.0
272.0,140.0,0.018144,6.0
81.0,163.0,0.001535,2.0
81.0,199.0,0.000595,2.0
549.0,669.0,0.269035,10.0
83.0,133.0,0.000254,2.0
83.0,133.0,0.000274,2.0
83.0,221.0,0.000212,2.0
79.0,120.0,0.45971,2.0
79.0,120.0,0.000433,2.0
79.0,355.0,0.017952,2.0
619.0,723.0,0.597367,10.0
80.0,134.0,0.297125,2.0
80.0,134.0,0.000294,2.0
80.0,160.0,0.194755,2.0
1705.0,4355.0,1.24584,23.0
180.0,180.0,1026.00061,4.0
75.0,159.0,0.045419,2.0
75.0,260.0,0.020811,2.0
615.0,598.0,0.108801,10.0
632.0,736.0,0.603891,10.0
1419.0,2095.0,0.990259,20.0
628.0,598.0,0.108751,10.0
180.0,180.0,1027.999268,4.0
645.0,749.0,0.589244,10.0
1445.0,2241.0,1.111455,22.0
621.0,725.0,0.587854,10.0
74.0,326.0,0.000497,2.0
74.0,326.0,0.000392,2.0
272.0,140.0,0.018657,6.0
180.0,180.0,1200.043823,6.0
1397.0,2193.0,1.453152,22.0
617.0,598.0,0.090426,10.0
619.0,723.0,0.59625,10.0
2194.0,3580.0,1.409736,26.0
897.0,1144.0,0.35841,13.0
637.0,741.0,0.586849,10.0
75.0,75.0,0.248527,2.0
75.0,75.0,0.249305,2.0
2266.0,3642.0,1.421766,24.0
75.0,75.0,0.24732,2.0
75.0,75.0,0.247577,2.0
75.0,467.0,0.000392,2.0
134274.0,1552846.0,726.971313,2237.0
933.0,1140.0,0.342877,13.0
631.0,735.0,0.595867,10.0
2242.0,3536.0,1.402401,24.0
921.0,1118.0,0.346708,13.0
649.0,753.0,0.580143,10.0
2314.0,3746.0,1.513627,26.0
74.0,326.0,0.000507,2.0
74.0,326.0,0.000375,2.0
272.0,206.0,0.018241,7.0
957.0,1191.0,0.35255,13.0
645.0,749.0,0.590503,10.0
2298.0,3672.0,1.418374,24.0
949.0,1122.0,0.343721,13.0
627.0,731.0,0.570598,10.0
2226.0,3516.0,1.405683,24.0
913.0,1157.0,0.57729,13.0
632.0,736.0,0.593116,10.0
1419.0,2215.0,1.454232,22.0
923.0,1194.0,0.361487,13.0
621.0,725.0,0.606121,10.0
2382.0,3767.0,1.731233,32.0
74.0,326.0,0.000474,2.0
74.0,326.0,0.000469,2.0
272.0,140.0,0.018676,6.0
901.0,1091.0,0.358564,13.0
627.0,731.0,0.570289,10.0
1409.0,2085.0,0.986124,20.0
81.0,163.0,0.000339,2.0
81.0,199.0,0.000267,2.0
549.0,670.0,0.223495,10.0
623.0,598.0,0.09017,10.0
628.0,732.0,0.591854,10.0
1411.0,2087.0,0.99084,20.0
88.0,140.0,0.043819,2.0
88.0,140.0,0.000153,2.0
88.0,140.0,0.000233,2.0
88.0,140.0,0.000211,2.0
88.0,140.0,0.000324,2.0
88.0,140.0,0.000228,2.0
88.0,140.0,0.000244,2.0
88.0,140.0,0.000218,2.0
78.0,162.0,0.000301,2.0
78.0,504.0,0.000321,2.0
3251.0,1395.0,202.316132,21.0
88.0,140.0,0.000222,2.0
88.0,140.0,0.000201,2.0
88.0,140.0,0.000134,2.0
88.0,140.0,0.000208,2.0
88.0,140.0,0.000289,2.0
88.0,140.0,0.000239,2.0
88.0,140.0,0.000229,2.0
88.0,140.0,0.000138,2.0
88.0,140.0,0.000203,2.0
88.0,140.0,0.000252,2.0
88.0,140.0,0.000245,2.0
88.0,140.0,0.000235,2.0
88.0,140.0,0.000248,2.0
88.0,140.0,0.000318,2.0
88.0,140.0,0.000289,2.0
88.0,140.0,0.000201,2.0
87.0,161.0,0.019912,2.0
87.0,503.0,0.000502,2.0
5201.0,4039.0,243.221405,31.0
74.0,144.0,0.000215,2.0
74.0,326.0,0.000375,2.0
15746.0,7723.0,623.095215,70.0
75.0,132.0,0.019961,2.0
75.0,132.0,0.000396,2.0
75.0,234.0,0.009843,2.0
1112.0,883.0,243.26178,21.0
915.0,1143.0,0.348878,13.0
272.0,140.0,13.027699,6.0
637.0,741.0,0.564451,10.0
1489.0,2165.0,1.190064,22.0
88.0,158.0,0.053251,2.0
88.0,246.0,0.026701,2.0
866.0,930.0,0.093605,10.0
1131.0,16399.0,0.525121,24.0
933.0,1129.0,0.342921,13.0
83.0,133.0,0.000253,2.0
83.0,133.0,0.000261,2.0
83.0,221.0,0.000362,2.0
829.0,4270.0,0.396,12.0
1351.0,39009.0,0.406359,44.0
1074.0,24843.0,0.435637,30.0
79.0,120.0,0.000195,2.0
79.0,120.0,0.000148,2.0
79.0,355.0,0.000357,2.0
630.0,734.0,0.588033,10.0
1280.0,35561.0,0.190758,40.0
3994.0,264053.0,0.380666,240.0
818.0,1052.0,0.092797,10.0
1675.0,53175.0,0.636372,58.0
819.0,765.0,0.087145,10.0
819.0,780.0,0.090771,10.0
79.0,129.0,0.000155,2.0
91.0,161.0,0.027095,2.0
87.0,179.0,0.072471,2.0
79.0,129.0,0.000737,2.0
79.0,197.0,0.001262,2.0
79.0,153.0,0.000496,2.0
79.0,153.0,0.000196,2.0
79.0,205.0,0.000287,2.0
75.0,146.0,0.187969,2.0
80.0,134.0,0.000232,2.0
80.0,134.0,0.000279,2.0
80.0,160.0,0.000207,2.0
1415.0,2271.0,1.45801,23.0
91.0,249.0,0.000285,2.0
92.0,160.0,0.079771,2.0
812.0,786.0,0.085615,10.0
821.0,3575.0,0.084172,12.0
888.0,3606.0,0.084428,13.0
87.0,267.0,0.02747,2.0
86.0,132.0,0.060336,2.0
886.0,7304.0,0.116167,14.0
820.0,874.0,0.100339,10.0
819.0,1918.0,0.086965,11.0
92.0,203.0,0.027118,2.0
74.0,131.0,0.029711,2.0
823.0,793.0,0.082572,10.0
86.0,132.0,0.000231,2.0
86.0,170.0,0.036815,2.0
74.0,131.0,0.000196,2.0
74.0,335.0,0.026629,2.0
819.0,1021.0,0.084542,10.0
821.0,1049.0,0.084309,10.0
75.0,146.0,0.000307,2.0
75.0,241.0,0.18557,2.0
885.0,882.0,0.482182,12.0
84.0,184.0,0.130826,2.0
79.0,164.0,0.126772,2.0
84.0,208.0,0.034531,2.0
79.0,291.0,0.034593,2.0
78.0,130.0,0.026869,2.0
78.0,130.0,0.00025,2.0
78.0,149.0,0.02693,2.0
897.0,6892.0,0.257621,14.0
761.0,1972.0,0.08136,11.0
75.0,159.0,0.00024,2.0
75.0,260.0,0.020291,2.0
919.0,1131.0,0.343611,13.0
646.0,598.0,0.107464,10.0
639.0,598.0,0.105884,10.0
640.0,598.0,0.118461,10.0
628.0,598.0,0.261325,10.0
624.0,598.0,0.1109,10.0
74.0,326.0,0.000538,2.0
74.0,326.0,0.000306,2.0
272.0,140.0,0.017921,6.0
663.0,598.0,0.103977,10.0
1389.0,2065.0,0.979005,20.0
631.0,598.0,0.140157,10.0
631.0,598.0,0.092247,10.0
893.0,1118.0,0.594291,13.0
668.0,598.0,0.326779,10.0
636.0,598.0,0.598934,10.0
636.0,598.0,0.608538,10.0
648.0,598.0,0.601135,10.0
650.0,598.0,0.596834,10.0
670.0,598.0,0.582597,10.0
670.0,598.0,0.314508,10.0
2186.0,3582.0,1.427478,26.0
662.0,598.0,0.338764,10.0
655.0,598.0,0.107328,10.0
655.0,598.0,0.10891,10.0
636.0,598.0,0.171399,10.0
893.0,1161.0,0.674517,13.0
644.0,598.0,0.409509,10.0
630.0,598.0,0.637056,10.0
630.0,598.0,0.606812,10.0
645.0,598.0,0.647759,10.0
645.0,598.0,0.636324,10.0
645.0,598.0,0.607593,10.0
665.0,598.0,0.252312,10.0
649.0,598.0,0.324268,10.0
641.0,598.0,0.370263,10.0
903.0,1129.0,0.919968,13.0
646.0,598.0,0.62617,10.0
653.0,598.0,0.613027,10.0
661.0,598.0,0.615529,10.0
668.0,598.0,0.643473,10.0
75.0,159.0,0.000267,2.0
75.0,501.0,0.000427,2.0
2715.0,9343.0,1.265452,24.0
92.0,167.0,0.000198,2.0
72.0,151.0,0.000229,2.0
92.0,167.0,0.000293,2.0
75.0,132.0,9.8e-05,2.0
71.0,153.0,0.000219,2.0
72.0,493.0,0.000437,2.0
83.0,164.0,0.000435,2.0
72.0,151.0,0.000453,2.0
72.0,151.0,0.000495,2.0
92.0,167.0,0.000325,2.0
75.0,132.0,0.00026,2.0
71.0,495.0,0.108436,2.0
72.0,493.0,0.000599,2.0
83.0,266.0,0.000731,2.0
75.0,234.0,0.000846,2.0
92.0,167.0,0.00089,2.0
72.0,493.0,0.000927,2.0
272.0,140.0,16.361015,6.0
272.0,140.0,16.36046,6.0
272.0,140.0,16.368107,6.0
272.0,140.0,16.367794,6.0
72.0,151.0,0.000272,2.0
85.0,183.0,0.000306,2.0
272.0,140.0,16.367327,6.0
272.0,140.0,16.367741,6.0
272.0,140.0,16.359468,6.0
85.0,301.0,0.000372,2.0
72.0,493.0,0.00064,2.0
272.0,140.0,16.260567,6.0
272.0,140.0,16.260532,6.0
272.0,140.0,16.252831,6.0
627.0,598.0,0.620687,10.0
78.0,162.0,0.000328,2.0
78.0,504.0,0.009726,2.0
1294.0,670.0,0.073978,10.0
640.0,598.0,0.637157,10.0
2678.0,1539.0,245.911362,24.0
73.0,171.0,0.000332,2.0
73.0,353.0,0.000419,2.0
272.0,206.0,15.61648,7.0
5025.0,25967.0,1.778197,53.0
92.0,167.0,9.9e-05,2.0
9032.0,19856.0,245.627686,60.0
72.0,151.0,0.00024,2.0
272.0,140.0,15.616296,6.0
272.0,206.0,15.616658,7.0
75.0,132.0,0.000281,2.0
272.0,140.0,15.615865,6.0
75.0,132.0,0.000264,2.0
92.0,167.0,0.000323,2.0
72.0,493.0,0.000576,2.0
75.0,234.0,0.000367,2.0
92.0,167.0,0.000264,2.0
272.0,140.0,15.864943,6.0
92.0,167.0,0.000262,2.0
272.0,206.0,15.614122,7.0
272.0,206.0,15.614078,7.0
646.0,598.0,0.393563,10.0
80.0,186.0,0.000233,2.0
70.0,120.0,0.000265,2.0
75.0,125.0,0.000422,2.0
80.0,352.0,0.000351,2.0
75.0,125.0,0.000354,2.0
70.0,120.0,0.000521,2.0
75.0,467.0,0.000337,2.0
70.0,302.0,0.000371,2.0
76.0,180.0,0.000402,2.0
76.0,362.0,0.000468,2.0
75.0,152.0,0.000399,2.0
74.0,155.0,0.000454,2.0
74.0,174.0,0.000305,2.0
74.0,497.0,0.00046,2.0
75.0,302.0,0.000585,2.0
74.0,516.0,0.000361,2.0
79.0,189.0,0.000302,2.0
79.0,150.0,0.00027,2.0
79.0,531.0,0.000399,2.0
77.0,161.0,0.00033,2.0
79.0,492.0,0.00055,2.0
77.0,327.0,0.000253,2.0
76.0,147.0,0.000193,2.0
79.0,184.0,0.000292,2.0
76.0,489.0,0.000421,2.0
75.0,157.0,0.000298,2.0
79.0,526.0,0.000486,2.0
1968.0,0.0,431.7435,12.0
75.0,499.0,0.000313,2.0
74.0,144.0,0.00026,2.0
74.0,326.0,0.000473,2.0
646.0,598.0,0.38665,10.0
941.0,1146.0,0.935963,13.0
634.0,598.0,0.624632,10.0
641.0,598.0,0.598643,10.0
74.0,326.0,0.000405,2.0
74.0,326.0,0.000323,2.0
272.0,140.0,0.017676,6.0
633.0,598.0,0.627942,10.0
633.0,598.0,0.638065,10.0
74.0,132.0,0.151226,2.0
81.0,141.0,0.238205,2.0
84.0,141.0,0.028317,2.0
272.0,206.0,13.93488,7.0
92.0,167.0,0.000307,2.0
92.0,167.0,0.000235,2.0
92.0,167.0,0.000209,2.0
92.0,167.0,0.0002,2.0
84.0,141.0,8.7e-05,2.0
84.0,322.0,0.040327,2.0
71.0,126.0,0.064826,2.0
71.0,126.0,0.000255,2.0
71.0,172.0,0.040857,2.0
75.0,122.0,0.144039,2.0
74.0,132.0,0.000312,2.0
74.0,135.0,0.131568,2.0
70.0,126.0,0.287729,2.0
638.0,598.0,0.633347,10.0
81.0,141.0,0.000163,2.0
81.0,142.0,0.137763,2.0
78.0,125.0,0.050029,2.0
75.0,122.0,0.000362,2.0
75.0,153.0,0.031806,2.0
1338.0,10398.0,0.211359,20.0
78.0,125.0,0.000308,2.0
78.0,156.0,0.050051,2.0
72.0,136.0,0.019332,2.0
90.0,176.0,0.000314,2.0
90.0,278.0,0.00029,2.0
75.0,137.0,0.151451,2.0
72.0,136.0,0.000256,2.0
72.0,238.0,0.000453,2.0
76.0,146.0,0.000343,2.0
76.0,146.0,0.000234,2.0
76.0,233.0,0.187534,2.0
70.0,126.0,0.000241,2.0
70.0,155.0,0.19807,2.0
917.0,1514.0,0.165663,10.0
1262.0,9710.0,0.199843,20.0
638.0,598.0,0.638775,10.0
1645.0,17342.0,0.248521,32.0
3436.0,3605.0,243.439743,26.0
75.0,137.0,0.000352,2.0
75.0,301.0,0.19597,2.0
81.0,132.0,0.069793,2.0
999.0,3165.0,0.169299,12.0
1064.0,5190.0,0.158864,14.0
81.0,132.0,0.000149,2.0
81.0,205.0,0.158701,2.0
84.0,178.0,0.000257,2.0
84.0,520.0,0.000391,2.0
44845.0,16376.0,503.10144,140.0
647.0,598.0,0.387312,10.0
70.0,129.0,0.049604,2.0
957.0,607.0,0.162312,10.0
1817.0,19628.0,0.264708,36.0
952.0,607.0,0.142789,10.0
1688.0,17596.0,0.235286,32.0
954.0,1377.0,0.1629,10.0
954.0,609.0,0.160205,10.0
70.0,129.0,0.000251,2.0
70.0,271.0,0.031764,2.0
76.0,144.0,0.146909,2.0
73.0,125.0,0.073822,2.0
73.0,144.0,0.047062,2.0
955.0,768.0,0.134324,10.0
73.0,380.0,0.017307,2.0
959.0,1375.0,0.151022,10.0
954.0,1007.0,0.152076,10.0
1089.0,3701.0,0.143482,14.0
844.0,2498.0,0.38102,11.0
73.0,125.0,0.000404,2.0
73.0,156.0,0.048412,2.0
667.0,598.0,0.381036,10.0
702.0,703.0,0.119232,10.0
952.0,801.0,0.160329,10.0
955.0,613.0,0.158658,10.0
76.0,144.0,0.000248,2.0
76.0,160.0,0.029388,2.0
2538.0,46304.0,0.284129,64.0
961.0,855.0,0.156272,10.0
958.0,855.0,0.134231,10.0
953.0,617.0,0.165279,10.0
858.0,899.0,22.757938,11.0
350.0,214.0,12.685832,8.0
945.0,1150.0,0.94304,13.0
629.0,598.0,0.598399,10.0
1775.0,20386.0,0.274812,36.0
1068.0,14479.0,0.92606,23.0
629.0,598.0,0.603262,10.0
636.0,598.0,0.64144,10.0
635.0,598.0,0.644848,10.0
72.0,158.0,0.067948,2.0
75.0,151.0,0.000424,2.0
75.0,151.0,0.000299,2.0
75.0,215.0,0.00026,2.0
72.0,256.0,0.000355,2.0
929.0,882.0,0.354341,12.0
635.0,598.0,0.637544,10.0
623.0,598.0,0.61564,10.0
623.0,598.0,0.590678,10.0
624.0,598.0,0.615746,10.0
624.0,598.0,0.625956,10.0
628.0,598.0,0.616983,10.0
628.0,598.0,0.60179,10.0
621.0,598.0,0.61492,10.0
1412.0,11894.0,0.194419,22.0
621.0,598.0,0.611814,10.0
982.0,845.0,0.13365,10.0
75.0,139.0,0.224038,2.0
973.0,683.0,0.149582,10.0
1769.0,20082.0,0.222859,34.0
2031.0,26527.0,0.238604,42.0
977.0,768.0,0.144468,10.0
75.0,139.0,0.000196,2.0
75.0,195.0,0.111244,2.0
2019.0,28104.0,0.908178,35.0
640.0,598.0,0.111015,10.0
632.0,598.0,0.111637,10.0
84.0,178.0,0.000293,2.0
84.0,520.0,0.000392,2.0
6576.0,2781.0,269.644012,36.0
109.0,170.0,0.017356,2.0
2359.0,32326.0,0.255852,50.0
109.0,170.0,0.000264,2.0
109.0,248.0,0.033911,2.0
76.0,150.0,0.121032,2.0
630.0,598.0,0.126809,10.0
85.0,196.0,0.296686,2.0
76.0,414.0,0.121385,2.0
992.0,943.0,0.165452,10.0
712.0,598.0,0.167602,10.0
68.0,144.0,0.017237,2.0
68.0,144.0,0.018869,2.0
68.0,144.0,0.000332,2.0
68.0,208.0,0.017069,2.0
68.0,144.0,0.000176,2.0
68.0,208.0,0.017603,2.0
71.0,143.0,0.019349,2.0
1340.0,406.0,3.258268,8.0
83.0,225.0,0.000417,2.0
1422.0,29095.0,309.452759,40.0
83.0,497.0,0.03777,2.0
71.0,143.0,0.000309,2.0
71.0,269.0,0.000306,2.0
632.0,598.0,0.382304,10.0
4850.0,3242.0,329.295319,34.0
975.0,1694.0,0.158256,10.0
1041.0,1965.0,0.159416,12.0
1041.0,1913.0,0.159696,12.0
1045.0,1916.0,0.158407,12.0
974.0,1430.0,0.165366,10.0
1041.0,1920.0,0.142489,12.0
72.0,123.0,0.00023,2.0
72.0,123.0,0.000261,2.0
72.0,160.0,0.00022,2.0
93.0,167.0,0.000336,2.0
93.0,509.0,0.000527,2.0
2356.0,1026.0,247.110474,23.0
85.0,260.0,0.017676,2.0
712.0,598.0,0.45744,10.0
76.0,216.0,0.000436,2.0
76.0,428.0,0.008168,2.0
1420.0,1057.0,308.84082,22.0
74.0,211.0,0.00029,2.0
74.0,423.0,0.001919,2.0
1185.0,821.0,0.118579,12.0
688.0,598.0,0.09104,10.0
664.0,598.0,0.090808,10.0
647.0,598.0,0.274982,10.0
638.0,598.0,0.46086,10.0
647.0,598.0,0.533047,10.0
629.0,598.0,0.266763,10.0
665.0,598.0,0.460604,10.0
629.0,598.0,0.533275,10.0
651.0,598.0,0.219968,10.0
74.0,326.0,0.000433,2.0
74.0,326.0,0.000501,2.0
272.0,140.0,0.018291,6.0
1592.0,1488.0,0.393716,10.0
651.0,598.0,0.230855,10.0
2055.0,23673.0,1.827352,32.0
661.0,598.0,0.224674,10.0
664.0,598.0,0.217986,10.0
670.0,598.0,0.219771,10.0
666.0,598.0,0.225653,10.0
633.0,598.0,0.193163,10.0
633.0,598.0,0.193574,10.0
664.0,598.0,0.238653,10.0
631.0,598.0,0.236861,10.0
631.0,598.0,0.230953,10.0
70.0,196.0,0.021542,2.0
70.0,424.0,0.001822,2.0
1237.0,5564.0,303.969482,25.0
645.0,532.0,0.233744,9.0
81.0,163.0,0.000289,2.0
81.0,199.0,0.00023,2.0
549.0,670.0,0.25938,10.0
678.0,598.0,0.233551,10.0
672.0,598.0,0.212373,10.0
2133.0,21973.0,2.767718,31.0
536.0,206.0,0.235949,7.0
338.0,598.0,0.229833,9.0
664.0,598.0,0.118694,10.0
664.0,598.0,0.173358,10.0
668.0,598.0,0.177295,10.0
666.0,598.0,0.182126,10.0
645.0,598.0,0.108051,10.0
83.0,133.0,0.000193,2.0
83.0,133.0,0.000227,2.0
83.0,221.0,0.000281,2.0
637.0,598.0,0.10576,10.0
637.0,598.0,0.107069,10.0
639.0,598.0,0.111842,10.0
639.0,598.0,0.094574,10.0
645.0,598.0,0.101486,10.0
2219.0,24640.0,1.009174,35.0
636.0,598.0,0.090109,10.0
75.0,159.0,0.019554,2.0
75.0,260.0,0.019627,2.0
624.0,598.0,0.090868,10.0
78.0,159.0,0.000258,2.0
78.0,261.0,0.000358,2.0
2255.0,1846.0,258.436859,25.0
624.0,598.0,0.12591,10.0
636.0,598.0,0.148708,10.0
642.0,598.0,0.16785,10.0
74.0,326.0,0.000487,2.0
74.0,326.0,0.000336,2.0
272.0,206.0,0.018278,7.0
74.0,326.0,0.000425,2.0
74.0,326.0,0.000372,2.0
272.0,140.0,0.020038,6.0
75.0,122.0,0.000173,2.0
75.0,122.0,0.000182,2.0
75.0,153.0,0.000306,2.0
1672.0,10118.0,0.2352,22.0
973.0,615.0,0.165036,10.0
2260.0,14724.0,0.454854,28.0
82.0,158.0,0.017523,2.0
82.0,158.0,0.000266,2.0
82.0,250.0,0.033918,2.0
1241.0,4686.0,13.168575,15.0
85.0,161.0,0.017021,2.0
72.0,139.0,0.00558,2.0
72.0,147.0,0.002304,2.0
85.0,161.0,0.000381,2.0
85.0,225.0,0.138229,2.0
100.0,186.0,0.000317,2.0
106.0,192.0,0.000308,2.0
87.0,166.0,0.000359,2.0
85.0,171.0,0.000201,2.0
97.0,183.0,0.000288,2.0
1464.0,1096.0,242.245605,27.0
88.0,168.0,0.000345,2.0
1398.0,1096.0,240.033218,26.0
1398.0,1096.0,240.033295,26.0
106.0,294.0,0.000302,2.0
100.0,288.0,0.000444,2.0
1463.0,1096.0,244.242661,27.0
87.0,268.0,0.000517,2.0
3058.0,1566.0,243.081573,34.0
97.0,285.0,0.000662,2.0
85.0,273.0,0.000748,2.0
88.0,270.0,0.000779,2.0
1570.0,3222.0,250.033005,31.0
1042.0,2596.0,10.019063,15.0
1570.0,3222.0,250.032974,31.0
1570.0,3222.0,250.032791,31.0
2321.0,1702.0,241.934143,35.0
3530.0,1766.0,243.828995,36.0
1549.0,3206.0,242.372742,31.0
1549.0,3206.0,242.372742,31.0
1314.0,687.0,7.180451,11.0
84.0,236.0,0.017405,2.0
84.0,224.0,0.017085,2.0
74.0,326.0,0.000329,2.0
74.0,326.0,0.000306,2.0
272.0,140.0,0.018268,6.0
81.0,163.0,0.00041,2.0
81.0,199.0,0.000374,2.0
549.0,669.0,0.215696,10.0
74.0,326.0,0.000384,2.0
74.0,326.0,0.000292,2.0
272.0,140.0,0.018319,6.0
74.0,326.0,0.000453,2.0
74.0,326.0,0.000457,2.0
272.0,140.0,0.018027,6.0
74.0,326.0,0.000442,2.0
74.0,326.0,0.000373,2.0
272.0,206.0,0.018531,7.0
81.0,163.0,0.000312,2.0
81.0,199.0,0.000226,2.0
549.0,670.0,0.226951,10.0
875.0,1169.0,0.281703,15.0
1142.0,1507.0,0.291604,16.0
895.0,1169.0,0.3019,15.0
1142.0,1507.0,0.266385,16.0
1162.0,1515.0,0.255219,16.0
1162.0,1515.0,0.467827,16.0
74.0,326.0,0.000417,2.0
74.0,326.0,0.000365,2.0
272.0,140.0,0.017768,6.0
75.0,119.0,0.000388,2.0
75.0,119.0,0.000193,2.0
75.0,145.0,0.000219,2.0
1114.0,1271.0,0.439673,10.0
72.0,198.0,0.001726,2.0
72.0,379.0,0.001638,2.0
2880.0,9651.0,303.795532,35.0
74.0,326.0,0.000473,2.0
74.0,326.0,0.000277,2.0
272.0,140.0,0.017886,6.0
77.0,238.0,0.022882,2.0
77.0,341.0,0.022873,2.0
958.0,5092.0,0.187667,14.0
832.0,756.0,0.140586,10.0
79.0,210.0,0.000297,2.0
79.0,313.0,0.000382,2.0
1450.0,1989.0,0.248879,12.0
80.0,274.0,0.213638,2.0
80.0,538.0,0.042521,2.0
2210.0,2193.0,62.619713,17.0
77.0,199.0,0.121097,2.0
77.0,463.0,0.121434,2.0
2491.0,2435.0,62.096577,16.0
272.0,140.0,12.088298,6.0
74.0,326.0,0.000319,2.0
74.0,326.0,0.00046,2.0
272.0,140.0,0.018492,6.0
81.0,163.0,0.000254,2.0
81.0,199.0,0.000305,2.0
549.0,669.0,0.219366,10.0
74.0,326.0,0.00035,2.0
74.0,326.0,0.000319,2.0
272.0,272.0,0.019055,8.0
97.0,186.0,0.009787,2.0
97.0,304.0,0.02047,2.0
293486.0,15169291.0,255.862915,14673.0
75.0,75.0,0.249048,2.0
75.0,75.0,0.247338,2.0
75.0,75.0,0.247705,2.0
75.0,75.0,0.248297,2.0
75.0,467.0,0.00036,2.0
3714.0,1976.0,240.187759,35.0
74.0,326.0,0.000433,2.0
74.0,326.0,0.000292,2.0
272.0,140.0,0.01838,6.0
74.0,326.0,0.000339,2.0
74.0,326.0,0.000323,2.0
272.0,140.0,0.018488,6.0
86.0,130.0,0.000273,2.0
87.0,232.0,0.000251,2.0
86.0,130.0,0.000233,2.0
88.0,231.0,0.01015,2.0
87.0,541.0,0.004119,2.0
86.0,272.0,0.000921,2.0
88.0,233.0,0.000436,2.0
83.0,222.0,0.015182,2.0
88.0,470.0,0.019116,2.0
84.0,224.0,0.000607,2.0
81.0,219.0,0.00071,2.0
84.0,468.0,0.002306,2.0
81.0,428.0,0.008749,2.0
1065.0,1991.0,31.005358,17.0
2292.0,17549.0,41.022488,39.0
1065.0,1991.0,31.005594,17.0
1065.0,1991.0,31.005789,17.0
1128.0,2906.0,31.005531,19.0
1128.0,2906.0,31.00565,19.0
1128.0,2906.0,31.005745,19.0
1128.0,2906.0,31.00581,19.0
1128.0,2906.0,31.005869,19.0
1128.0,2906.0,31.005981,19.0
88.0,364.0,0.002001,2.0
9643.0,24884.0,452.644073,82.0
8383.0,24762.0,452.644104,81.0
6767.0,15891.0,441.033112,65.0
8113.0,16021.0,441.032776,71.0
5589.0,17671.0,452.643921,62.0
12239.0,29007.0,441.032501,101.0
83.0,447.0,0.008368,2.0
1159.0,2876.0,30.980436,19.0
72.0,145.0,0.034586,2.0
92.0,167.0,0.000634,2.0
79.0,133.0,0.00063,2.0
74.0,147.0,0.036976,2.0
73.0,146.0,0.000527,2.0
83.0,139.0,0.000527,2.0
70.0,143.0,0.000333,2.0
92.0,167.0,0.000276,2.0
70.0,143.0,0.000614,2.0
79.0,133.0,0.000592,2.0
73.0,325.0,0.000472,2.0
83.0,139.0,0.000428,2.0
70.0,322.0,0.000693,2.0
92.0,167.0,0.000618,2.0
70.0,322.0,0.000602,2.0
79.0,194.0,0.000504,2.0
83.0,200.0,0.000335,2.0
2747.0,3557.0,91.284584,15.0
92.0,167.0,0.000227,2.0
206.0,130.0,19.804277,5.0
206.0,204.0,19.804214,6.0
70.0,144.0,0.003872,2.0
3053.0,18001.0,91.28421,30.0
3183.0,21946.0,91.286705,33.0
14681.0,46966.0,81.686852,75.0
16968.0,62960.0,110.965767,86.0
14081.0,27607.0,81.686806,56.0
78.0,130.0,0.000505,2.0
11981.0,64235.0,81.851883,80.0
23842.0,80681.0,110.965691,112.0
10229.0,10536.0,81.686974,35.0
19316.0,456307.0,81.686638,445.0
15370.0,112870.0,110.45211,135.0
15947.0,84187.0,95.765747,110.0
18273.0,88672.0,95.563614,111.0
84.0,178.0,0.000288,2.0
15755.0,145385.0,110.449646,160.0
25072.0,559414.0,110.447021,496.0
1109.0,1586.0,0.990984,11.0
428.0,288.0,19.803629,10.0
428.0,288.0,19.803251,10.0
1258.0,685.0,1.095471,13.0
428.0,288.0,19.803457,10.0
428.0,288.0,19.803408,10.0
78.0,130.0,0.00036,2.0
84.0,520.0,0.000449,2.0
78.0,180.0,0.000267,2.0
272.0,140.0,19.817181,6.0
272.0,140.0,19.816963,6.0
134.0,122.0,5.17833,4.0
1038.0,1004.0,0.870838,9.0
134.0,122.0,5.180617,4.0
70.0,145.0,0.000353,2.0
206.0,204.0,19.799345,6.0
206.0,204.0,19.799341,6.0
206.0,204.0,19.799397,6.0
72.0,146.0,0.000406,2.0
2791.0,30972.0,0.403462,63.0
74.0,148.0,0.002162,2.0
206.0,204.0,19.766102,6.0
206.0,204.0,19.766462,6.0
1976.0,21219.0,0.833515,31.0
1228.0,5621.0,85.328934,23.0
1228.0,5627.0,84.953613,23.0
1228.0,5627.0,85.327927,23.0
1228.0,5627.0,82.827034,23.0
2551.0,6246.0,90.545059,30.0
1228.0,5627.0,82.324768,23.0
75.0,131.0,0.000267,2.0
75.0,131.0,0.000159,2.0
75.0,148.0,0.0002,2.0
1086.0,1338.0,59.288261,12.0
73.0,146.0,0.002091,2.0
73.0,129.0,0.000344,2.0
77.0,151.0,0.000453,2.0
73.0,129.0,0.000297,2.0
77.0,152.0,0.000252,2.0
73.0,146.0,0.00034,2.0
78.0,151.0,0.000339,2.0
76.0,149.0,0.000394,2.0
73.0,147.0,0.001966,2.0
76.0,150.0,0.001882,2.0
78.0,152.0,0.001946,2.0
78.0,151.0,0.000245,2.0
76.0,149.0,0.000259,2.0
74.0,147.0,0.000312,2.0
76.0,150.0,0.000273,2.0
74.0,148.0,0.000363,2.0
78.0,152.0,0.000416,2.0
76.0,149.0,0.000146,2.0
74.0,147.0,0.00035,2.0
72.0,145.0,0.000299,2.0
74.0,148.0,0.000313,2.0
72.0,146.0,0.000401,2.0
76.0,150.0,0.000466,2.0
74.0,147.0,0.000369,2.0
74.0,147.0,0.00023,2.0
76.0,149.0,0.000287,2.0
76.0,150.0,0.000263,2.0
74.0,148.0,0.000347,2.0
74.0,148.0,0.0004,2.0
73.0,146.0,0.000276,2.0
74.0,147.0,0.000277,2.0
73.0,146.0,0.000275,2.0
74.0,148.0,0.000286,2.0
73.0,147.0,0.000368,2.0
73.0,147.0,0.000425,2.0
75.0,148.0,0.00031,2.0
75.0,149.0,0.000253,2.0
75.0,148.0,0.002283,2.0
74.0,147.0,0.000221,2.0
74.0,147.0,0.002738,2.0
74.0,148.0,0.000459,2.0
79.0,160.0,0.003807,2.0
75.0,149.0,0.000553,2.0
74.0,148.0,0.000351,2.0
79.0,177.0,0.00191,2.0
81.0,163.0,0.000329,2.0
81.0,199.0,0.000266,2.0
549.0,669.0,0.295135,10.0
72.0,145.0,0.000398,2.0
72.0,146.0,0.00014,2.0
74.0,326.0,0.000356,2.0
74.0,326.0,0.000386,2.0
272.0,140.0,0.019472,6.0
74.0,326.0,0.000348,2.0
74.0,326.0,0.000301,2.0
272.0,140.0,0.017818,6.0
91.0,165.0,0.000376,2.0
91.0,507.0,0.000423,2.0
2230.0,2385.0,241.64447,25.0
89.0,174.0,0.000203,2.0
89.0,356.0,0.000333,2.0
10491.0,5953.0,241.621353,38.0
74.0,326.0,0.000416,2.0
74.0,326.0,0.000317,2.0
272.0,140.0,0.017752,6.0
81.0,163.0,0.000224,2.0
81.0,199.0,0.000312,2.0
549.0,670.0,0.240649,10.0
74.0,326.0,0.020403,2.0
74.0,326.0,0.000329,2.0
272.0,140.0,0.0177,6.0
206.0,204.0,13.704581,6.0
1766.0,26632.0,0.061673,31.0
1060.0,868.0,0.004044,9.0
75.0,128.0,0.009453,2.0
75.0,128.0,0.000379,2.0
75.0,174.0,0.001672,2.0
1406.0,3190.0,23.41184,16.0
3245.0,104169.0,23.41184,110.0
73.0,146.0,0.003808,2.0
73.0,147.0,0.001883,2.0
1612.0,7667.0,90.187332,16.0
91.0,166.0,0.002362,2.0
77.0,152.0,0.002566,2.0
74.0,153.0,0.002803,2.0
91.0,183.0,0.000402,2.0
77.0,169.0,0.000469,2.0
74.0,160.0,0.000355,2.0
84.0,159.0,0.002276,2.0
90.0,165.0,0.00246,2.0
79.0,135.0,0.002569,2.0
84.0,176.0,0.000393,2.0
90.0,182.0,0.000369,2.0
79.0,135.0,0.00028,2.0
87.0,162.0,0.002083,2.0
85.0,160.0,0.002256,2.0
79.0,136.0,0.002673,2.0
87.0,179.0,0.000471,2.0
85.0,177.0,0.000474,2.0
75.0,148.0,0.00022,2.0
84.0,159.0,0.001793,2.0
77.0,133.0,0.002568,2.0
75.0,149.0,0.000365,2.0
84.0,176.0,0.000438,2.0
77.0,133.0,0.000388,2.0
77.0,134.0,0.002114,2.0
1166.0,11947.0,23.236961,23.0
833.0,1016.0,23.236904,11.0
75.0,151.0,0.000281,2.0
75.0,151.0,0.00019,2.0
75.0,215.0,0.000314,2.0
72.0,139.0,0.000245,2.0
72.0,163.0,0.000256,2.0
74.0,326.0,0.000427,2.0
74.0,326.0,0.000437,2.0
272.0,206.0,0.018221,7.0
1441.0,1111.0,0.085079,10.0
2521.0,47260.0,0.198378,56.0
76.0,144.0,0.000341,2.0
73.0,125.0,0.000385,2.0
76.0,144.0,0.000168,2.0
73.0,125.0,0.000241,2.0
76.0,160.0,0.000407,2.0
73.0,144.0,0.000407,2.0
73.0,156.0,0.000315,2.0
73.0,380.0,0.000324,2.0
860.0,897.0,19.660591,11.0
704.0,704.0,0.136826,10.0
846.0,2962.0,0.373049,11.0
1632.0,8511.0,0.007221,15.0
1962.0,26317.0,0.055232,32.0
1635.0,1020.0,0.054234,11.0
1662.0,6648.0,0.054829,14.0
1562.0,1197.0,0.05442,10.0
75.0,186.0,0.000208,2.0
75.0,250.0,0.000467,2.0
75.0,139.0,0.003318,2.0
75.0,139.0,0.000408,2.0
75.0,141.0,0.00228,2.0
754.0,699.0,0.011542,10.0
753.0,2072.0,0.003914,11.0
754.0,6648.0,0.024529,13.0
73.0,171.0,0.000317,2.0
73.0,353.0,0.000259,2.0
1118.0,868.0,0.003904,9.0
1582.0,727.0,0.005884,10.0
77.0,140.0,0.042501,2.0
81.0,158.0,0.042501,2.0
71.0,122.0,0.00735,2.0
71.0,122.0,0.000211,2.0
71.0,151.0,0.005611,2.0
1574.0,966.0,0.013823,10.0
1576.0,2496.0,0.013846,11.0
2497.0,58961.0,0.014576,61.0
1575.0,5800.0,0.014261,12.0
1583.0,715.0,0.013982,10.0
1715.0,13281.0,0.014329,19.0
742.0,624.0,0.013681,10.0
1649.0,11632.0,0.023886,17.0
77.0,140.0,0.000217,2.0
81.0,160.0,0.000321,2.0
77.0,142.0,0.000321,2.0
77.0,156.0,0.002181,2.0
76.0,155.0,0.002556,2.0
71.0,150.0,0.003071,2.0
77.0,163.0,0.000539,2.0
76.0,162.0,0.000365,2.0
71.0,151.0,0.000393,2.0
76.0,131.0,0.000332,2.0
77.0,162.0,0.000262,2.0
76.0,131.0,0.000338,2.0
77.0,183.0,0.000392,2.0
74.0,153.0,0.000277,2.0
74.0,154.0,0.000361,2.0
76.0,168.0,0.000423,2.0
73.0,152.0,0.000222,2.0
72.0,145.0,0.000194,2.0
73.0,153.0,0.000393,2.0
73.0,152.0,0.000393,2.0
72.0,146.0,0.000275,2.0
73.0,153.0,0.000277,2.0
77.0,131.0,0.000317,2.0
73.0,145.0,0.03389,2.0
76.0,123.0,0.000796,2.0
77.0,131.0,0.000797,2.0
76.0,123.0,0.000173,2.0
77.0,158.0,0.000312,2.0
76.0,139.0,0.00027,2.0
77.0,133.0,0.000168,2.0
77.0,133.0,0.000185,2.0
77.0,150.0,0.000246,2.0
73.0,146.0,0.002462,2.0
66.0,141.0,0.122827,2.0
19790.0,59620.0,410.861542,149.0
272.0,140.0,10.840381,6.0
272.0,140.0,10.840333,6.0
272.0,206.0,10.840534,7.0
74.0,144.0,0.000439,2.0
272.0,140.0,10.840411,6.0
272.0,140.0,10.840097,6.0
74.0,326.0,0.000326,2.0
75.0,132.0,0.000226,2.0
75.0,132.0,0.000163,2.0
75.0,234.0,0.000191,2.0
66.0,141.0,0.00031,2.0
66.0,141.0,0.000279,2.0
66.0,141.0,0.00022,2.0
75.0,125.0,0.000282,2.0
70.0,120.0,0.00019,2.0
76.0,180.0,0.000281,2.0
75.0,125.0,0.000232,2.0
70.0,120.0,0.000199,2.0
76.0,362.0,0.000466,2.0
70.0,302.0,0.000572,2.0
75.0,467.0,0.000656,2.0
75.0,152.0,0.000221,2.0
74.0,155.0,0.000294,2.0
79.0,189.0,0.000297,2.0
75.0,302.0,0.00041,2.0
79.0,531.0,0.000325,2.0
74.0,497.0,0.000464,2.0
75.0,75.0,0.247357,2.0
79.0,150.0,0.000281,2.0
77.0,161.0,0.000297,2.0
79.0,492.0,0.000419,2.0
77.0,327.0,0.000598,2.0
79.0,184.0,0.000272,2.0
76.0,147.0,0.000277,2.0
76.0,489.0,0.000492,2.0
79.0,526.0,0.000512,2.0
75.0,159.0,0.000391,2.0
75.0,501.0,0.000404,2.0
72.0,151.0,0.002453,2.0
72.0,493.0,0.001804,2.0
3740.0,1912.0,410.660095,30.0
75.0,75.0,0.248144,2.0
75.0,135.0,0.067683,2.0
77.0,77.0,0.319831,2.0
75.0,135.0,0.000202,2.0
75.0,169.0,0.029929,2.0
272.0,140.0,20.395418,6.0
82.0,166.0,0.333866,2.0
75.0,75.0,0.247663,2.0
77.0,137.0,0.10409,2.0
75.0,75.0,0.249259,2.0
77.0,276.0,0.096525,2.0
85.0,136.0,0.044955,2.0
82.0,185.0,0.198561,2.0
85.0,136.0,0.000289,2.0
85.0,383.0,0.000448,2.0
2161.0,28712.0,19.78437,38.0
1008.0,14119.0,19.784607,23.0
77.0,150.0,0.000252,2.0
77.0,332.0,0.000339,2.0
106.0,190.0,0.111913,2.0
76.0,140.0,0.035454,2.0
106.0,292.0,0.00975,2.0
90.0,176.0,0.000238,2.0
90.0,278.0,0.000319,2.0
72.0,147.0,0.120666,2.0
76.0,140.0,0.000271,2.0
75.0,467.0,0.000447,2.0
76.0,207.0,0.000251,2.0
83.0,178.0,0.037389,2.0
83.0,308.0,0.040124,2.0
86.0,159.0,0.038032,2.0
85.0,136.0,0.02686,2.0
86.0,345.0,0.016649,2.0
72.0,180.0,0.115544,2.0
80.0,131.0,0.026842,2.0
85.0,136.0,0.000235,2.0
85.0,383.0,0.036034,2.0
943.0,11386.0,19.477018,20.0
1551.0,20095.0,19.477163,30.0
805.0,1859.0,19.476696,12.0
946.0,8095.0,19.47666,18.0
80.0,131.0,0.000263,2.0
80.0,378.0,0.027023,2.0
84.0,147.0,0.000285,2.0
84.0,147.0,0.000162,2.0
84.0,212.0,0.000302,2.0
71.0,147.0,0.21686,2.0
72.0,131.0,0.116895,2.0
72.0,131.0,0.00025,2.0
72.0,163.0,0.000334,2.0
71.0,184.0,0.032681,2.0
74.0,326.0,0.000425,2.0
74.0,326.0,0.000383,2.0
272.0,140.0,0.017863,6.0
72.0,145.0,0.000252,2.0
92.0,167.0,0.00022,2.0
79.0,133.0,0.000219,2.0
75.0,131.0,0.000227,2.0
73.0,146.0,0.000242,2.0
83.0,139.0,0.000222,2.0
92.0,167.0,0.00021,2.0
72.0,146.0,0.000382,2.0
70.0,144.0,0.000384,2.0
75.0,131.0,0.000408,2.0
78.0,130.0,0.00045,2.0
79.0,133.0,0.000449,2.0
92.0,167.0,0.000199,2.0
73.0,147.0,0.000344,2.0
83.0,139.0,0.000307,2.0
70.0,145.0,0.000441,2.0
206.0,204.0,18.730089,6.0
84.0,178.0,0.000431,2.0
78.0,130.0,0.000476,2.0
79.0,194.0,0.000456,2.0
75.0,148.0,0.00055,2.0
92.0,167.0,0.000539,2.0
83.0,200.0,0.033565,2.0
84.0,520.0,0.000559,2.0
206.0,204.0,18.729372,6.0
206.0,204.0,18.729261,6.0
206.0,130.0,18.729206,5.0
78.0,180.0,0.000559,2.0
206.0,204.0,18.729284,6.0
1615.0,765.0,6.823107,9.0
1109.0,1586.0,0.320205,11.0
428.0,288.0,18.72887,10.0
428.0,288.0,18.728861,10.0
1910.0,2695.0,58.729832,15.0
266.0,327.0,18.728697,6.0
266.0,327.0,18.728626,6.0
134.0,122.0,5.998509,4.0
1038.0,1004.0,0.141348,9.0
134.0,122.0,5.998753,4.0
272.0,140.0,18.735331,6.0
272.0,140.0,18.743071,6.0
272.0,140.0,18.743034,6.0
1192.0,685.0,0.292559,12.0
1314.0,2081.0,7.695356,13.0
428.0,354.0,18.69595,11.0
73.0,146.0,0.000262,2.0
73.0,129.0,0.000379,2.0
77.0,151.0,0.000379,2.0
73.0,147.0,0.000262,2.0
73.0,129.0,0.00031,2.0
77.0,152.0,0.000358,2.0
73.0,146.0,0.000332,2.0
76.0,149.0,0.00033,2.0
78.0,151.0,0.000247,2.0
78.0,152.0,0.000281,2.0
76.0,150.0,0.000323,2.0
78.0,151.0,0.000366,2.0
76.0,149.0,0.000195,2.0
78.0,152.0,0.000325,2.0
74.0,147.0,0.000387,2.0
76.0,150.0,0.000226,2.0
74.0,148.0,0.000244,2.0
76.0,149.0,0.000365,2.0
74.0,147.0,0.000204,2.0
72.0,145.0,0.000272,2.0
76.0,150.0,0.000326,2.0
74.0,148.0,0.000391,2.0
72.0,146.0,0.000457,2.0
74.0,147.0,0.000439,2.0
74.0,148.0,0.000194,2.0
74.0,147.0,0.000191,2.0
76.0,149.0,0.000219,2.0
74.0,148.0,0.000271,2.0
76.0,150.0,0.00027,2.0
79.0,160.0,0.00039,2.0
73.0,146.0,0.000287,2.0
74.0,147.0,0.000343,2.0
79.0,177.0,0.000352,2.0
74.0,148.0,0.000401,2.0
73.0,147.0,0.000401,2.0
73.0,146.0,0.000319,2.0
75.0,148.0,0.000191,2.0
73.0,147.0,0.00029,2.0
75.0,149.0,0.000321,2.0
72.0,145.0,0.000421,2.0
72.0,146.0,0.000476,2.0
81.0,163.0,0.000514,2.0
81.0,199.0,0.000382,2.0
549.0,670.0,0.300647,10.0
74.0,326.0,0.000373,2.0
74.0,326.0,0.000364,2.0
272.0,140.0,0.018336,6.0
1432.0,3439.0,0.014896,10.0
1492.0,3439.0,0.024775,10.0
72.0,146.0,0.001977,2.0
72.0,147.0,0.000305,2.0
1497.0,586.0,0.005648,9.0
1479.0,2073.0,0.105318,9.0
1548.0,2650.0,0.015509,9.0
75.0,131.0,0.001963,2.0
75.0,131.0,0.000186,2.0
75.0,148.0,0.000346,2.0
2010.0,6936.0,50.958118,20.0
1186.0,868.0,0.003818,9.0
73.0,152.0,0.018281,2.0
73.0,228.0,0.002698,2.0
83.0,225.0,0.000291,2.0
83.0,497.0,0.021443,2.0
9038.0,10987.0,670.921875,64.0
74.0,326.0,0.000504,2.0
74.0,326.0,0.000362,2.0
272.0,140.0,0.018943,6.0
84.0,224.0,0.00035,2.0
84.0,468.0,0.021641,2.0
2299.0,3606.0,302.643036,30.0
87.0,232.0,0.148242,2.0
76.0,121.0,0.000233,2.0
76.0,121.0,0.000166,2.0
76.0,162.0,0.000288,2.0
1536.0,5401.0,307.823456,31.0
87.0,541.0,0.001727,2.0
1962.0,19531.0,57.61834,36.0
83.0,222.0,0.000369,2.0
83.0,447.0,0.001864,2.0
2044.0,5354.0,306.985382,32.0
2044.0,6780.0,306.981049,33.0
2044.0,4794.0,306.980927,32.0
71.0,130.0,0.010157,2.0
71.0,130.0,0.000436,2.0
71.0,470.0,0.019613,2.0
73.0,171.0,0.000329,2.0
73.0,353.0,0.000394,2.0
78.0,162.0,0.000289,2.0
78.0,504.0,0.000432,2.0
1354.0,686.0,0.070551,10.0
65.0,121.0,0.044706,2.0
65.0,121.0,0.000199,2.0
65.0,243.0,0.036918,2.0
74.0,326.0,0.000562,2.0
74.0,326.0,0.000272,2.0
272.0,140.0,0.018116,6.0
3678.0,1865.0,165.464294,22.0
1196.0,793.0,303.235504,22.0
272.0,210.0,13.215517,7.0
69.0,125.0,0.000193,2.0
69.0,125.0,0.000242,2.0
69.0,247.0,0.00028,2.0
7283.0,172839.0,303.167999,214.0
4569.0,34315.0,303.152618,72.0
70.0,125.0,0.000233,2.0
70.0,125.0,0.000342,2.0
70.0,148.0,0.029536,2.0
12006.0,202118.0,303.055145,284.0
14372.0,259330.0,303.055054,401.0
70.0,122.0,0.08069,2.0
70.0,139.0,0.000382,2.0
70.0,162.0,0.000306,2.0
70.0,125.0,0.000222,2.0
70.0,125.0,0.000136,2.0
70.0,148.0,0.000243,2.0
2216.0,18309.0,303.053528,44.0
16165.0,366321.0,303.03653,449.0
2765.0,52353.0,303.035309,82.0
1505.0,9933.0,303.051514,33.0
1505.0,10836.0,303.043488,33.0
1385.0,7374.0,303.042114,29.0
1565.0,11846.0,303.052704,35.0
2938.0,12624.0,303.042236,41.0
70.0,142.0,0.093597,2.0
2279.0,11393.0,303.026917,41.0
70.0,122.0,0.000204,2.0
70.0,248.0,0.037203,2.0
70.0,190.0,0.000457,2.0
272.0,210.0,12.934188,7.0
5987.0,3252.0,365.439178,35.0
66.0,118.0,0.037044,2.0
73.0,125.0,0.037315,2.0
66.0,121.0,0.000466,2.0
66.0,121.0,0.000227,2.0
66.0,144.0,0.000215,2.0
72.0,124.0,0.037134,2.0
66.0,118.0,0.000316,2.0
73.0,125.0,0.000266,2.0
66.0,244.0,0.034381,2.0
73.0,251.0,0.044938,2.0
72.0,124.0,0.000308,2.0
72.0,250.0,0.034449,2.0
74.0,118.0,0.076888,2.0
73.0,129.0,0.00029,2.0
73.0,129.0,0.000203,2.0
73.0,251.0,0.000456,2.0
73.0,149.0,0.119162,2.0
75.0,136.0,0.000323,2.0
75.0,136.0,0.000223,2.0
75.0,141.0,0.000392,2.0
73.0,136.0,0.000312,2.0
73.0,139.0,0.000293,2.0
76.0,122.0,0.019965,2.0
76.0,139.0,0.090683,2.0
76.0,122.0,0.000403,2.0
76.0,180.0,0.001418,2.0
81.0,150.0,0.000361,2.0
81.0,150.0,0.000193,2.0
81.0,158.0,0.000359,2.0
82.0,149.0,0.000156,2.0
82.0,149.0,0.000283,2.0
82.0,148.0,0.000241,2.0
73.0,146.0,0.00033,2.0
73.0,154.0,0.000292,2.0
71.0,155.0,0.0449,2.0
760.0,1171.0,33.496803,15.0
760.0,1171.0,33.496151,15.0
760.0,1171.0,33.495628,15.0
760.0,1171.0,33.495346,15.0
760.0,1171.0,33.496361,15.0
756.0,1171.0,33.487366,15.0
756.0,1105.0,33.480042,14.0
823.0,1171.0,33.489231,16.0
757.0,1171.0,33.487274,15.0
757.0,1171.0,33.489319,15.0
757.0,1171.0,33.489285,15.0
757.0,1171.0,33.489433,15.0
21860.0,89362.0,287.895203,176.0
26048.0,20852.0,321.079254,84.0
24188.0,182917.0,365.210754,322.0
74.0,118.0,0.000277,2.0
74.0,235.0,0.049351,2.0
72.0,128.0,0.000238,2.0
72.0,128.0,0.000282,2.0
72.0,250.0,0.000287,2.0
929.0,2032.0,129.694656,15.0
864.0,2372.0,129.012878,13.0
863.0,2083.0,131.169098,13.0
1522.0,4238.0,134.692642,21.0
930.0,2481.0,129.693741,15.0
797.0,1580.0,130.093369,11.0
71.0,151.0,0.044713,2.0
76.0,139.0,0.000177,2.0
76.0,169.0,0.027345,2.0
759.0,829.0,0.129625,10.0
73.0,151.0,0.055133,2.0
86.0,130.0,0.000251,2.0
86.0,130.0,0.000508,2.0
86.0,272.0,0.000344,2.0
88.0,233.0,0.009793,2.0
81.0,219.0,0.000624,2.0
81.0,428.0,0.002011,2.0
72.0,174.0,0.000288,2.0
72.0,456.0,0.000406,2.0
75.0,122.0,0.00017,2.0
75.0,122.0,0.000181,2.0
75.0,152.0,0.000243,2.0
88.0,486.0,0.021872,2.0
750.0,590.0,0.119957,10.0
81.0,138.0,0.044959,2.0
81.0,138.0,0.000592,2.0
81.0,193.0,0.044919,2.0
11019.0,210157.0,52.109905,213.0
10790.0,206524.0,52.109909,206.0
11613.0,213661.0,52.11018,225.0
10054.0,182655.0,52.109898,189.0
4775.0,62508.0,52.110153,89.0
5578.0,81813.0,52.109795,105.0
1309.0,2559.0,300.665955,26.0
81.0,163.0,0.000481,2.0
81.0,199.0,0.000328,2.0
549.0,670.0,0.219463,10.0
74.0,326.0,0.000312,2.0
74.0,326.0,0.000272,2.0
272.0,140.0,0.018174,6.0
74.0,326.0,0.000368,2.0
74.0,326.0,0.000339,2.0
272.0,140.0,0.018123,6.0
70.0,143.0,0.002186,2.0
70.0,144.0,0.000321,2.0
35202.0,1278291.0,148.509018,1200.0
72.0,145.0,0.00215,2.0
72.0,146.0,0.000256,2.0
1678.0,2650.0,0.008908,9.0
83.0,139.0,0.000382,2.0
70.0,143.0,0.000355,2.0
70.0,144.0,0.000307,2.0
83.0,139.0,0.000309,2.0
7689.0,80380.0,45.989639,81.0
6254.0,28807.0,145.601334,47.0
8512.0,5096.0,100.481239,27.0
83.0,200.0,0.000405,2.0
1092.0,6781.0,0.027915,16.0
1881.0,46989.0,0.027788,54.0
70.0,143.0,0.00046,2.0
70.0,144.0,0.000214,2.0
8175.0,56406.0,100.319672,75.0
2848.0,628.0,45.9865,10.0
78.0,130.0,0.000194,2.0
78.0,130.0,0.000241,2.0
78.0,180.0,0.00026,2.0
1212.0,1004.0,0.004038,9.0
74.0,326.0,0.00044,2.0
74.0,326.0,0.000431,2.0
272.0,206.0,0.018642,7.0
77.0,131.0,0.000209,2.0
77.0,131.0,0.000193,2.0
77.0,158.0,0.000296,2.0
72.0,145.0,0.000301,2.0
72.0,146.0,0.000266,2.0
1678.0,2651.0,0.009544,9.0
83.0,139.0,0.000291,2.0
83.0,139.0,0.000305,2.0
83.0,200.0,0.000269,2.0
891.0,544.0,0.004766,10.0
960.0,544.0,0.004416,11.0
78.0,130.0,0.000179,2.0
78.0,130.0,0.000145,2.0
78.0,180.0,0.000237,2.0
1212.0,868.0,0.003958,9.0
72.0,145.0,0.000336,2.0
72.0,146.0,0.000239,2.0
1618.0,474.0,0.009547,7.0
83.0,139.0,0.000255,2.0
83.0,139.0,0.000169,2.0
83.0,200.0,0.000255,2.0
1026.0,6781.0,0.020211,15.0
1485.0,46989.0,0.020468,48.0
78.0,130.0,0.000175,2.0
78.0,130.0,0.000277,2.0
78.0,180.0,0.000175,2.0
1212.0,868.0,0.00369,9.0
1550.0,3568.0,0.014983,10.0
1598.0,5679.0,90.161026,14.0
1733.0,6765.0,135.441483,19.0
1664.0,5332.0,90.160797,15.0
206.0,130.0,16.284967,5.0
1667.0,5904.0,135.280228,16.0
1573.0,2586.0,0.024098,9.0
1253.0,868.0,0.003767,9.0
81.0,163.0,0.000188,2.0
81.0,199.0,0.000303,2.0
549.0,670.0,0.215789,10.0
74.0,326.0,0.000345,2.0
74.0,326.0,0.000425,2.0
272.0,140.0,0.018341,6.0
74.0,326.0,0.000411,2.0
74.0,326.0,0.000385,2.0
272.0,140.0,0.018269,6.0
75.0,132.0,0.00034,2.0
75.0,132.0,0.000219,2.0
75.0,234.0,0.000284,2.0
7171.0,24364.0,358.981201,134.0
85.0,171.0,0.00039,2.0
85.0,273.0,0.000464,2.0
33567.0,589558.0,350.513519,931.0
83.0,157.0,0.000291,2.0
83.0,499.0,0.000313,2.0
5246.0,25329.0,509.503143,90.0
85.0,171.0,0.000192,2.0
85.0,171.0,0.000187,2.0
84.0,170.0,0.000269,2.0
85.0,273.0,0.000423,2.0
106.0,192.0,0.000546,2.0
85.0,273.0,0.000328,2.0
84.0,272.0,0.000498,2.0
106.0,294.0,0.000459,2.0
1021.0,2580.0,7.555746,15.0
4095.0,23690.0,407.58783,87.0
1548.0,3206.0,247.571259,31.0
1570.0,3222.0,247.570526,31.0
106.0,192.0,0.000297,2.0
106.0,294.0,0.000272,2.0
1570.0,3222.0,247.567947,31.0
106.0,192.0,0.000375,2.0
106.0,294.0,0.000481,2.0
1042.0,2596.0,7.44894,15.0
85.0,171.0,0.000229,2.0
85.0,273.0,0.000272,2.0
1549.0,3206.0,247.18544,31.0
81.0,158.0,0.009548,2.0
81.0,500.0,0.000363,2.0
1017.0,2784.0,6.409823,15.0
74.0,144.0,0.000272,2.0
74.0,326.0,0.00033,2.0
136.0,222.0,0.000327,2.0
79.0,150.0,0.000333,2.0
136.0,222.0,0.000337,2.0
75.0,152.0,0.000285,2.0
10525.0,5657.0,406.921692,66.0
1463.0,1096.0,245.807556,27.0
79.0,492.0,0.000377,2.0
136.0,324.0,0.00049,2.0
1463.0,1096.0,245.807693,27.0
1463.0,1096.0,245.80748,27.0
136.0,324.0,0.000662,2.0
1463.0,1096.0,245.80748,27.0
75.0,302.0,0.000665,2.0
1543.0,3410.0,245.806015,31.0
75.0,75.0,0.246195,2.0
105.0,191.0,0.000425,2.0
105.0,293.0,0.000372,2.0
74.0,326.0,0.000414,2.0
74.0,326.0,0.000304,2.0
272.0,140.0,0.018201,6.0
75.0,75.0,0.247933,2.0
75.0,75.0,0.247076,2.0
75.0,75.0,0.247348,2.0
75.0,467.0,0.000352,2.0
81.0,163.0,0.000196,2.0
81.0,199.0,0.000273,2.0
549.0,670.0,0.247,10.0
74.0,326.0,0.000288,2.0
74.0,326.0,0.000344,2.0
272.0,140.0,0.017807,6.0
75.0,146.0,0.000308,2.0
75.0,488.0,0.000363,2.0
36462.0,73380.0,275.667145,174.0
74.0,143.0,0.000388,2.0
74.0,143.0,0.000313,2.0
74.0,485.0,0.000401,2.0
74.0,485.0,0.000371,2.0
59847.0,58444.0,295.33902,182.0
143133.0,192844.0,295.330902,449.0
55103.0,71701.0,295.24057,172.0
134942.0,159327.0,295.240753,390.0
58234.0,52880.0,295.248413,177.0
55459.0,62002.0,295.24826,177.0
96581.0,217953.0,295.24826,374.0
82765.0,99951.0,295.240112,240.0
76.0,133.0,0.000287,2.0
79985.0,73787.0,295.240051,234.0
67731.0,69612.0,295.247803,204.0
72724.0,82323.0,295.247589,223.0
94884.0,93786.0,295.247467,262.0
76.0,133.0,0.000169,2.0
76.0,235.0,0.000314,2.0
1756.0,2752.0,245.23494,24.0
7710.0,71671.0,275.244995,116.0
81.0,152.0,0.000248,2.0
75.0,125.0,0.000365,2.0
76.0,147.0,0.000289,2.0
81.0,318.0,0.000272,2.0
75.0,125.0,0.000186,2.0
76.0,489.0,0.000416,2.0
75.0,467.0,0.000462,2.0
70.0,120.0,0.000328,2.0
77.0,150.0,0.000219,2.0
70.0,120.0,0.000105,2.0
75.0,146.0,0.000193,2.0
77.0,332.0,0.000396,2.0
70.0,302.0,0.000411,2.0
75.0,488.0,0.000337,2.0
80.0,156.0,0.000336,2.0
79.0,150.0,0.000308,2.0
80.0,498.0,0.000411,2.0
79.0,492.0,0.000467,2.0
78.0,152.0,0.000467,2.0
78.0,318.0,0.000313,2.0
80.0,151.0,0.000245,2.0
76.0,147.0,0.000223,2.0
80.0,493.0,0.000308,2.0
76.0,489.0,0.000482,2.0
76.0,148.0,0.000439,2.0
76.0,490.0,0.000344,2.0
75.0,159.0,0.000243,2.0
75.0,501.0,0.000335,2.0
74.0,326.0,0.000394,2.0
73.0,142.0,0.000234,2.0
73.0,484.0,0.000396,2.0
74.0,326.0,0.000508,2.0
3560.0,1788.0,254.396927,25.0
272.0,140.0,0.018039,6.0
72.0,116.0,0.00024,2.0
72.0,116.0,0.000237,2.0
72.0,290.0,0.000281,2.0
86.0,130.0,0.000272,2.0
87.0,232.0,0.000317,2.0
86.0,130.0,0.000237,2.0
88.0,233.0,0.000328,2.0
87.0,541.0,0.003061,2.0
86.0,272.0,0.000466,2.0
84.0,224.0,0.000559,2.0
81.0,219.0,0.008677,2.0
88.0,454.0,0.033437,2.0
84.0,468.0,0.000835,2.0
1160.0,2906.0,35.956734,19.0
1160.0,2906.0,35.95668,19.0
1160.0,2906.0,35.95676,19.0
1160.0,2906.0,35.956821,19.0
1160.0,2906.0,35.956928,19.0
1065.0,1991.0,35.954849,17.0
1065.0,1991.0,35.954479,17.0
1065.0,1991.0,35.954727,17.0
1065.0,1991.0,35.954845,17.0
81.0,428.0,0.001991,2.0
2556.0,6365.0,24.698351,31.0
1228.0,5627.0,78.706055,23.0
1228.0,5627.0,74.598076,23.0
1228.0,5627.0,79.318573,23.0
1228.0,5627.0,74.790268,23.0
74.0,326.0,0.000533,2.0
74.0,326.0,0.000299,2.0
272.0,206.0,0.01803,7.0
73.0,171.0,0.000229,2.0
73.0,353.0,0.000321,2.0
78.0,162.0,0.000261,2.0
78.0,504.0,0.000418,2.0
2953.0,1210.0,1.594421,14.0
4314.0,1675.0,1.787688,17.0
272.0,140.0,17.639603,6.0
272.0,140.0,17.440466,6.0
272.0,140.0,17.440756,6.0
72.0,151.0,0.000353,2.0
272.0,140.0,17.440706,6.0
75.0,132.0,0.000261,2.0
272.0,140.0,17.440401,6.0
272.0,140.0,17.440561,6.0
75.0,132.0,0.000255,2.0
72.0,493.0,0.00046,2.0
75.0,234.0,0.000295,2.0
272.0,140.0,17.437496,6.0
272.0,140.0,17.437443,6.0
272.0,140.0,17.445141,6.0
272.0,140.0,17.445082,6.0
75.0,125.0,0.000299,2.0
76.0,180.0,0.000214,2.0
70.0,120.0,0.000109,2.0
76.0,362.0,0.000366,2.0
70.0,120.0,0.000307,2.0
70.0,302.0,0.000359,2.0
75.0,152.0,0.00038,2.0
75.0,125.0,0.000277,2.0
75.0,467.0,0.000259,2.0
75.0,302.0,0.010135,2.0
74.0,155.0,0.000435,2.0
79.0,189.0,0.000215,2.0
79.0,531.0,0.000338,2.0
75.0,75.0,0.247843,2.0
74.0,497.0,0.000538,2.0
79.0,150.0,0.000255,2.0
79.0,492.0,0.000444,2.0
77.0,161.0,0.000224,2.0
77.0,327.0,0.000321,2.0
76.0,147.0,0.000126,2.0
76.0,489.0,0.000425,2.0
79.0,184.0,0.000302,2.0
74.0,144.0,0.000404,2.0
79.0,526.0,0.000477,2.0
74.0,326.0,0.000446,2.0
75.0,159.0,0.000439,2.0
75.0,501.0,0.000374,2.0
20914.0,9909.0,274.852386,73.0
75.0,146.0,0.000254,2.0
106.0,190.0,0.000214,2.0
106.0,292.0,0.000399,2.0
75.0,488.0,0.010181,2.0
77.0,132.0,0.000297,2.0
77.0,132.0,0.000235,2.0
77.0,178.0,0.000344,2.0
71.0,141.0,0.047374,2.0
82.0,82.0,0.01798,2.0
75.0,75.0,0.247547,2.0
82.0,82.0,0.01801,2.0
82.0,222.0,0.017557,2.0
71.0,141.0,0.000294,2.0
71.0,143.0,0.024038,2.0
72.0,143.0,0.058843,2.0
75.0,151.0,0.000206,2.0
75.0,151.0,0.000177,2.0
75.0,215.0,0.000314,2.0
90.0,176.0,0.00019,2.0
90.0,278.0,0.000376,2.0
73.0,133.0,0.729551,2.0
72.0,143.0,0.000292,2.0
72.0,200.0,0.065133,2.0
75.0,75.0,0.248288,2.0
74.0,326.0,0.000443,2.0
74.0,326.0,0.000521,2.0
272.0,140.0,0.017808,6.0
75.0,75.0,0.247762,2.0
75.0,467.0,0.000412,2.0
73.0,133.0,0.000191,2.0
73.0,206.0,0.685454,2.0
81.0,163.0,0.000421,2.0
81.0,199.0,0.000314,2.0
549.0,670.0,0.228234,10.0
9965.0,133728.0,54.435905,174.0
272.0,140.0,14.434739,6.0
74.0,326.0,0.000354,2.0
74.0,326.0,0.000455,2.0
272.0,140.0,0.017899,6.0
82.0,143.0,0.09977,2.0
75.0,145.0,0.000347,2.0
75.0,145.0,0.000406,2.0
75.0,487.0,0.000357,2.0
75.0,487.0,0.000515,2.0
29437.0,184395.0,262.464569,233.0
17136.0,106619.0,262.464172,149.0
82.0,143.0,0.000257,2.0
82.0,176.0,0.00155,2.0
1548.0,16661.0,0.012012,28.0
17870.0,108997.0,262.381866,160.0
30886.0,214041.0,262.373993,254.0
20785.0,132817.0,262.37381,182.0
18059.0,119926.0,262.373688,171.0
23869.0,164551.0,262.373535,195.0
18916.0,112672.0,262.380035,162.0
36964.0,251775.0,262.379517,294.0
19807.0,139923.0,262.371368,171.0
38347.0,236017.0,262.371277,290.0
17131.0,118199.0,262.371155,155.0
3840.0,74283.0,0.024104,96.0
76.0,128.0,0.00185,2.0
861.0,1294.0,0.011286,10.0
3080.0,58587.0,0.0226,77.0
908.0,2733.0,0.018166,12.0
85.0,146.0,0.002086,2.0
988.0,4082.0,0.017133,14.0
3397.0,69407.0,0.031368,90.0
74.0,133.0,0.00259,2.0
76.0,128.0,0.000428,2.0
76.0,153.0,0.002481,2.0
85.0,146.0,0.000533,2.0
74.0,133.0,0.000288,2.0
85.0,179.0,0.002096,2.0
74.0,166.0,0.000384,2.0
1777.0,24747.0,3.015957,46.0
877.0,3268.0,0.211144,14.0
980.0,7670.0,0.019069,16.0
988.0,4603.0,0.018335,14.0
1042.0,6620.0,0.013754,16.0
800.0,804.0,0.005508,9.0
892.0,1525.0,0.005293,9.0
79.0,131.0,0.001933,2.0
79.0,131.0,0.000259,2.0
79.0,149.0,0.048367,2.0
1062.0,975.0,0.005547,9.0
999.0,4014.0,0.006471,11.0
974.0,7499.0,0.006453,16.0
1232.0,3252.0,0.011052,12.0
7123.0,292922.0,0.0711,298.0
917.0,806.0,0.034696,10.0
1062.0,839.0,0.004423,9.0
1712.0,23953.0,0.008364,38.0
72.0,131.0,0.001727,2.0
72.0,131.0,0.000302,2.0
1155.0,787.0,0.011513,10.0
72.0,164.0,0.000222,2.0
766.0,1386.0,0.005525,10.0
78.0,130.0,0.000272,2.0
78.0,130.0,0.000312,2.0
78.0,180.0,0.0002,2.0
918.0,2432.0,0.008903,12.0
1333.0,1004.0,0.004997,9.0
793.0,825.0,0.008197,10.0
852.0,2744.0,0.00886,12.0
76.0,135.0,0.003367,2.0
81.0,140.0,0.00367,2.0
78.0,144.0,0.003964,2.0
798.0,917.0,0.005726,10.0
1779.0,24872.0,0.011163,40.0
76.0,135.0,0.000301,2.0
81.0,140.0,0.0003,2.0
76.0,168.0,0.001873,2.0
81.0,173.0,0.00218,2.0
78.0,144.0,0.000541,2.0
83.0,225.0,0.000355,2.0
78.0,177.0,0.003608,2.0
83.0,497.0,0.019513,2.0
73.0,123.0,0.000429,2.0
73.0,123.0,0.000368,2.0
73.0,183.0,0.000302,2.0
2471.0,1592.0,250.82251,23.0
902.0,4351.0,0.005812,14.0
76.0,181.0,0.000453,2.0
76.0,248.0,0.000352,2.0
2908.0,69515.0,0.054946,87.0
894.0,1533.0,0.004775,9.0
1062.0,839.0,0.005509,9.0
1007.0,4565.0,0.006477,11.0
1169.0,2600.0,0.009143,12.0
1009.0,806.0,0.054969,11.0
1062.0,839.0,0.005135,9.0
1448.0,17268.0,0.019994,30.0
1976.0,43193.0,0.022292,55.0
791.0,930.0,0.017096,10.0
795.0,939.0,0.01724,10.0
796.0,952.0,0.017198,10.0
791.0,934.0,0.017145,10.0
1034.0,3982.0,0.018305,14.0
1034.0,4681.0,0.01882,14.0
945.0,2300.0,0.018805,12.0
1100.0,5829.0,0.040402,15.0
1166.0,7649.0,0.040679,17.0
858.0,944.0,0.037488,11.0
857.0,941.0,0.037537,11.0
860.0,752.0,0.036966,11.0
859.0,1087.0,0.037959,11.0
857.0,1158.0,0.036712,11.0
968.0,2992.0,0.035412,12.0
1100.0,7545.0,0.037927,16.0
968.0,2172.0,0.035412,12.0
796.0,749.0,0.035092,10.0
968.0,2356.0,0.017704,12.0
968.0,2333.0,0.018137,12.0
1034.0,5307.0,0.01953,14.0
1252.0,13785.0,0.018974,24.0
1045.0,787.0,0.018675,10.0
1223.0,868.0,0.004775,9.0
1061.0,8488.0,0.016323,18.0
1102.0,2231.0,0.01549,12.0
968.0,3248.0,0.014086,12.0
1100.0,7379.0,0.015569,16.0
1034.0,6095.0,0.015927,14.0
968.0,2446.0,0.014725,12.0
968.0,2478.0,0.013902,12.0
85.0,146.0,0.001957,2.0
85.0,146.0,0.000379,2.0
85.0,179.0,0.001835,2.0
1036.0,1664.0,0.00739,10.0
1045.0,787.0,0.011169,10.0
2589.0,53342.0,0.013362,70.0
73.0,73.0,0.005011,2.0
1054.0,8061.0,0.009085,18.0
797.0,1455.0,0.007265,10.0
3278.0,59372.0,0.016482,103.0
1062.0,839.0,0.006139,9.0
73.0,73.0,0.001593,2.0
1045.0,787.0,0.010473,10.0
1779.0,25030.0,0.011161,40.0
73.0,134.0,0.004931,2.0
2119.0,23254.0,16.937424,38.0
869.0,6408.0,6.937245,15.0
927.0,3418.0,0.010886,14.0
76.0,121.0,0.000202,2.0
76.0,121.0,0.00024,2.0
76.0,162.0,0.000278,2.0
272.0,444.0,14.116989,10.0
927.0,4083.0,0.013253,14.0
928.0,4894.0,0.014896,14.0
928.0,4757.0,0.014334,14.0
933.0,4922.0,0.015418,14.0
861.0,2906.0,0.012459,12.0
863.0,3241.0,0.014579,12.0
929.0,4805.0,0.014264,14.0
933.0,3688.0,0.013196,14.0
930.0,5014.0,0.013354,14.0
861.0,2586.0,0.011008,12.0
927.0,4734.0,0.0126,14.0
862.0,1999.0,0.011641,12.0
84.0,178.0,0.000235,2.0
84.0,520.0,0.000511,2.0
3841.0,1724.0,246.481674,26.0
2748.0,1328.0,246.489334,23.0
1065.0,1991.0,34.784122,17.0
1065.0,1991.0,34.784191,17.0
83.0,222.0,0.000274,2.0
83.0,447.0,0.002007,2.0
756.0,1171.0,34.787994,15.0
756.0,1171.0,34.788296,15.0
72.0,134.0,0.130704,2.0
966.0,715.0,0.004683,10.0
73.0,118.0,0.934347,2.0
84.0,143.0,0.06841,2.0
78.0,137.0,0.072913,2.0
89.0,169.0,0.004398,2.0
89.0,271.0,0.01193,2.0
1291.0,796.0,246.541245,21.0
74.0,326.0,0.000579,2.0
74.0,326.0,0.00036,2.0
272.0,206.0,0.018158,7.0
84.0,143.0,0.000332,2.0
84.0,172.0,0.068225,2.0
78.0,137.0,0.000213,2.0
78.0,246.0,0.068276,2.0
72.0,134.0,0.000202,2.0
72.0,300.0,0.036497,2.0
350.0,280.0,16.571476,9.0
350.0,280.0,16.571415,9.0
748.0,1397.0,0.203599,8.0
722.0,746.0,0.205672,9.0
73.0,118.0,0.000216,2.0
73.0,259.0,0.055238,2.0
792.0,833.0,0.162836,10.0
81.0,158.0,0.000298,2.0
81.0,500.0,0.009778,2.0
8776.0,12806.0,712.176453,106.0
834.0,3679.0,0.165344,11.0
78.0,132.0,0.058096,2.0
72.0,135.0,0.164578,2.0
71.0,148.0,0.130391,2.0
79.0,154.0,0.286098,2.0
76.0,126.0,0.064262,2.0
911.0,800.0,0.16345,10.0
820.0,957.0,0.178373,10.0
78.0,132.0,0.000243,2.0
78.0,219.0,0.057846,2.0
76.0,126.0,0.000198,2.0
76.0,275.0,0.063063,2.0
71.0,140.0,0.231236,2.0
71.0,121.0,0.06748,2.0
77.0,136.0,0.068846,2.0
843.0,932.0,0.175427,11.0
62991.0,2250276.0,12.398191,2372.0
71.0,219.0,0.072592,2.0
1606.0,1483.0,0.256992,12.0
84.0,178.0,0.000228,2.0
84.0,520.0,0.000446,2.0
7486.0,2972.0,285.181763,36.0
72.0,135.0,0.000241,2.0
72.0,216.0,0.056039,2.0
775.0,930.0,0.174847,10.0
71.0,121.0,0.000249,2.0
71.0,362.0,0.073032,2.0
77.0,136.0,0.000298,2.0
77.0,165.0,0.068142,2.0
890.0,716.0,0.181794,10.0
1725.0,1693.0,15.156183,13.0
819.0,692.0,0.174675,10.0
272.0,206.0,15.128032,7.0
70.0,115.0,0.160922,2.0
272.0,136.0,15.125164,6.0
817.0,692.0,0.171077,10.0
79.0,155.0,0.055956,2.0
84.0,134.0,0.065986,2.0
71.0,140.0,0.000251,2.0
71.0,166.0,0.053427,2.0
985.0,893.0,0.167525,9.0
84.0,134.0,0.000233,2.0
84.0,375.0,0.067774,2.0
70.0,115.0,0.000232,2.0
70.0,157.0,0.061619,2.0
903.0,1586.0,0.18715,10.0
1010.0,1537.0,0.168153,9.0
77.0,131.0,0.319265,2.0
77.0,162.0,0.000507,2.0
74.0,144.0,0.137546,2.0
77.0,194.0,0.000392,2.0
88.0,158.0,0.000313,2.0
88.0,246.0,0.000408,2.0
74.0,176.0,0.036752,2.0
74.0,324.0,0.018933,2.0
74.0,144.0,0.000267,2.0
74.0,207.0,0.112838,2.0
77.0,131.0,0.000205,2.0
77.0,149.0,0.306346,2.0
82.0,143.0,0.000179,2.0
82.0,143.0,0.000303,2.0
82.0,258.0,0.000319,2.0
1186.0,6017.0,0.177566,18.0
82.0,258.0,0.035647,2.0
1783.0,5140.0,0.228188,24.0
74.0,144.0,0.000472,2.0
74.0,326.0,0.000556,2.0
82.0,143.0,0.000235,2.0
82.0,143.0,0.000243,2.0
82.0,258.0,0.000386,2.0
1170.0,6017.0,0.178201,18.0
74.0,326.0,0.000382,2.0
74.0,326.0,0.000378,2.0
272.0,140.0,0.018311,6.0
11790.0,17096.0,255.592896,71.0
4293.0,14776.0,1.067154,38.0
2035.0,1145.0,0.837016,15.0
2036.0,1147.0,0.836142,15.0
81.0,163.0,0.000204,2.0
81.0,199.0,0.000319,2.0
549.0,669.0,0.22671,10.0
70.0,129.0,0.318019,2.0
70.0,129.0,0.000241,2.0
70.0,164.0,0.159217,2.0
272.0,140.0,11.625204,6.0
272.0,140.0,11.62538,6.0
272.0,206.0,11.626553,7.0
272.0,140.0,11.626257,6.0
272.0,140.0,11.626306,6.0
272.0,140.0,11.626124,6.0
272.0,206.0,11.626077,7.0
1619.0,15578.0,11.707305,26.0
90.0,90.0,0.000719,2.0
1887.0,4137.0,10.835058,17.0
74.0,127.0,0.287788,2.0
82.0,158.0,0.01708,2.0
82.0,158.0,0.000208,2.0
82.0,243.0,0.017442,2.0
68.0,144.0,0.00037,2.0
68.0,144.0,0.000337,2.0
68.0,144.0,0.000264,2.0
68.0,144.0,0.000249,2.0
68.0,208.0,0.123546,2.0
68.0,208.0,0.000413,2.0
1053.0,1529.0,10.531957,11.0
74.0,127.0,0.000291,2.0
74.0,131.0,0.000285,2.0
1550.0,1561.0,20.425259,14.0
4339.0,26669.0,17.831335,47.0
83.0,187.0,0.000248,2.0
83.0,184.0,0.014884,2.0
83.0,187.0,0.000295,2.0
83.0,184.0,0.013881,2.0
3051.0,5185.0,67.387367,24.0
5628.0,36135.0,67.387306,60.0
3070.0,11602.0,67.386971,28.0
3057.0,6802.0,67.387161,26.0
2502.0,3408.0,67.387383,21.0
3607.0,28377.0,67.387123,42.0
4661.0,8583.0,67.386436,33.0
4612.0,11797.0,67.386726,34.0
4610.0,10102.0,67.38665,32.0
78.0,133.0,0.000252,2.0
77.0,132.0,0.000224,2.0
81.0,146.0,0.176641,2.0
78.0,133.0,0.000305,2.0
77.0,132.0,0.000502,2.0
78.0,179.0,0.000679,2.0
77.0,178.0,0.000278,2.0
81.0,146.0,0.000208,2.0
81.0,142.0,0.051923,2.0
4044.0,10139.0,67.137367,30.0
3565.0,8817.0,67.137016,29.0
4174.0,7726.0,67.137299,32.0
80.0,218.0,0.002235,2.0
79.0,215.0,0.000492,2.0
76.0,121.0,0.000299,2.0
76.0,121.0,0.000469,2.0
79.0,396.0,0.000741,2.0
76.0,162.0,0.017204,2.0
272.0,140.0,17.118088,6.0
272.0,206.0,17.118317,7.0
272.0,206.0,17.118319,7.0
272.0,206.0,17.118319,7.0
272.0,206.0,17.118319,7.0
80.0,463.0,0.00187,2.0
80.0,217.0,0.000257,2.0
80.0,215.0,0.000267,2.0
80.0,429.0,0.000468,2.0
272.0,140.0,17.121113,6.0
350.0,214.0,17.121326,8.0
80.0,399.0,0.000436,2.0
272.0,140.0,17.12125,6.0
3893.0,14640.0,307.139008,37.0
272.0,140.0,17.120949,6.0
3273.0,13658.0,307.21582,42.0
75.0,146.0,0.000274,2.0
75.0,488.0,0.000356,2.0
11019.0,8084.0,293.924225,71.0
79.0,134.0,0.052012,2.0
81.0,136.0,0.0523,2.0
82.0,137.0,0.052389,2.0
79.0,211.0,0.139327,2.0
79.0,134.0,0.000335,2.0
81.0,136.0,0.000272,2.0
82.0,137.0,0.000355,2.0
79.0,180.0,0.131268,2.0
82.0,183.0,0.133332,2.0
81.0,182.0,0.052151,2.0
79.0,134.0,0.130903,2.0
80.0,135.0,0.131233,2.0
84.0,139.0,0.051706,2.0
79.0,439.0,0.001945,2.0
2608.0,3786.0,266.865601,28.0
79.0,134.0,0.000254,2.0
79.0,180.0,0.000363,2.0
84.0,139.0,0.000227,2.0
77.0,132.0,0.051881,2.0
84.0,185.0,0.132695,2.0
77.0,132.0,0.000294,2.0
77.0,178.0,0.051784,2.0
80.0,135.0,0.000332,2.0
80.0,181.0,0.051808,2.0
78.0,149.0,0.000329,2.0
1464.0,1162.0,240.080475,28.0
78.0,491.0,0.000339,2.0
1417.0,1162.0,240.082764,27.0
1483.0,1162.0,240.075241,28.0
1417.0,1162.0,240.074371,27.0
74.0,326.0,0.000382,2.0
74.0,326.0,0.00038,2.0
272.0,140.0,0.018214,6.0
272.0,140.0,13.223345,6.0
81.0,221.0,0.137598,2.0
87.0,191.0,0.066388,2.0
85.0,222.0,0.065222,2.0
77.0,173.0,0.312461,2.0
88.0,192.0,0.000263,2.0
88.0,189.0,0.014741,2.0
428.0,288.0,13.331289,10.0
973.0,10687.0,63.201778,20.0
1044.0,9951.0,63.201286,21.0
1107.0,11180.0,63.201668,23.0
909.0,4105.0,63.201607,15.0
85.0,374.0,0.00208,2.0
87.0,188.0,0.014831,2.0
1834.0,37457.0,303.161255,55.0
1472.0,3598.0,63.144863,17.0
2039.0,6095.0,63.144604,22.0
2092.0,10015.0,63.144394,25.0
2616.0,7171.0,63.144627,25.0
967.0,2187.0,63.144962,15.0
2033.0,6111.0,63.144451,22.0
81.0,449.0,0.019536,2.0
2044.0,66126.0,303.079529,77.0
77.0,166.0,0.02099,2.0
79.0,134.0,0.132466,2.0
79.0,134.0,0.000296,2.0
79.0,148.0,0.051814,2.0
6386.0,39727.0,11.290534,71.0
7061.0,41369.0,11.290502,83.0
7607.0,47733.0,11.291337,88.0
7297.0,36072.0,11.291012,77.0
7420.0,59471.0,11.290005,102.0
88.0,171.0,0.000239,2.0
88.0,273.0,0.00031,2.0
2028.0,17968.0,241.192459,40.0
84.0,114.0,0.371325,2.0
79.0,169.0,0.034849,2.0
79.0,207.0,0.056459,2.0
1112.0,3759.0,10.937229,17.0
84.0,218.0,0.126683,2.0
722.0,6139.0,0.350283,12.0
80.0,158.0,0.00022,2.0
77.0,140.0,0.061457,2.0
71.0,143.0,0.000292,2.0
80.0,500.0,0.00065,2.0
71.0,143.0,0.000674,2.0
71.0,269.0,0.000394,2.0
77.0,140.0,0.000259,2.0
77.0,161.0,0.036168,2.0
73.0,134.0,0.018031,2.0
83.0,83.0,0.138396,2.0
74.0,146.0,0.025487,2.0
73.0,134.0,0.000228,2.0
73.0,201.0,0.017809,2.0
74.0,146.0,0.000188,2.0
74.0,288.0,0.024427,2.0
76.0,172.0,0.277981,2.0
74.0,135.0,0.173728,2.0
83.0,83.0,0.017726,2.0
83.0,223.0,0.017787,2.0
74.0,135.0,0.000191,2.0
74.0,154.0,0.173765,2.0
80.0,218.0,0.010069,2.0
80.0,539.0,0.133821,2.0
77.0,133.0,0.025589,2.0
76.0,173.0,0.138498,2.0
77.0,133.0,0.000236,2.0
77.0,175.0,0.025748,2.0
74.0,158.0,0.000423,2.0
74.0,193.0,0.000329,2.0
72.0,141.0,0.166079,2.0
1133.0,923.0,0.566184,10.0
73.0,162.0,0.307794,2.0
930.0,391.0,0.070925,7.0
73.0,130.0,0.000261,2.0
73.0,130.0,0.000289,2.0
73.0,165.0,0.16681,2.0
72.0,178.0,0.16684,2.0
71.0,145.0,0.000534,2.0
71.0,195.0,0.000381,2.0
82.0,143.0,0.198091,2.0
79.0,161.0,0.23315,2.0
73.0,195.0,0.154117,2.0
83.0,280.0,0.191664,2.0
82.0,143.0,0.000293,2.0
82.0,178.0,0.183555,2.0
79.0,161.0,0.024236,2.0
83.0,268.0,0.030475,2.0
85.0,161.0,0.000213,2.0
85.0,161.0,0.000261,2.0
85.0,225.0,0.00032,2.0
1150.0,657.0,7.709577,11.0
1656.0,1670.0,0.404415,10.0
2059.0,14779.0,1.765572,25.0
74.0,326.0,0.000444,2.0
74.0,326.0,0.000332,2.0
272.0,206.0,0.018461,7.0
82.0,158.0,0.000162,2.0
82.0,158.0,0.000205,2.0
82.0,250.0,0.000317,2.0
1307.0,6472.0,6.45924,18.0
76.0,132.0,0.067551,2.0
76.0,132.0,0.000296,2.0
76.0,221.0,0.041138,2.0
83.0,225.0,0.000383,2.0
83.0,497.0,0.021734,2.0
2348.0,1658.0,316.214844,25.0
1311.0,687.0,11.526694,11.0
84.0,160.0,0.123114,2.0
84.0,160.0,0.000282,2.0
84.0,224.0,0.017179,2.0
20269.0,1335841.0,0.810349,1181.0
1563.0,1491.0,0.409023,10.0
346.0,210.0,18.986767,8.0
1894.0,21120.0,3.063051,28.0
875.0,1169.0,0.354062,15.0
1142.0,1507.0,0.257384,16.0
895.0,1169.0,0.335172,15.0
1142.0,1507.0,0.257795,16.0
1162.0,1515.0,0.37178,16.0
1162.0,1515.0,0.298014,16.0
74.0,326.0,0.000378,2.0
74.0,326.0,0.000332,2.0
272.0,140.0,0.018497,6.0
109.0,170.0,0.000338,2.0
82.0,82.0,0.017418,2.0
86.0,197.0,0.12448,2.0
109.0,170.0,0.000236,2.0
109.0,248.0,0.000277,2.0
75.0,151.0,0.000237,2.0
75.0,151.0,0.000234,2.0
75.0,215.0,0.000274,2.0
82.0,82.0,0.016911,2.0
82.0,222.0,0.000349,2.0
86.0,261.0,0.000294,2.0
81.0,163.0,0.000378,2.0
81.0,199.0,0.000223,2.0
549.0,669.0,0.209243,10.0
68.0,124.0,0.001998,2.0
68.0,124.0,0.000241,2.0
68.0,125.0,0.00196,2.0
970.0,516.0,0.028909,9.0
72.0,145.0,0.000342,2.0
72.0,146.0,0.000236,2.0
2517.0,30990.0,0.038803,65.0
79.0,133.0,0.000351,2.0
74.0,147.0,0.000447,2.0
73.0,146.0,0.000446,2.0
70.0,143.0,0.00044,2.0
79.0,131.0,0.000409,2.0
80.0,153.0,0.000455,2.0
83.0,139.0,0.000415,2.0
70.0,143.0,0.000363,2.0
272.0,140.0,18.049213,6.0
272.0,140.0,18.04915,6.0
272.0,140.0,18.049063,6.0
79.0,133.0,0.000245,2.0
74.0,148.0,0.000399,2.0
73.0,147.0,0.000446,2.0
70.0,144.0,0.000631,2.0
79.0,131.0,0.000487,2.0
80.0,230.0,0.000606,2.0
70.0,144.0,0.000726,2.0
83.0,139.0,0.0008,2.0
79.0,194.0,0.000578,2.0
206.0,204.0,18.040115,6.0
206.0,204.0,18.040094,6.0
1859.0,21153.0,0.268001,33.0
70.0,144.0,0.000292,2.0
1711.0,14924.0,135.559677,30.0
206.0,130.0,18.040413,5.0
1124.0,3218.0,90.449287,12.0
1268.0,3337.0,135.55954,15.0
206.0,130.0,18.040081,5.0
206.0,204.0,18.040174,6.0
79.0,181.0,0.000354,2.0
206.0,204.0,18.040285,6.0
206.0,130.0,18.040371,5.0
206.0,130.0,18.040314,5.0
206.0,204.0,18.040077,6.0
206.0,204.0,18.040215,6.0
206.0,204.0,18.040558,6.0
254.0,180.0,8.044877,7.0
254.0,180.0,8.044626,7.0
404.0,288.0,18.046059,10.0
83.0,200.0,0.000266,2.0
1132.0,1586.0,0.395108,11.0
70.0,145.0,0.000344,2.0
428.0,288.0,18.039867,10.0
428.0,288.0,18.040077,10.0
1436.0,8697.0,135.559311,22.0
206.0,130.0,18.040457,5.0
206.0,130.0,18.040293,5.0
1345.0,6313.0,135.559082,18.0
1385.0,9047.0,90.592194,21.0
1449.0,10527.0,90.448776,22.0
997.0,868.0,0.52685,9.0
134.0,122.0,5.159309,4.0
997.0,1004.0,0.469952,9.0
1223.0,685.0,0.400923,12.0
428.0,354.0,18.040064,11.0
1878.0,12165.0,0.454767,22.0
844.0,2033.0,0.540346,12.0
428.0,354.0,18.040022,11.0
428.0,354.0,18.040018,11.0
206.0,204.0,18.039555,6.0
206.0,204.0,18.039516,6.0
206.0,204.0,18.039698,6.0
75.0,131.0,0.000235,2.0
75.0,131.0,0.000209,2.0
75.0,148.0,0.0003,2.0
932.0,1337.0,58.025928,12.0
1061.0,868.0,0.004087,9.0
73.0,146.0,0.000388,2.0
73.0,147.0,0.000278,2.0
73.0,129.0,0.000325,2.0
77.0,151.0,0.000282,2.0
73.0,129.0,0.000173,2.0
77.0,152.0,0.000283,2.0
73.0,146.0,0.000365,2.0
76.0,149.0,0.000282,2.0
78.0,151.0,0.000308,2.0
78.0,151.0,0.000424,2.0
76.0,150.0,0.000398,2.0
78.0,152.0,0.000189,2.0
78.0,152.0,0.000195,2.0
76.0,149.0,0.00029,2.0
74.0,147.0,0.000169,2.0
76.0,150.0,0.000331,2.0
76.0,149.0,0.000259,2.0
74.0,148.0,0.000301,2.0
74.0,147.0,0.000228,2.0
76.0,150.0,0.000272,2.0
72.0,145.0,0.000281,2.0
74.0,148.0,0.00025,2.0
72.0,146.0,0.000364,2.0
74.0,147.0,0.000296,2.0
74.0,148.0,0.000278,2.0
74.0,147.0,0.00021,2.0
76.0,149.0,0.000375,2.0
74.0,148.0,0.000239,2.0
76.0,150.0,0.000251,2.0
79.0,160.0,0.0002,2.0
73.0,146.0,0.000284,2.0
74.0,147.0,0.000255,2.0
79.0,177.0,0.000402,2.0
74.0,148.0,0.000401,2.0
73.0,147.0,0.000456,2.0
73.0,146.0,0.000198,2.0
75.0,148.0,0.000257,2.0
75.0,149.0,0.000227,2.0
73.0,147.0,0.000318,2.0
72.0,145.0,0.001876,2.0
72.0,146.0,0.000342,2.0
85.0,171.0,0.000289,2.0
85.0,273.0,0.000496,2.0
1021.0,2580.0,7.48947,15.0
74.0,326.0,0.000316,2.0
74.0,326.0,0.000284,2.0
272.0,140.0,0.018077,6.0
73.0,171.0,0.000284,2.0
73.0,353.0,0.000395,2.0
75.0,152.0,0.000251,2.0
75.0,302.0,0.000321,2.0
74.0,155.0,0.000203,2.0
74.0,497.0,0.000401,2.0
80.0,131.0,0.000109,2.0
80.0,131.0,0.000284,2.0
80.0,378.0,0.000399,2.0
85.0,136.0,0.000174,2.0
85.0,136.0,0.000184,2.0
85.0,383.0,0.000411,2.0
74.0,326.0,0.000359,2.0
74.0,326.0,0.000403,2.0
272.0,206.0,0.018632,7.0
75.0,119.0,0.000246,2.0
75.0,119.0,0.000106,2.0
75.0,145.0,0.000331,2.0
268.0,126.0,19.238964,6.0
1114.0,1272.0,0.445545,10.0
72.0,198.0,0.000252,2.0
72.0,379.0,0.001792,2.0
3587.0,9771.0,181.030579,32.0
84.0,170.0,0.020397,2.0
84.0,288.0,0.009955,2.0
3224.0,2234.0,180.970535,20.0
74.0,202.0,0.000302,2.0
74.0,386.0,0.001761,2.0
2162.0,2348.0,180.812332,22.0
77.0,238.0,0.022441,2.0
77.0,341.0,0.000425,2.0
1090.0,5092.0,0.188845,16.0
832.0,756.0,0.140952,10.0
71.0,147.0,0.000295,2.0
71.0,184.0,0.000281,2.0
79.0,210.0,0.00044,2.0
79.0,313.0,0.000355,2.0
1450.0,1989.0,0.250442,12.0
80.0,274.0,0.203872,2.0
80.0,538.0,0.036998,2.0
4089.0,4056.0,107.395172,24.0
272.0,140.0,17.380564,6.0
77.0,199.0,0.178209,2.0
77.0,463.0,0.045092,2.0
4644.0,4279.0,106.913307,22.0
272.0,140.0,16.880365,6.0
272.0,140.0,16.5268,6.0
4503.0,221048.0,18.958399,211.0
74.0,326.0,0.000417,2.0
74.0,326.0,0.000367,2.0
272.0,140.0,0.017892,6.0
72.0,147.0,0.532221,2.0
72.0,180.0,0.129567,2.0
75.0,75.0,0.246683,2.0
75.0,75.0,0.247559,2.0
75.0,75.0,0.248024,2.0
81.0,163.0,0.131015,2.0
81.0,199.0,0.025876,2.0
85.0,136.0,0.000292,2.0
85.0,136.0,0.000193,2.0
85.0,383.0,0.000388,2.0
549.0,670.0,0.343456,10.0
75.0,75.0,0.247583,2.0
75.0,467.0,0.000374,2.0
1464.0,1096.0,246.889618,27.0
72.0,131.0,0.000242,2.0
72.0,131.0,0.000221,2.0
72.0,163.0,0.000286,2.0
74.0,326.0,0.000511,2.0
74.0,326.0,0.000295,2.0
272.0,140.0,0.018533,6.0
74.0,326.0,0.000353,2.0
74.0,326.0,0.000414,2.0
272.0,206.0,0.017767,7.0
74.0,326.0,0.000353,2.0
74.0,326.0,0.000394,2.0
272.0,140.0,0.017798,6.0
81.0,163.0,0.000402,2.0
81.0,199.0,0.000271,2.0
549.0,670.0,0.26474,10.0
100.0,186.0,0.000426,2.0
87.0,166.0,0.000425,2.0
106.0,192.0,0.0002,2.0
85.0,171.0,0.00032,2.0
97.0,183.0,0.000226,2.0
88.0,168.0,0.020316,2.0
106.0,294.0,0.000445,2.0
87.0,268.0,0.010664,2.0
100.0,288.0,0.000865,2.0
85.0,273.0,0.001002,2.0
97.0,285.0,0.001005,2.0
1570.0,3222.0,241.745285,31.0
1570.0,3222.0,241.745468,31.0
1042.0,2596.0,1.727461,15.0
1518.0,1096.0,241.745407,27.0
3467.0,1766.0,243.322922,35.0
88.0,270.0,0.000398,2.0
1114.0,1273.0,0.436822,10.0
74.0,326.0,0.000315,2.0
74.0,326.0,0.000359,2.0
272.0,140.0,0.018556,6.0
958.0,5092.0,0.187755,14.0
832.0,756.0,0.140289,10.0
1450.0,1999.0,0.245943,12.0
85.0,171.0,0.000532,2.0
85.0,171.0,0.000239,2.0
84.0,170.0,0.000462,2.0
85.0,273.0,0.000353,2.0
85.0,273.0,0.000567,2.0
84.0,272.0,0.00044,2.0
1021.0,2580.0,3.79395,15.0
1549.0,3206.0,243.81134,31.0
1549.0,3206.0,243.811111,31.0
1021.0,2580.0,3.79347,15.0
1548.0,3206.0,243.812485,31.0
75.0,122.0,0.000213,2.0
75.0,122.0,0.000179,2.0
75.0,153.0,0.000288,2.0
519.0,816.0,0.134701,10.0
74.0,326.0,0.000392,2.0
74.0,326.0,0.00039,2.0
272.0,140.0,0.018679,6.0
74.0,326.0,0.108203,2.0
74.0,326.0,0.00041,2.0
272.0,140.0,0.017883,6.0
81.0,163.0,0.000228,2.0
81.0,199.0,0.000368,2.0
549.0,670.0,0.247752,10.0
74.0,326.0,0.000407,2.0
74.0,326.0,0.000381,2.0
272.0,140.0,0.018395,6.0
82.0,203.0,0.000272,2.0
82.0,137.0,0.000315,2.0
0.0,60.0,0.0,1.0
360.0,360.0,5.998874,8.0
74.0,326.0,0.000337,2.0
74.0,326.0,0.000288,2.0
272.0,140.0,0.018426,6.0
86.0,130.0,0.000386,2.0
87.0,232.0,0.00045,2.0
83.0,222.0,0.000344,2.0
84.0,224.0,0.000299,2.0
86.0,130.0,0.000224,2.0
81.0,219.0,0.000252,2.0
87.0,541.0,0.003426,2.0
84.0,468.0,0.003661,2.0
83.0,431.0,0.009403,2.0
86.0,272.0,0.001259,2.0
81.0,428.0,0.020703,2.0
1962.0,9352.0,33.335838,29.0
1065.0,1991.0,33.319271,17.0
1065.0,1991.0,33.319351,17.0
1065.0,1991.0,33.318897,17.0
2117.0,3676.0,94.940811,22.0
1128.0,2906.0,33.320351,19.0
1128.0,2906.0,33.320156,19.0
1128.0,2906.0,33.320492,19.0
1128.0,2906.0,33.32037,19.0
1159.0,2876.0,33.314415,19.0
1925.0,5538.0,2.413286,21.0
1228.0,5627.0,76.426575,23.0
1228.0,5627.0,76.622208,23.0
1228.0,5627.0,74.80397,23.0
2224.0,6061.0,16.332005,27.0
88.0,233.0,0.0005,2.0
88.0,486.0,0.037944,2.0
3469.0,53726.0,91.676071,85.0
80.0,130.0,0.000302,2.0
80.0,130.0,0.000196,2.0
760.0,1171.0,36.001305,15.0
760.0,1171.0,36.001064,15.0
1159.0,2876.0,35.985233,19.0
1159.0,2876.0,35.985245,19.0
74.0,74.0,0.002493,2.0
79.0,131.0,0.000325,2.0
71.0,128.0,0.000401,2.0
71.0,128.0,0.003797,2.0
89.0,218.0,0.000808,2.0
76.0,76.0,0.003558,2.0
72.0,129.0,0.000723,2.0
71.0,128.0,0.000726,2.0
79.0,131.0,0.000726,2.0
77.0,129.0,0.000776,2.0
89.0,206.0,0.000628,2.0
71.0,188.0,0.000384,2.0
79.0,181.0,0.000485,2.0
72.0,129.0,0.000451,2.0
77.0,129.0,0.000464,2.0
5168.0,4187.0,15.230081,19.0
4208.0,9668.0,15.229636,26.0
74.0,74.0,0.003092,2.0
80.0,132.0,0.000446,2.0
72.0,189.0,0.000607,2.0
77.0,227.0,0.049687,2.0
1517.0,1052.0,15.229636,11.0
4587.0,14182.0,15.229181,29.0
2739.0,1698.0,15.22936,14.0
3986.0,2952.0,15.229647,17.0
134.0,122.0,5.702625,4.0
134.0,122.0,5.702354,4.0
134.0,122.0,5.702556,4.0
75.0,132.0,0.000647,2.0
80.0,132.0,0.000709,2.0
272.0,140.0,15.231089,6.0
272.0,140.0,15.228912,6.0
272.0,206.0,15.228815,7.0
76.0,76.0,0.00738,2.0
71.0,128.0,0.000398,2.0
80.0,182.0,0.000525,2.0
75.0,132.0,0.000488,2.0
71.0,188.0,0.00046,2.0
75.0,192.0,0.000491,2.0
1044.0,1004.0,0.772371,9.0
134.0,122.0,5.829161,4.0
134.0,122.0,5.829166,4.0
272.0,140.0,15.226315,6.0
1913.0,826.0,0.896116,12.0
74.0,191.0,0.002634,2.0
272.0,140.0,15.226154,6.0
749.0,550.0,0.210613,10.0
428.0,288.0,15.226563,10.0
428.0,288.0,15.226586,10.0
272.0,140.0,15.223444,6.0
272.0,140.0,15.223809,6.0
272.0,140.0,15.223421,6.0
272.0,140.0,15.223782,6.0
272.0,140.0,15.223318,6.0
5067.0,71413.0,15.223519,96.0
76.0,193.0,0.000338,2.0
2905.0,24740.0,5.219418,43.0
3041.0,34125.0,5.21966,52.0
4044.0,70065.0,5.219627,91.0
3900.0,63801.0,5.219309,85.0
5381.0,116031.0,5.219564,137.0
3169.0,37623.0,5.219257,55.0
134.0,122.0,9.298687,4.0
134.0,122.0,9.298492,4.0
134.0,122.0,9.296647,4.0
67.0,124.0,0.001572,2.0
67.0,124.0,0.000184,2.0
67.0,184.0,0.002558,2.0
830.0,558.0,5.120039,11.0
3081.0,53659.0,15.120493,70.0
814.0,558.0,5.120238,11.0
71.0,128.0,0.001865,2.0
71.0,128.0,0.000195,2.0
71.0,188.0,0.002235,2.0
1336.0,18295.0,4.988968,31.0
72.0,122.0,0.002216,2.0
76.0,94.0,0.002323,2.0
75.0,93.0,0.002322,2.0
72.0,122.0,0.000241,2.0
75.0,210.0,0.000417,2.0
76.0,211.0,0.000534,2.0
72.0,182.0,0.000422,2.0
71.0,139.0,0.000273,2.0
71.0,128.0,0.000161,2.0
73.0,130.0,0.000252,2.0
71.0,178.0,0.000349,2.0
71.0,128.0,0.000256,2.0
73.0,130.0,0.000259,2.0
72.0,129.0,0.000325,2.0
71.0,188.0,0.000412,2.0
73.0,190.0,0.000407,2.0
72.0,129.0,0.000527,2.0
72.0,189.0,0.000298,2.0
72.0,129.0,0.000391,2.0
73.0,123.0,0.000396,2.0
73.0,123.0,0.000287,2.0
72.0,129.0,0.000286,2.0
73.0,183.0,0.000289,2.0
72.0,189.0,0.000365,2.0
74.0,326.0,0.000408,2.0
74.0,326.0,0.000285,2.0
272.0,140.0,0.017898,6.0
74.0,144.0,0.009885,2.0
74.0,326.0,0.000338,2.0
53433.0,18029.0,780.717346,181.0
1463.0,1096.0,246.622208,27.0
1463.0,1096.0,246.624619,27.0
1463.0,1096.0,246.622406,27.0
1463.0,1096.0,246.622665,27.0
1463.0,1096.0,246.622864,27.0
81.0,163.0,0.000296,2.0
81.0,199.0,0.000449,2.0
549.0,670.0,0.342022,10.0
74.0,326.0,0.00038,2.0
74.0,326.0,0.000347,2.0
272.0,140.0,0.018553,6.0
75.0,119.0,0.000256,2.0
75.0,119.0,0.000143,2.0
75.0,145.0,0.0003,2.0
120.0,60.0,0.156573,3.0
75.0,75.0,0.248822,2.0
75.0,75.0,0.247089,2.0
75.0,75.0,0.247162,2.0
75.0,75.0,0.247399,2.0
75.0,467.0,0.000408,2.0
2460.0,3713.0,73.245155,25.0
83.0,133.0,0.000367,2.0
83.0,133.0,0.00031,2.0
83.0,221.0,0.000212,2.0
91.0,165.0,0.009631,2.0
91.0,507.0,0.000376,2.0
2488.0,2401.0,247.676727,25.0
89.0,174.0,0.000254,2.0
89.0,356.0,0.000419,2.0
12488.0,6245.0,247.656494,38.0
74.0,326.0,0.000461,2.0
74.0,326.0,0.00039,2.0
272.0,140.0,0.018345,6.0
83.0,133.0,0.00033,2.0
83.0,133.0,0.000222,2.0
83.0,221.0,0.000232,2.0
71.0,130.0,0.000245,2.0
71.0,130.0,0.000256,2.0
71.0,470.0,0.108217,2.0
65.0,121.0,0.000134,2.0
65.0,121.0,0.000231,2.0
65.0,243.0,0.000294,2.0
78.0,162.0,0.0002,2.0
78.0,504.0,0.000552,2.0
1353.0,677.0,0.054264,10.0
272.0,210.0,17.708946,7.0
272.0,210.0,17.70616,7.0
69.0,125.0,0.000236,2.0
69.0,125.0,0.00022,2.0
69.0,247.0,0.000241,2.0
12339.0,49349.0,60.151817,113.0
8351.0,19915.0,3.942487,64.0
11965.0,55711.0,60.004307,114.0
6631.0,3003.0,60.004555,36.0
11946.0,4330.0,60.004395,58.0
70.0,122.0,0.000238,2.0
70.0,139.0,0.000301,2.0
70.0,122.0,0.000202,2.0
70.0,162.0,0.000296,2.0
70.0,248.0,0.000317,2.0
11403.0,58884.0,59.990547,120.0
70.0,142.0,0.039781,2.0
70.0,190.0,0.000346,2.0
76.0,121.0,0.000349,2.0
76.0,121.0,0.000299,2.0
76.0,162.0,0.00022,2.0
272.0,210.0,17.425619,7.0
74.0,118.0,0.187427,2.0
66.0,118.0,0.000229,2.0
73.0,125.0,0.000162,2.0
66.0,121.0,0.000268,2.0
73.0,125.0,0.000253,2.0
66.0,118.0,0.000253,2.0
66.0,121.0,0.000265,2.0
73.0,251.0,0.000385,2.0
66.0,244.0,0.000481,2.0
66.0,144.0,0.000282,2.0
72.0,124.0,0.00025,2.0
73.0,129.0,0.000235,2.0
73.0,149.0,0.146952,2.0
73.0,129.0,0.000347,2.0
72.0,124.0,0.000395,2.0
72.0,250.0,0.000269,2.0
73.0,251.0,0.000381,2.0
73.0,136.0,0.000226,2.0
75.0,136.0,0.000277,2.0
73.0,139.0,0.000285,2.0
75.0,136.0,0.000277,2.0
76.0,122.0,0.028334,2.0
75.0,141.0,0.000349,2.0
76.0,139.0,0.00029,2.0
76.0,139.0,0.000234,2.0
76.0,169.0,0.000386,2.0
81.0,150.0,0.000379,2.0
81.0,150.0,0.000182,2.0
81.0,158.0,0.00022,2.0
82.0,149.0,0.000278,2.0
82.0,149.0,0.000313,2.0
82.0,148.0,0.000295,2.0
73.0,146.0,0.000334,2.0
73.0,154.0,0.000279,2.0
71.0,155.0,0.045557,2.0
76.0,122.0,0.000383,2.0
76.0,180.0,0.000227,2.0
72.0,174.0,0.000197,2.0
72.0,456.0,0.000425,2.0
75.0,122.0,0.000153,2.0
75.0,122.0,0.000211,2.0
75.0,152.0,0.000319,2.0
71.0,151.0,0.000352,2.0
74.0,118.0,0.000223,2.0
74.0,235.0,0.050309,2.0
819.0,673.0,0.136732,10.0
899.0,673.0,4.329436,10.0
73.0,151.0,0.068031,2.0
81.0,138.0,0.000338,2.0
81.0,138.0,0.000243,2.0
81.0,193.0,0.000413,2.0
9649.0,62387.0,46.836018,101.0
76.0,147.0,0.000315,2.0
76.0,489.0,0.000477,2.0
7192.0,61224.0,247.35051,102.0
70.0,125.0,0.000378,2.0
70.0,125.0,0.000188,2.0
70.0,148.0,0.000289,2.0
6793.0,21240.0,56.634838,63.0
4557.0,8838.0,56.621616,38.0
5800.0,20855.0,56.637974,56.0
6056.0,17293.0,56.628738,56.0
74.0,326.0,0.000503,2.0
74.0,326.0,0.000376,2.0
272.0,140.0,0.018268,6.0
964.0,853.0,55.416031,12.0
964.0,853.0,55.412777,12.0
964.0,853.0,55.412361,12.0
964.0,853.0,55.403545,12.0
69.0,125.0,0.0015,2.0
69.0,125.0,0.000328,2.0
69.0,247.0,0.000458,2.0
6971.0,15744.0,55.405491,51.0
70.0,125.0,0.000236,2.0
70.0,125.0,0.000127,2.0
70.0,148.0,0.000317,2.0
1350.0,13224.0,55.274525,27.0
1470.0,16391.0,55.260529,31.0
1170.0,7887.0,55.260387,21.0
1230.0,10649.0,55.276901,23.0
72.0,135.0,0.018364,2.0
92.0,167.0,0.000416,2.0
71.0,214.0,0.033508,2.0
80.0,158.0,0.010425,2.0
74.0,140.0,0.160795,2.0
76.0,155.0,0.000999,2.0
84.0,178.0,0.000899,2.0
79.0,144.0,0.000949,2.0
92.0,167.0,0.000855,2.0
76.0,302.0,0.001284,2.0
79.0,183.0,0.001299,2.0
92.0,167.0,0.001346,2.0
84.0,520.0,0.001548,2.0
92.0,167.0,0.00039,2.0
272.0,206.0,13.132417,7.0
861.0,598.0,33.126713,11.0
272.0,206.0,13.132476,7.0
78.0,160.0,0.000271,2.0
1869.0,48675.0,22.976994,58.0
272.0,140.0,12.976242,6.0
71.0,139.0,0.000311,2.0
272.0,140.0,12.980243,6.0
5130.0,2180.0,282.99707,30.0
272.0,206.0,12.991876,7.0
71.0,139.0,0.000114,2.0
78.0,548.0,0.00044,2.0
71.0,172.0,0.000251,2.0
386.0,306.0,13.097119,11.0
386.0,306.0,13.098287,11.0
14391.0,402704.0,118.203957,411.0
206.0,204.0,12.974734,6.0
206.0,204.0,12.974722,6.0
80.0,500.0,0.000389,2.0
272.0,140.0,12.97204,6.0
1732.0,2882.0,242.986267,27.0
272.0,140.0,12.971621,6.0
72.0,135.0,0.000313,2.0
72.0,130.0,0.011488,2.0
1135.0,563.0,0.14649,10.0
1007.0,2576.0,0.072888,11.0
1422.0,3130.0,0.426517,13.0
1784.0,2231.0,0.558415,13.0
1799.0,653.0,10.578729,12.0
2047.0,12245.0,0.618576,22.0
71.0,218.0,0.002,2.0
74.0,178.0,0.000366,2.0
428.0,288.0,12.933037,10.0
428.0,288.0,12.932997,10.0
428.0,288.0,12.933013,10.0
71.0,143.0,0.020565,2.0
73.0,130.0,0.020714,2.0
71.0,143.0,0.000245,2.0
73.0,130.0,0.000245,2.0
71.0,269.0,0.024754,2.0
73.0,124.0,0.013188,2.0
71.0,158.0,0.004468,2.0
76.0,263.0,0.000403,2.0
76.0,251.0,0.000483,2.0
71.0,227.0,0.002046,2.0
72.0,128.0,0.000215,2.0
72.0,128.0,0.000404,2.0
72.0,250.0,0.000461,2.0
905.0,1206.0,53.146107,12.0
905.0,1208.0,53.147346,12.0
905.0,1198.0,53.148247,12.0
1990.0,3540.0,53.139011,16.0
2703.0,3400.0,53.143982,23.0
2709.0,3192.0,53.151127,22.0
81.0,132.0,0.173804,2.0
272.0,210.0,10.617286,7.0
946.0,673.0,0.16288,10.0
74.0,174.0,0.000323,2.0
68.0,124.0,0.044994,2.0
74.0,125.0,0.030952,2.0
74.0,516.0,0.0006,2.0
78.0,129.0,0.148058,2.0
74.0,125.0,0.000388,2.0
74.0,255.0,0.147424,2.0
68.0,124.0,0.000191,2.0
68.0,246.0,0.034493,2.0
81.0,132.0,0.000213,2.0
81.0,262.0,0.147327,2.0
78.0,129.0,0.000288,2.0
78.0,259.0,0.148501,2.0
973.0,3409.0,10.290105,14.0
1105.0,7457.0,10.290195,18.0
1039.0,5236.0,10.290647,16.0
1039.0,5286.0,10.290397,16.0
7072.0,36902.0,40.198357,62.0
6975.0,34694.0,40.198009,60.0
6940.0,33532.0,40.19828,58.0
6940.0,32816.0,40.198196,58.0
7724.0,37374.0,40.198196,62.0
81.0,163.0,0.000318,2.0
81.0,199.0,0.000327,2.0
549.0,670.0,0.245341,10.0
74.0,326.0,0.000334,2.0
74.0,326.0,0.000507,2.0
272.0,140.0,0.017762,6.0
952.0,673.0,0.121556,10.0
986.0,673.0,0.122337,10.0
1213.0,874.0,0.076162,10.0
6071.0,12285.0,98.229942,36.0
5061.0,11366.0,98.229385,32.0
4904.0,10221.0,98.229012,29.0
21706.0,214441.0,98.228416,236.0
3167.0,13340.0,98.114754,28.0
75.0,146.0,0.000244,2.0
80.0,217.0,0.022047,2.0
75.0,488.0,0.000432,2.0
1539.0,3394.0,249.297546,31.0
80.0,429.0,0.008447,2.0
939.0,705.0,0.02227,10.0
73.0,137.0,0.000317,2.0
73.0,137.0,0.000273,2.0
73.0,168.0,0.000232,2.0
810.0,2311.0,0.153094,10.0
75.0,171.0,0.006617,2.0
75.0,249.0,0.001825,2.0
2313.0,15544.0,129.220459,30.0
72.0,167.0,0.001787,2.0
80.0,170.0,0.000202,2.0
73.0,166.0,0.000552,2.0
80.0,203.0,0.000325,2.0
73.0,199.0,0.000192,2.0
83.0,165.0,0.000412,2.0
72.0,154.0,0.000335,2.0
72.0,245.0,0.006025,2.0
83.0,267.0,0.000545,2.0
72.0,187.0,0.000547,2.0
69.0,151.0,0.000298,2.0
83.0,151.0,0.000338,2.0
69.0,184.0,0.000365,2.0
83.0,151.0,0.000312,2.0
83.0,184.0,0.000192,2.0
81.0,149.0,0.000243,2.0
81.0,149.0,0.000208,2.0
76.0,144.0,0.000196,2.0
76.0,144.0,0.000201,2.0
81.0,182.0,0.000284,2.0
76.0,177.0,0.000307,2.0
74.0,156.0,0.000343,2.0
74.0,189.0,0.000371,2.0
71.0,149.0,0.000262,2.0
71.0,182.0,0.000412,2.0
76.0,144.0,0.000224,2.0
76.0,144.0,0.000466,2.0
72.0,140.0,0.005642,2.0
76.0,177.0,0.000395,2.0
70.0,148.0,0.000462,2.0
70.0,150.0,0.000236,2.0
76.0,121.0,0.000158,2.0
76.0,121.0,0.000331,2.0
76.0,172.0,0.000201,2.0
76.0,162.0,0.00022,2.0
76.0,250.0,0.000332,2.0
73.0,151.0,0.000305,2.0
73.0,153.0,0.000248,2.0
72.0,142.0,0.000155,2.0
72.0,142.0,0.000228,2.0
76.0,156.0,0.000244,2.0
72.0,138.0,0.000397,2.0
76.0,173.0,0.000285,2.0
74.0,152.0,0.000356,2.0
69.0,147.0,0.000204,2.0
69.0,178.0,0.00036,2.0
74.0,183.0,0.000471,2.0
72.0,140.0,0.000255,2.0
72.0,173.0,0.005535,2.0
77.0,145.0,0.000341,2.0
73.0,151.0,0.00047,2.0
73.0,153.0,0.000274,2.0
77.0,145.0,0.000319,2.0
77.0,178.0,0.000312,2.0
73.0,151.0,0.000289,2.0
73.0,153.0,0.000281,2.0
74.0,152.0,0.000259,2.0
74.0,154.0,0.000293,2.0
75.0,153.0,0.000203,2.0
75.0,155.0,0.000219,2.0
76.0,154.0,0.002252,2.0
70.0,148.0,0.000305,2.0
70.0,150.0,0.000307,2.0
76.0,156.0,0.002264,2.0
70.0,148.0,0.000295,2.0
71.0,153.0,0.000297,2.0
71.0,186.0,0.000346,2.0
70.0,150.0,0.000474,2.0
69.0,153.0,0.000317,2.0
69.0,184.0,0.000441,2.0
2511.0,26523.0,129.163147,40.0
2775.0,30323.0,129.162827,47.0
868.0,5713.0,0.321869,13.0
2115.0,23599.0,129.139938,32.0
934.0,11478.0,0.299489,18.0
934.0,9260.0,0.299467,16.0
934.0,5191.0,0.299234,14.0
868.0,6502.0,0.299625,14.0
802.0,5687.0,0.299448,12.0
78.0,130.0,0.00036,2.0
933.0,11064.0,0.265502,18.0
78.0,130.0,0.000185,2.0
78.0,180.0,0.00038,2.0
810.0,696.0,0.262945,9.0
2263.0,6057.0,7.518927,19.0
1238.0,1004.0,0.004952,9.0
1014.0,692.0,0.258018,10.0
79.0,211.0,0.020524,2.0
3505.0,1983.0,237.509277,27.0
272.0,140.0,17.495222,6.0
80.0,215.0,0.025192,2.0
79.0,439.0,0.019546,2.0
80.0,399.0,0.001967,2.0
73.0,141.0,0.000175,2.0
76.0,162.0,0.00024,2.0
76.0,195.0,0.000311,2.0
73.0,141.0,0.000358,2.0
73.0,174.0,0.000348,2.0
78.0,241.0,0.00558,2.0
82.0,177.0,0.000396,2.0
82.0,255.0,0.000376,2.0
73.0,130.0,0.002255,2.0
73.0,130.0,0.000218,2.0
73.0,190.0,0.002464,2.0
78.0,229.0,0.002006,2.0
73.0,137.0,0.000383,2.0
73.0,137.0,0.000224,2.0
73.0,139.0,0.000305,2.0
74.0,138.0,0.001755,2.0
74.0,138.0,0.00038,2.0
74.0,140.0,0.000323,2.0
71.0,150.0,0.000443,2.0
71.0,492.0,0.000315,2.0
1397.0,5924.0,247.306427,27.0
1397.0,5841.0,247.298523,27.0
1397.0,5741.0,247.290482,27.0
1397.0,5977.0,247.298264,27.0
1397.0,5937.0,247.297897,27.0
1397.0,5992.0,247.297882,27.0
934.0,7365.0,0.103404,15.0
1000.0,10152.0,0.102643,18.0
802.0,5743.0,0.087762,12.0
934.0,7527.0,0.103569,15.0
934.0,7588.0,0.103249,15.0
868.0,7544.0,0.102705,14.0
868.0,6718.0,0.051879,13.0
934.0,7248.0,0.076396,15.0
934.0,6720.0,0.076529,16.0
934.0,8769.0,0.080149,16.0
934.0,6416.0,0.080095,15.0
934.0,9518.0,0.080012,17.0
1407.0,1152.0,307.172394,22.0
802.0,6259.0,0.054298,12.0
1376.0,2174.0,307.146881,24.0
73.0,171.0,0.000217,2.0
73.0,353.0,0.000346,2.0
1825.0,804.0,247.119934,21.0
934.0,6822.0,0.087784,16.0
868.0,6470.0,0.139048,14.0
802.0,6101.0,0.084689,12.0
934.0,6690.0,0.085237,15.0
1000.0,9930.0,0.084593,18.0
1000.0,9473.0,0.125684,18.0
77.0,134.0,0.00043,2.0
77.0,134.0,0.000249,2.0
77.0,194.0,0.000145,2.0
93.0,167.0,0.009762,2.0
93.0,509.0,0.000474,2.0
2387.0,1017.0,247.048294,23.0
934.0,10198.0,0.09532,17.0
1000.0,8760.0,0.094387,17.0
934.0,6334.0,0.094533,15.0
868.0,5796.0,0.093689,13.0
1000.0,9466.0,0.121683,18.0
1000.0,7764.0,0.121716,16.0
1000.0,9739.0,0.088801,18.0
868.0,10265.0,0.089889,16.0
868.0,9022.0,0.088695,15.0
1066.0,11965.0,0.088592,20.0
78.0,149.0,0.000255,2.0
78.0,491.0,0.000509,2.0
1542.0,3410.0,248.260956,31.0
1542.0,3410.0,248.261093,31.0
1542.0,3410.0,248.2612,31.0
868.0,5100.0,0.065857,13.0
868.0,8006.0,0.066586,15.0
868.0,7329.0,0.064734,14.0
1066.0,9503.0,0.065173,19.0
802.0,6087.0,0.067615,12.0
934.0,10593.0,0.068382,17.0
934.0,10950.0,0.089052,18.0
934.0,9547.0,0.088436,17.0
934.0,8627.0,0.080518,16.0
1000.0,11833.0,0.080093,19.0
1000.0,7313.0,0.075982,16.0
1132.0,10230.0,0.075441,20.0
868.0,7081.0,0.757247,14.0
878.0,3873.0,0.75706,12.0
794.0,3192.0,0.755928,10.0
860.0,3449.0,0.755629,12.0
1001.0,13351.0,0.757216,20.0
2116.0,826.0,9.006056,12.0
74.0,326.0,0.000531,2.0
74.0,326.0,0.00026,2.0
272.0,140.0,0.018479,6.0
1863.0,1247.0,0.040943,12.0
1799.0,653.0,0.03728,12.0
74.0,326.0,0.00043,2.0
74.0,326.0,0.000244,2.0
272.0,140.0,0.017987,6.0
1799.0,653.0,0.037574,12.0
81.0,163.0,0.000272,2.0
81.0,199.0,0.000326,2.0
549.0,670.0,0.27734,10.0
1176.0,839.0,0.14314,10.0
71.0,234.0,0.000543,2.0
71.0,222.0,0.000247,2.0
74.0,326.0,0.000406,2.0
74.0,326.0,0.000313,2.0
272.0,140.0,0.018419,6.0
69.0,218.0,0.002808,2.0
69.0,206.0,0.000364,2.0
81.0,244.0,0.002197,2.0
72.0,221.0,0.002242,2.0
71.0,151.0,0.00052,2.0
71.0,151.0,0.000362,2.0
71.0,266.0,0.000496,2.0
81.0,232.0,0.000329,2.0
73.0,222.0,0.002429,2.0
72.0,209.0,0.000347,2.0
67.0,216.0,0.002439,2.0
72.0,127.0,0.002723,2.0
73.0,210.0,0.000396,2.0
67.0,204.0,0.000539,2.0
72.0,159.0,0.002705,2.0
72.0,127.0,0.000405,2.0
72.0,209.0,0.000358,2.0
72.0,235.0,0.003267,2.0
75.0,131.0,0.002767,2.0
72.0,228.0,0.000435,2.0
75.0,238.0,0.003109,2.0
72.0,223.0,0.000586,2.0
75.0,131.0,0.000673,2.0
75.0,212.0,0.000213,2.0
75.0,238.0,0.003257,2.0
72.0,215.0,0.002362,2.0
75.0,226.0,0.000426,2.0
71.0,127.0,0.002485,2.0
72.0,203.0,0.000496,2.0
75.0,226.0,0.000504,2.0
74.0,237.0,0.002795,2.0
71.0,234.0,0.000381,2.0
71.0,222.0,0.00037,2.0
71.0,127.0,0.000256,2.0
71.0,208.0,0.000344,2.0
72.0,235.0,0.002747,2.0
76.0,134.0,0.003139,2.0
74.0,225.0,0.000325,2.0
77.0,240.0,0.002917,2.0
72.0,223.0,0.000308,2.0
77.0,226.0,0.000408,2.0
76.0,134.0,0.000359,2.0
77.0,214.0,0.000408,2.0
76.0,169.0,0.000453,2.0
77.0,228.0,0.000277,2.0
77.0,122.0,0.000323,2.0
74.0,237.0,0.002832,2.0
74.0,140.0,0.0038,2.0
77.0,122.0,0.0005,2.0
77.0,129.0,0.000348,2.0
71.0,141.0,0.001802,2.0
74.0,225.0,0.000597,2.0
71.0,222.0,0.000319,2.0
74.0,140.0,0.000224,2.0
75.0,246.0,0.002041,2.0
74.0,157.0,0.000343,2.0
75.0,234.0,0.000416,2.0
70.0,213.0,0.002244,2.0
72.0,149.0,0.10941,2.0
89.0,169.0,0.000445,2.0
89.0,271.0,0.000346,2.0
1224.0,796.0,244.110748,21.0
70.0,217.0,0.000455,2.0
72.0,250.0,0.000409,2.0
834.0,2319.0,23.980906,12.0
73.0,236.0,0.000347,2.0
75.0,131.0,0.002461,2.0
76.0,134.0,0.002714,2.0
73.0,224.0,0.00047,2.0
71.0,125.0,0.005467,2.0
75.0,131.0,0.000374,2.0
76.0,134.0,0.000203,2.0
75.0,212.0,0.000202,2.0
76.0,169.0,0.000227,2.0
82.0,152.0,0.003332,2.0
71.0,125.0,0.000296,2.0
82.0,233.0,0.002568,2.0
71.0,226.0,0.000421,2.0
75.0,130.0,0.000166,2.0
75.0,130.0,0.000257,2.0
75.0,212.0,0.000233,2.0
880.0,881.0,0.003161,10.0
1168.0,868.0,0.003566,9.0
1799.0,653.0,0.371535,12.0
1863.0,1102.0,0.280043,12.0
74.0,326.0,0.000443,2.0
74.0,326.0,0.000425,2.0
272.0,140.0,0.017961,6.0
83.0,133.0,0.000262,2.0
83.0,133.0,0.000198,2.0
83.0,221.0,0.000278,2.0
91.0,165.0,0.000403,2.0
91.0,507.0,0.000352,2.0
3060.0,2396.0,240.043991,25.0
89.0,174.0,0.000402,2.0
89.0,356.0,0.000309,2.0
18518.0,6354.0,250.022186,58.0
74.0,326.0,0.000545,2.0
74.0,326.0,0.000389,2.0
272.0,140.0,0.018178,6.0
81.0,163.0,0.000297,2.0
81.0,199.0,0.000236,2.0
549.0,670.0,0.24537,10.0
74.0,326.0,0.000387,2.0
74.0,326.0,0.000306,2.0
272.0,140.0,0.018168,6.0
71.0,128.0,0.000306,2.0
71.0,128.0,0.000301,2.0
71.0,188.0,0.006096,2.0
1906.0,826.0,0.010395,12.0
74.0,326.0,0.000477,2.0
74.0,326.0,0.000365,2.0
272.0,140.0,0.018103,6.0
74.0,326.0,0.000435,2.0
74.0,326.0,0.000386,2.0
272.0,140.0,0.018084,6.0
71.0,139.0,0.000252,2.0
71.0,139.0,0.000271,2.0
71.0,172.0,0.000346,2.0
81.0,163.0,0.000286,2.0
81.0,199.0,0.000261,2.0
549.0,669.0,0.294663,10.0
74.0,326.0,0.000407,2.0
74.0,326.0,0.000384,2.0
272.0,140.0,0.017889,6.0
74.0,326.0,0.000568,2.0
74.0,326.0,0.000387,2.0
272.0,140.0,0.017837,6.0
74.0,326.0,0.000303,2.0
74.0,326.0,0.000403,2.0
272.0,140.0,0.018185,6.0
74.0,326.0,0.000389,2.0
74.0,326.0,0.00033,2.0
272.0,206.0,0.01801,7.0
81.0,163.0,0.000199,2.0
81.0,199.0,0.000337,2.0
549.0,670.0,0.253274,10.0
74.0,326.0,0.00046,2.0
74.0,326.0,0.000478,2.0
272.0,140.0,0.018069,6.0
875.0,1169.0,0.290095,15.0
1142.0,1507.0,0.421636,16.0
895.0,1169.0,0.493949,15.0
1142.0,1507.0,0.258428,16.0
1162.0,1515.0,0.266342,16.0
1162.0,1515.0,0.313527,16.0
74.0,326.0,0.000442,2.0
74.0,326.0,0.000285,2.0
272.0,140.0,0.017912,6.0
74.0,326.0,0.00052,2.0
74.0,326.0,0.000344,2.0
272.0,140.0,0.018362,6.0
81.0,163.0,0.00022,2.0
81.0,199.0,0.000289,2.0
549.0,669.0,0.272047,10.0
74.0,326.0,0.000373,2.0
74.0,326.0,0.000494,2.0
272.0,206.0,0.01855,7.0
74.0,326.0,0.000386,2.0
74.0,326.0,0.000282,2.0
272.0,140.0,0.018375,6.0
75.0,75.0,0.249785,2.0
75.0,75.0,0.2475,2.0
75.0,75.0,0.247444,2.0
75.0,75.0,0.248745,2.0
75.0,467.0,0.000396,2.0
3845.0,1976.0,240.181198,37.0
74.0,326.0,0.000514,2.0
74.0,326.0,0.000534,2.0
272.0,140.0,0.017893,6.0
81.0,163.0,0.000219,2.0
81.0,199.0,0.000502,2.0
549.0,670.0,0.304263,10.0
74.0,326.0,0.000457,2.0
74.0,326.0,0.000343,2.0
272.0,206.0,0.018372,7.0
74.0,326.0,0.000306,2.0
74.0,326.0,0.000342,2.0
272.0,140.0,0.018243,6.0
74.0,326.0,0.000543,2.0
74.0,326.0,0.000409,2.0
272.0,140.0,0.018095,6.0
75.0,75.0,0.248319,2.0
75.0,75.0,0.248047,2.0
75.0,75.0,0.247558,2.0
75.0,75.0,0.24884,2.0
75.0,467.0,0.000379,2.0
1464.0,1096.0,242.384232,27.0
81.0,163.0,0.000275,2.0
81.0,199.0,0.000301,2.0
549.0,670.0,0.245521,10.0
74.0,326.0,0.000553,2.0
74.0,326.0,0.000362,2.0
272.0,140.0,0.017857,6.0
74.0,144.0,0.000323,2.0
74.0,326.0,0.000434,2.0
3061.0,1585.0,240.061722,32.0
74.0,326.0,0.009949,2.0
74.0,326.0,0.000356,2.0
272.0,140.0,0.018492,6.0
71.0,128.0,0.000259,2.0
71.0,128.0,0.000171,2.0
71.0,188.0,0.000201,2.0
1904.0,826.0,0.007023,12.0
74.0,326.0,0.000455,2.0
74.0,326.0,0.000353,2.0
272.0,140.0,0.017611,6.0
71.0,139.0,0.000198,2.0
71.0,139.0,0.000207,2.0
71.0,172.0,0.000328,2.0
81.0,163.0,0.000142,2.0
81.0,199.0,0.000322,2.0
549.0,670.0,0.235045,10.0
74.0,326.0,0.000404,2.0
74.0,326.0,0.000369,2.0
272.0,206.0,0.018344,7.0
74.0,326.0,0.00041,2.0
74.0,326.0,0.000299,2.0
272.0,140.0,0.01823,6.0
74.0,326.0,0.000372,2.0
74.0,326.0,0.000258,2.0
272.0,140.0,0.018106,6.0
81.0,163.0,0.000273,2.0
81.0,199.0,0.000286,2.0
549.0,670.0,0.226995,10.0
74.0,326.0,0.000577,2.0
74.0,326.0,0.00033,2.0
272.0,206.0,0.018395,7.0
74.0,326.0,0.000395,2.0
74.0,326.0,0.000373,2.0
272.0,140.0,0.018156,6.0
74.0,326.0,0.000368,2.0
74.0,326.0,0.000374,2.0
272.0,206.0,0.018777,7.0
81.0,163.0,0.000371,2.0
81.0,199.0,0.000372,2.0
549.0,670.0,0.334863,10.0
74.0,326.0,0.000418,2.0
74.0,326.0,0.000422,2.0
272.0,140.0,0.018269,6.0
74.0,326.0,0.000388,2.0
74.0,326.0,0.000309,2.0
272.0,206.0,0.019203,7.0
74.0,326.0,0.000538,2.0
74.0,326.0,0.000465,2.0
272.0,140.0,0.019089,6.0
81.0,163.0,0.000224,2.0
81.0,199.0,0.000335,2.0
549.0,669.0,0.254986,10.0
74.0,326.0,0.000393,2.0
74.0,326.0,0.000459,2.0
272.0,206.0,0.018677,7.0
74.0,326.0,0.0004,2.0
74.0,326.0,0.000334,2.0
272.0,206.0,0.018396,7.0
73.0,171.0,0.00035,2.0
73.0,353.0,0.000372,2.0
78.0,162.0,0.009721,2.0
78.0,504.0,0.000473,2.0
1607.0,683.0,0.053359,10.0
6646.0,21390.0,260.118256,64.0
272.0,140.0,18.675772,6.0
72.0,151.0,0.000126,2.0
272.0,140.0,18.675528,6.0
74.0,144.0,0.000201,2.0
272.0,206.0,18.67532,7.0
75.0,132.0,0.000257,2.0
72.0,493.0,0.000352,2.0
75.0,132.0,0.000352,2.0
74.0,326.0,0.000458,2.0
75.0,234.0,0.000227,2.0
74.0,326.0,0.000303,2.0
74.0,326.0,0.000304,2.0
272.0,140.0,0.018471,6.0
75.0,125.0,0.00028,2.0
70.0,120.0,0.000251,2.0
76.0,180.0,0.000241,2.0
75.0,125.0,0.000394,2.0
70.0,120.0,0.000307,2.0
75.0,467.0,0.000378,2.0
70.0,302.0,0.000473,2.0
76.0,362.0,0.00058,2.0
75.0,152.0,0.000271,2.0
74.0,155.0,0.000273,2.0
75.0,302.0,0.000355,2.0
79.0,189.0,0.00037,2.0
74.0,497.0,0.000348,2.0
75.0,75.0,0.248761,2.0
79.0,531.0,0.00057,2.0
79.0,150.0,0.000284,2.0
79.0,492.0,0.000377,2.0
77.0,161.0,0.000266,2.0
77.0,327.0,0.000382,2.0
76.0,147.0,0.000217,2.0
76.0,489.0,0.000385,2.0
79.0,184.0,0.000287,2.0
79.0,526.0,0.00034,2.0
75.0,159.0,0.000375,2.0
75.0,501.0,0.00039,2.0
75.0,146.0,0.000301,2.0
77.0,131.0,0.310516,2.0
75.0,488.0,0.009951,2.0
106.0,190.0,0.009719,2.0
106.0,292.0,0.108082,2.0
75.0,75.0,0.247667,2.0
75.0,151.0,0.000387,2.0
75.0,151.0,0.000177,2.0
75.0,215.0,0.000295,2.0
90.0,176.0,0.000264,2.0
90.0,278.0,0.000317,2.0
77.0,140.0,0.000277,2.0
77.0,140.0,0.000301,2.0
77.0,241.0,0.322457,2.0
75.0,75.0,0.247694,2.0
77.0,131.0,0.000258,2.0
77.0,149.0,0.303359,2.0
4883.0,1204.0,287.906036,28.0
77.0,162.0,0.000311,2.0
77.0,194.0,0.000246,2.0
73.0,133.0,0.000186,2.0
73.0,133.0,0.000313,2.0
73.0,206.0,0.000259,2.0
76.0,153.0,0.366063,2.0
75.0,75.0,0.247429,2.0
75.0,467.0,0.000478,2.0
76.0,171.0,0.131,2.0
81.0,163.0,0.00038,2.0
81.0,199.0,0.00027,2.0
549.0,670.0,0.267831,10.0
74.0,326.0,0.000376,2.0
74.0,326.0,0.000285,2.0
272.0,206.0,0.018592,7.0
2867.0,23991.0,242.985825,57.0
272.0,140.0,12.970597,6.0
74.0,326.0,0.000566,2.0
74.0,326.0,0.000364,2.0
272.0,140.0,0.019129,6.0
75.0,153.0,0.00023,2.0
75.0,155.0,0.000233,2.0
72.0,193.0,0.000395,2.0
72.0,181.0,0.000393,2.0
74.0,326.0,0.000321,2.0
74.0,326.0,0.000337,2.0
272.0,140.0,0.018131,6.0
81.0,163.0,9.8e-05,2.0
81.0,199.0,0.000363,2.0
549.0,670.0,0.25866,10.0
74.0,326.0,0.000448,2.0
74.0,326.0,0.000344,2.0
272.0,140.0,0.018236,6.0
82.0,143.0,0.000223,2.0
82.0,143.0,0.000377,2.0
82.0,258.0,0.000275,2.0
1186.0,6017.0,0.210295,18.0
82.0,258.0,0.030604,2.0
1919.0,5140.0,0.249004,26.0
82.0,143.0,0.000353,2.0
82.0,143.0,0.000302,2.0
82.0,258.0,0.00029,2.0
1186.0,6017.0,0.206521,18.0
74.0,326.0,0.000383,2.0
74.0,326.0,0.000276,2.0
272.0,140.0,0.018197,6.0
74.0,326.0,0.000352,2.0
74.0,326.0,0.000461,2.0
272.0,140.0,0.017998,6.0
74.0,326.0,0.000432,2.0
74.0,326.0,0.000366,2.0
272.0,140.0,0.018066,6.0
81.0,163.0,0.000321,2.0
81.0,199.0,0.000423,2.0
549.0,670.0,0.253348,10.0
656.0,581.0,0.030337,14.0
895.0,1169.0,0.216929,15.0
1162.0,1515.0,0.267377,16.0
1162.0,1515.0,0.318888,16.0
74.0,326.0,0.000366,2.0
74.0,326.0,0.000511,2.0
272.0,140.0,0.017573,6.0
74.0,326.0,0.000355,2.0
74.0,326.0,0.000296,2.0
272.0,140.0,0.018033,6.0
74.0,326.0,0.000396,2.0
74.0,326.0,0.000429,2.0
272.0,140.0,0.018352,6.0
81.0,163.0,0.00029,2.0
81.0,199.0,0.000237,2.0
549.0,670.0,0.252987,10.0
74.0,326.0,0.000521,2.0
74.0,326.0,0.000278,2.0
272.0,140.0,0.019447,6.0
75.0,75.0,0.247145,2.0
75.0,75.0,0.24773,2.0
75.0,75.0,0.247302,2.0
75.0,75.0,0.247272,2.0
75.0,467.0,0.000401,2.0
3845.0,1976.0,240.154144,37.0
71.0,206.0,0.00044,2.0
71.0,194.0,0.000255,2.0
74.0,326.0,0.000365,2.0
74.0,326.0,0.000327,2.0
272.0,140.0,0.018039,6.0
73.0,171.0,0.000323,2.0
92.0,167.0,0.000371,2.0
72.0,151.0,0.000295,2.0
75.0,132.0,0.000289,2.0
73.0,353.0,0.000423,2.0
92.0,167.0,0.000386,2.0
75.0,132.0,0.000322,2.0
72.0,333.0,0.020091,2.0
75.0,234.0,0.000359,2.0
92.0,167.0,0.00025,2.0
272.0,140.0,20.019417,6.0
272.0,206.0,20.019644,7.0
5557.0,28824.0,191.772171,62.0
272.0,206.0,20.019823,7.0
272.0,140.0,20.019655,6.0
272.0,140.0,20.019497,6.0
92.0,167.0,0.000196,2.0
272.0,140.0,10.01661,6.0
272.0,140.0,20.025623,6.0
75.0,125.0,0.000243,2.0
70.0,120.0,0.000229,2.0
76.0,180.0,0.000278,2.0
70.0,120.0,0.000441,2.0
75.0,125.0,0.000442,2.0
76.0,362.0,0.000464,2.0
70.0,302.0,0.000336,2.0
75.0,467.0,0.000459,2.0
75.0,152.0,0.000165,2.0
75.0,302.0,0.000293,2.0
74.0,155.0,0.00022,2.0
79.0,189.0,0.000305,2.0
74.0,497.0,0.00033,2.0
79.0,531.0,0.000418,2.0
75.0,75.0,0.247502,2.0
79.0,150.0,0.000499,2.0
77.0,161.0,0.000229,2.0
79.0,492.0,0.000401,2.0
77.0,327.0,0.000507,2.0
76.0,147.0,0.000309,2.0
79.0,184.0,0.000374,2.0
76.0,489.0,0.000363,2.0
79.0,526.0,0.000565,2.0
74.0,144.0,0.000204,2.0
75.0,159.0,0.00042,2.0
74.0,326.0,0.000378,2.0
75.0,501.0,0.000363,2.0
1721.0,999.0,191.412064,18.0
78.0,128.0,0.000322,2.0
76.0,181.0,0.00033,2.0
76.0,248.0,0.00028,2.0
78.0,128.0,0.000317,2.0
78.0,230.0,0.00031,2.0
78.0,78.0,0.001677,2.0
73.0,137.0,0.000191,2.0
73.0,137.0,0.000228,2.0
73.0,174.0,0.001961,2.0
78.0,78.0,0.002229,2.0
90.0,176.0,0.000319,2.0
78.0,161.0,0.000517,2.0
75.0,75.0,0.247203,2.0
90.0,278.0,0.000297,2.0
76.0,277.0,0.368894,2.0
79.0,144.0,0.000288,2.0
79.0,183.0,0.000272,2.0
78.0,141.0,0.006918,2.0
78.0,141.0,0.000492,2.0
78.0,210.0,0.005431,2.0
75.0,75.0,0.246766,2.0
76.0,521.0,0.001831,2.0
75.0,75.0,0.2478,2.0
75.0,467.0,0.000341,2.0
16998.0,229607.0,190.036407,238.0
76.0,144.0,0.000243,2.0
73.0,125.0,0.000143,2.0
73.0,125.0,0.000258,2.0
76.0,144.0,0.0003,2.0
76.0,160.0,0.000276,2.0
73.0,156.0,0.044426,2.0
859.0,933.0,18.347099,11.0
85.0,166.0,0.000483,2.0
85.0,332.0,0.000381,2.0
73.0,144.0,0.000413,2.0
11984.0,34886.0,189.975327,80.0
73.0,380.0,0.030753,2.0
26879.0,614554.0,189.974762,573.0
29327.0,1084900.0,189.974854,975.0
165594.0,23716020.0,189.974564,17831.0
17020.0,237776.0,189.974762,255.0
1957.0,853.0,189.982971,18.0
77.0,152.0,0.019577,2.0
83.0,150.0,0.204397,2.0
88.0,145.0,0.030942,2.0
703.0,701.0,0.136004,10.0
77.0,152.0,0.000357,2.0
77.0,243.0,0.024741,2.0
779.0,3969.0,0.380134,10.0
88.0,145.0,0.000458,2.0
88.0,145.0,0.000142,2.0
88.0,145.0,0.000196,2.0
88.0,145.0,0.00021,2.0
88.0,145.0,0.000212,2.0
88.0,145.0,0.000212,2.0
88.0,145.0,0.000219,2.0
2251.0,2961.0,8.191135,17.0
84.0,188.0,0.010071,2.0
83.0,150.0,0.00025,2.0
83.0,141.0,0.339197,2.0
84.0,413.0,0.037257,2.0
962.0,581.0,0.327741,9.0
941.0,471.0,0.328244,9.0
76.0,191.0,0.584383,2.0
79.0,210.0,0.02287,2.0
79.0,313.0,0.022369,2.0
4402.0,158802.0,132.185043,152.0
1212.0,1098.0,0.152781,10.0
2246.0,2176.0,0.329131,12.0
78.0,179.0,0.000318,2.0
80.0,163.0,0.000321,2.0
78.0,404.0,0.000329,2.0
80.0,281.0,0.00047,2.0
1191.0,1181.0,189.406906,18.0
882.0,619.0,0.0493,7.0
73.0,135.0,0.103555,2.0
76.0,171.0,0.020657,2.0
73.0,135.0,0.000295,2.0
73.0,150.0,0.040689,2.0
76.0,262.0,0.000323,2.0
984.0,882.0,7.510604,11.0
1805.0,1808.0,189.319382,16.0
2377.0,1013.0,0.330122,13.0
76.0,228.0,4.140744,2.0
88.0,181.0,0.290963,2.0
90.0,205.0,0.023647,2.0
82.0,148.0,0.023298,2.0
82.0,201.0,0.364518,2.0
82.0,148.0,0.00031,2.0
90.0,242.0,3.338111,2.0
82.0,353.0,0.120439,2.0
88.0,179.0,0.044765,2.0
88.0,187.0,0.339072,2.0
88.0,331.0,0.020254,2.0
994.0,1206.0,126.291664,15.0
88.0,418.0,0.000494,2.0
7371.0,17226.0,188.176987,50.0
84.0,150.0,0.021661,2.0
84.0,150.0,0.000322,2.0
84.0,355.0,0.160684,2.0
82.0,238.0,0.162747,2.0
92.0,154.0,0.121535,2.0
82.0,502.0,0.045131,2.0
82.0,206.0,0.112338,2.0
88.0,313.0,0.165729,2.0
4538.0,32859.0,66.078247,57.0
1165.0,9470.0,66.078247,22.0
92.0,154.0,0.00019,2.0
1175.0,10839.0,66.036049,22.0
92.0,261.0,0.17768,2.0
92.0,154.0,0.177494,2.0
822.0,2849.0,55.925781,10.0
818.0,845.0,59.215195,9.0
814.0,2942.0,58.693726,10.0
823.0,841.0,55.926823,9.0
101.0,179.0,0.185282,2.0
92.0,154.0,0.000262,2.0
92.0,261.0,0.118884,2.0
87.0,153.0,0.022016,2.0
2536.0,7834.0,65.703018,24.0
1083.0,2092.0,65.702492,16.0
83.0,221.0,0.180235,2.0
272.0,140.0,15.698284,6.0
87.0,153.0,0.000198,2.0
87.0,358.0,0.022258,2.0
101.0,295.0,0.121478,2.0
74.0,153.0,0.000383,2.0
74.0,416.0,0.000553,2.0
76.0,216.0,0.000363,2.0
76.0,428.0,0.000425,2.0
86.0,198.0,0.046739,2.0
1228.0,984.0,0.316268,10.0
1947.0,1314.0,187.271362,19.0
86.0,302.0,0.019505,2.0
71.0,143.0,0.024656,2.0
71.0,143.0,0.000283,2.0
71.0,269.0,0.020373,2.0
75.0,155.0,0.00022,2.0
75.0,406.0,0.000406,2.0
75.0,205.0,0.057726,2.0
76.0,121.0,0.000321,2.0
76.0,121.0,0.000252,2.0
76.0,162.0,0.000348,2.0
83.0,143.0,0.360642,2.0
91.0,238.0,0.121508,2.0
83.0,405.0,0.002011,2.0
2020.0,27117.0,187.147842,44.0
2480.0,52778.0,187.147842,68.0
1754.0,13756.0,187.147827,31.0
1622.0,2556.0,187.148041,21.0
2576.0,7915.0,187.147812,27.0
2165.0,11041.0,187.147736,29.0
75.0,341.0,0.001794,2.0
85.0,309.0,0.288406,2.0
91.0,358.0,0.008487,2.0
1922.0,14496.0,187.033585,35.0
77.0,150.0,0.000262,2.0
77.0,150.0,0.000316,2.0
77.0,284.0,0.000404,2.0
800.0,1229.0,0.133391,12.0
85.0,553.0,0.001959,2.0
83.0,83.0,0.294117,2.0
83.0,143.0,0.000318,2.0
83.0,177.0,0.181772,2.0
83.0,83.0,0.180598,2.0
83.0,176.0,0.147,2.0
74.0,326.0,0.000295,2.0
74.0,326.0,0.000274,2.0
272.0,206.0,0.017919,7.0
28656.0,12287.0,184.886749,75.0
81.0,217.0,0.121296,2.0
272.0,210.0,11.548253,7.0
92.0,167.0,0.000218,2.0
272.0,210.0,11.542516,7.0
272.0,210.0,11.550483,7.0
206.0,130.0,11.501003,5.0
206.0,130.0,11.502224,5.0
272.0,206.0,11.39174,7.0
272.0,206.0,11.390919,7.0
272.0,206.0,11.390608,7.0
92.0,167.0,0.000247,2.0
272.0,210.0,11.492397,7.0
74.0,211.0,0.000357,2.0
272.0,210.0,11.492367,7.0
2378.0,1013.0,6.629448,13.0
2378.0,1013.0,5.270952,13.0
2378.0,1013.0,8.50175,13.0
2378.0,1013.0,10.160155,13.0
254.0,120.0,11.468387,6.0
254.0,120.0,11.468272,6.0
92.0,167.0,0.000158,2.0
74.0,423.0,0.020709,2.0
92.0,167.0,0.000418,2.0
272.0,140.0,11.351524,6.0
272.0,140.0,11.35169,6.0
272.0,140.0,11.351595,6.0
80.0,218.0,0.000343,2.0
80.0,539.0,0.038129,2.0
81.0,401.0,0.001897,2.0
1078.0,1384.0,183.015335,18.0
1620.0,1745.0,183.015533,21.0
1078.0,5635.0,183.015503,21.0
1078.0,1532.0,183.015427,18.0
1622.0,3590.0,183.015228,22.0
1210.0,11955.0,183.015152,27.0
986.0,391.0,0.069598,7.0
72.0,138.0,0.354407,2.0
84.0,178.0,0.000385,2.0
84.0,520.0,0.000433,2.0
1661.0,866.0,182.968155,18.0
72.0,138.0,0.000303,2.0
72.0,359.0,0.022446,2.0
81.0,163.0,0.000235,2.0
81.0,199.0,0.000314,2.0
549.0,670.0,0.259494,10.0
74.0,326.0,0.000355,2.0
74.0,326.0,0.000261,2.0
272.0,140.0,0.017815,6.0
2378.0,1013.0,0.328779,13.0
2378.0,1013.0,0.328945,13.0
2378.0,1013.0,0.329114,13.0
74.0,326.0,0.000307,2.0
74.0,326.0,0.000297,2.0
272.0,140.0,0.01829,6.0
2296.0,24248.0,162.712296,38.0
1263.0,3046.0,162.594193,17.0
1253.0,4214.0,162.593887,18.0
1250.0,842.0,162.593887,16.0
1251.0,778.0,162.594025,16.0
2384.0,1013.0,0.33204,13.0
74.0,326.0,0.000395,2.0
74.0,326.0,0.000314,2.0
272.0,140.0,0.018104,6.0
81.0,163.0,0.000263,2.0
81.0,199.0,0.000338,2.0
549.0,670.0,0.223553,10.0
74.0,326.0,0.019617,2.0
74.0,326.0,0.000955,2.0
272.0,140.0,0.018006,6.0
74.0,326.0,0.000471,2.0
74.0,326.0,0.00036,2.0
272.0,140.0,0.018155,6.0
84.0,188.0,0.000292,2.0
84.0,413.0,0.000539,2.0
2458.0,1013.0,0.328608,13.0
74.0,326.0,0.00036,2.0
74.0,326.0,0.000375,2.0
272.0,140.0,0.018221,6.0
81.0,163.0,0.000253,2.0
81.0,199.0,0.000484,2.0
549.0,670.0,0.228314,10.0
74.0,326.0,0.000325,2.0
74.0,326.0,0.000327,2.0
272.0,140.0,0.017905,6.0
74.0,326.0,0.000455,2.0
74.0,326.0,0.000289,2.0
272.0,206.0,0.018439,7.0
75.0,75.0,0.247854,2.0
75.0,75.0,0.247113,2.0
75.0,75.0,0.246746,2.0
75.0,75.0,0.246827,2.0
75.0,467.0,0.000336,2.0
2993.0,1580.0,100.554802,28.0
2434.0,1013.0,0.329776,13.0
74.0,326.0,0.000487,2.0
74.0,326.0,0.000269,2.0
272.0,206.0,0.018273,7.0
81.0,163.0,0.0002,2.0
81.0,199.0,0.000461,2.0
549.0,670.0,0.291197,10.0
6790.0,277217.0,9.110533,303.0
76.0,147.0,0.000216,2.0
76.0,489.0,0.000393,2.0
6862.0,60768.0,135.851807,90.0
74.0,326.0,0.000413,2.0
74.0,326.0,0.000265,2.0
272.0,140.0,0.017583,6.0
6550.0,264966.0,98.701477,297.0
74.0,326.0,0.000368,2.0
74.0,326.0,0.000278,2.0
272.0,206.0,0.018494,7.0
84.0,188.0,0.000783,2.0
84.0,413.0,0.001125,2.0
2412.0,1013.0,0.330092,13.0
74.0,326.0,0.00057,2.0
74.0,326.0,0.000383,2.0
272.0,140.0,0.01852,6.0
81.0,163.0,0.000342,2.0
81.0,199.0,0.000186,2.0
549.0,670.0,0.24306,10.0
86.0,143.0,0.060254,2.0
86.0,143.0,0.000301,2.0
74.0,326.0,0.000669,2.0
74.0,326.0,0.000444,2.0
272.0,140.0,0.017918,6.0
74.0,326.0,0.00038,2.0
74.0,326.0,0.000365,2.0
272.0,140.0,0.018238,6.0
74.0,326.0,0.000397,2.0
74.0,326.0,0.000342,2.0
272.0,206.0,0.017646,7.0
81.0,163.0,0.000236,2.0
81.0,199.0,0.000224,2.0
549.0,670.0,0.277232,10.0
74.0,326.0,0.000402,2.0
74.0,326.0,0.00053,2.0
272.0,140.0,0.018647,6.0
74.0,326.0,0.000412,2.0
74.0,326.0,0.000309,2.0
272.0,140.0,0.018887,6.0
74.0,326.0,0.000471,2.0
74.0,326.0,0.000356,2.0
272.0,140.0,0.017615,6.0
86.0,143.0,0.000344,2.0
86.0,143.0,0.000202,2.0
76.0,277.0,0.021736,2.0
76.0,521.0,0.001902,2.0
82.0,238.0,0.142792,2.0
82.0,502.0,0.043008,2.0
272.0,140.0,0.549953,6.0
81.0,163.0,0.000244,2.0
81.0,199.0,0.000291,2.0
549.0,670.0,0.24695,10.0
74.0,326.0,0.000335,2.0
74.0,326.0,0.000304,2.0
272.0,140.0,0.018267,6.0
106383.0,8879262.0,62.318054,7600.0
246.0,126.0,17.423252,6.0
74.0,326.0,0.000346,2.0
74.0,326.0,0.000375,2.0
272.0,206.0,0.017816,7.0
25936.0,902770.0,58.711483,1034.0
74.0,326.0,0.000396,2.0
74.0,326.0,0.000488,2.0
272.0,140.0,0.017881,6.0
81.0,163.0,0.000271,2.0
81.0,199.0,0.000273,2.0
549.0,670.0,0.29659,10.0
74.0,326.0,0.000213,2.0
74.0,326.0,0.000323,2.0
272.0,206.0,0.017556,7.0
38574.0,4479385.0,33.259472,3550.0
74.0,326.0,0.000316,2.0
74.0,326.0,0.000348,2.0
272.0,140.0,0.018117,6.0
74.0,326.0,0.000337,2.0
74.0,326.0,0.000449,2.0
272.0,140.0,0.018407,6.0
1112.0,3006.0,0.542342,20.0
1142.0,1507.0,0.285136,16.0
895.0,1169.0,0.259175,15.0
1142.0,1507.0,0.308647,16.0
1162.0,1515.0,0.392819,16.0
1162.0,1515.0,0.368061,16.0
74.0,326.0,0.000351,2.0
74.0,326.0,0.00039,2.0
272.0,140.0,0.018079,6.0
81.0,163.0,0.000196,2.0
81.0,199.0,0.000484,2.0
549.0,670.0,0.242043,10.0
74.0,326.0,0.000404,2.0
74.0,326.0,0.000379,2.0
272.0,140.0,0.018894,6.0
409.0,596.0,0.173448,7.0
74.0,326.0,0.000363,2.0
74.0,326.0,0.0003,2.0
272.0,206.0,0.018127,7.0
8466.0,31127.0,1230.015259,142.0
2069.0,2160.0,1260.124268,68.0
1980.0,1980.0,1260.124268,66.0
5985.0,8780.0,1266.043823,122.0
177545.0,138560.0,1260.318115,1142.0
9419.0,21862.0,1260.003418,145.0
74.0,326.0,0.000456,2.0
74.0,326.0,0.000322,2.0
272.0,206.0,0.017785,7.0
89176.0,17960.0,1262.452148,200.0
720.0,780.0,494.3479,25.0
9804.0,17173.0,1252.462036,172.0
2663.0,2512.0,1256.838501,66.0
74.0,326.0,0.000354,2.0
74.0,326.0,0.000352,2.0
272.0,206.0,0.018315,7.0
3600.0,3600.0,1253.582275,80.0
198.0,428.0,14.605108,8.0
264.0,264.0,60.20137,8.0
198.0,198.0,17.479542,6.0
17690.0,25198.0,1240.276733,312.0
360.0,360.0,962.073303,8.0
8242.0,15827.0,1234.351807,228.0
81.0,163.0,0.000306,2.0
81.0,199.0,0.000252,2.0
549.0,670.0,0.208473,10.0
74.0,326.0,0.000287,2.0
74.0,326.0,0.000448,2.0
272.0,140.0,0.018474,6.0
330.0,428.0,15.325132,10.0
330.0,428.0,15.324617,10.0
330.0,428.0,15.324333,10.0
330.0,428.0,15.324604,10.0
330.0,428.0,15.324608,10.0
264.0,428.0,14.516165,9.0
74.0,326.0,0.000315,2.0
74.0,326.0,0.000324,2.0
272.0,140.0,0.017981,6.0
75.0,146.0,0.009674,2.0
75.0,488.0,0.000529,2.0
272.0,140.0,10.032516,6.0
272.0,140.0,10.032458,6.0
10464.0,47546.0,250.574387,97.0
12769.0,12306.0,250.069626,60.0
75.0,132.0,0.000274,2.0
75.0,132.0,0.000218,2.0
75.0,234.0,0.000262,2.0
3015.0,32538.0,250.051712,64.0
85.0,171.0,0.000231,2.0
74.0,144.0,0.000211,2.0
76.0,133.0,0.00966,2.0
85.0,273.0,0.000601,2.0
74.0,326.0,0.00073,2.0
74.0,143.0,0.000252,2.0
74.0,143.0,0.000223,2.0
1188.0,1648.0,250.052734,21.0
2129.0,9343.0,250.037048,33.0
74.0,485.0,0.000323,2.0
74.0,485.0,0.000435,2.0
21330.0,196870.0,250.035431,260.0
13612.0,158168.0,250.042648,209.0
76.0,133.0,0.000236,2.0
76.0,235.0,0.010052,2.0
10271.0,225613.0,250.015915,262.0
9762.0,76341.0,249.964508,117.0
17678.0,113317.0,249.964005,178.0
11048.0,91219.0,249.97171,143.0
9551.0,55993.0,249.971588,101.0
19405.0,122966.0,249.963867,190.0
1532.0,9606.0,249.963516,33.0
7522.0,74594.0,249.970749,131.0
1146.0,1510.0,249.970779,21.0
10802.0,149187.0,249.963013,211.0
1274.0,3904.0,249.962708,25.0
12789.0,80218.0,249.970047,136.0
36176.0,219580.0,259.973419,323.0
17721.0,74526.0,249.962143,141.0
16899.0,101744.0,249.962006,165.0
27204.0,216358.0,249.969727,301.0
81.0,152.0,0.000387,2.0
76.0,147.0,0.000253,2.0
75.0,125.0,0.00046,2.0
81.0,318.0,0.107825,2.0
76.0,489.0,0.000554,2.0
75.0,125.0,0.000346,2.0
75.0,467.0,0.000691,2.0
70.0,120.0,0.000483,2.0
70.0,120.0,0.000151,2.0
77.0,150.0,0.000368,2.0
70.0,302.0,0.00029,2.0
77.0,332.0,0.000429,2.0
75.0,152.0,0.000342,2.0
75.0,146.0,0.000293,2.0
75.0,302.0,0.000342,2.0
75.0,488.0,0.011504,2.0
80.0,156.0,0.000483,2.0
160.0,996.0,5.003969,4.0
75.0,75.0,0.249233,2.0
79.0,150.0,0.000328,2.0
79.0,492.0,0.000431,2.0
78.0,152.0,0.00029,2.0
78.0,318.0,0.000323,2.0
76.0,147.0,0.000222,2.0
76.0,489.0,0.000398,2.0
80.0,151.0,0.000262,2.0
80.0,493.0,0.000298,2.0
76.0,148.0,0.000302,2.0
76.0,490.0,0.107853,2.0
75.0,159.0,0.000341,2.0
75.0,501.0,0.000491,2.0
75.0,75.0,0.24732,2.0
74.0,326.0,0.000535,2.0
74.0,326.0,0.000352,2.0
272.0,206.0,0.018322,7.0
75.0,75.0,0.246809,2.0
75.0,75.0,0.247267,2.0
75.0,467.0,0.000374,2.0
73.0,123.0,0.000281,2.0
73.0,123.0,0.000252,2.0
73.0,465.0,0.000273,2.0
33890.0,7968.0,278.783112,100.0
6619.0,21436.0,244.83136,109.0
73.0,142.0,0.000264,2.0
73.0,484.0,0.000557,2.0
1799.0,1188.0,244.724548,21.0
272.0,140.0,14.428309,6.0
85.0,171.0,0.000234,2.0
85.0,171.0,0.000395,2.0
1490.0,1162.0,250.116119,28.0
1490.0,1162.0,250.116776,28.0
1490.0,1162.0,250.116592,28.0
1490.0,1162.0,250.117065,28.0
1490.0,1162.0,250.11734,28.0
1490.0,1162.0,250.116135,28.0
85.0,273.0,0.000347,2.0
85.0,171.0,0.000398,2.0
83.0,157.0,0.000295,2.0
85.0,273.0,0.000496,2.0
1464.0,1096.0,250.094818,27.0
1464.0,1096.0,250.094299,27.0
1464.0,1096.0,250.094482,27.0
1464.0,1096.0,240.087051,27.0
1464.0,1096.0,240.086487,27.0
1464.0,1096.0,240.086746,27.0
84.0,170.0,0.000331,2.0
83.0,499.0,0.000426,2.0
85.0,273.0,0.000565,2.0
1464.0,1096.0,250.094788,27.0
1464.0,1096.0,240.086884,27.0
1464.0,1096.0,240.086975,27.0
1464.0,1096.0,240.08728,27.0
1464.0,1096.0,240.087128,27.0
81.0,158.0,0.000391,2.0
1463.0,1162.0,250.103653,28.0
1463.0,1162.0,250.104782,28.0
84.0,272.0,0.000459,2.0
1549.0,3206.0,250.08992,31.0
1549.0,3206.0,250.08963,31.0
1021.0,2580.0,10.02563,15.0
1021.0,2580.0,10.025478,15.0
1021.0,2580.0,10.025356,15.0
1549.0,3206.0,250.092178,31.0
1547.0,3410.0,250.09256,31.0
1547.0,3410.0,250.092361,31.0
1019.0,2784.0,10.025457,15.0
81.0,500.0,0.000345,2.0
1020.0,2580.0,10.025088,15.0
1548.0,3206.0,250.093124,31.0
1545.0,3410.0,250.092789,31.0
1017.0,2784.0,10.024524,15.0
1545.0,3410.0,250.092972,31.0
75.0,106.0,0.279131,2.0
75.0,303.0,0.016988,2.0
833.0,1816.0,0.092045,12.0
75.0,145.0,0.019878,2.0
75.0,145.0,0.019553,2.0
75.0,487.0,0.020456,2.0
75.0,487.0,0.020667,2.0
9977.0,96740.0,242.71875,133.0
12786.0,130465.0,242.718735,183.0
14207.0,137134.0,242.718353,199.0
20426.0,222317.0,242.726151,285.0
16034.0,116500.0,272.733826,182.0
14564.0,154669.0,242.718246,211.0
12425.0,136786.0,242.718689,186.0
11845.0,116514.0,242.719009,174.0
9149.0,88405.0,242.718643,131.0
8221.0,84968.0,242.718613,130.0
8219.0,83192.0,242.718613,126.0
8441.0,81459.0,242.718597,128.0
81.0,163.0,0.000385,2.0
81.0,199.0,0.000308,2.0
549.0,670.0,0.222458,10.0
74.0,326.0,0.000415,2.0
74.0,326.0,0.000377,2.0
272.0,140.0,0.018632,6.0
1440.0,1440.0,1212.174561,32.0
1500.0,1500.0,1200.671265,50.0
74.0,326.0,0.000454,2.0
74.0,326.0,0.000309,2.0
272.0,140.0,0.018377,6.0
2148.0,0.0,0.905239,18.0
74.0,326.0,0.000464,2.0
74.0,326.0,0.000372,2.0
272.0,140.0,0.018141,6.0
91.0,165.0,0.000356,2.0
91.0,507.0,0.000399,2.0
2098.0,1700.0,240.088715,22.0
89.0,174.0,0.00036,2.0
89.0,356.0,0.000403,2.0
5078.0,3807.0,250.041443,28.0
81.0,163.0,0.000385,2.0
81.0,199.0,0.00027,2.0
549.0,670.0,0.220541,10.0
74.0,326.0,0.000318,2.0
74.0,326.0,0.000547,2.0
272.0,140.0,0.018652,6.0
74.0,326.0,0.000488,2.0
74.0,326.0,0.000535,2.0
272.0,140.0,0.018334,6.0
875.0,1169.0,0.287632,15.0
1142.0,1507.0,0.254164,16.0
895.0,1169.0,0.41402,15.0
1142.0,1507.0,0.258034,16.0
1162.0,1515.0,0.42037,16.0
1162.0,1515.0,0.222404,16.0
720.0,720.0,1030.123901,16.0
74.0,326.0,0.000322,2.0
74.0,326.0,0.00039,2.0
272.0,140.0,0.018362,6.0
74.0,326.0,0.00054,2.0
74.0,326.0,0.000373,2.0
272.0,206.0,0.01846,7.0
81.0,163.0,0.000342,2.0
81.0,199.0,0.000329,2.0
549.0,670.0,0.226078,10.0
74.0,326.0,0.000406,2.0
74.0,326.0,0.000349,2.0
272.0,140.0,0.018186,6.0
74.0,326.0,0.000521,2.0
74.0,326.0,0.000492,2.0
272.0,140.0,0.018683,6.0
74.0,326.0,0.000396,2.0
74.0,326.0,0.000308,2.0
272.0,140.0,0.017727,6.0
81.0,163.0,0.000185,2.0
81.0,199.0,0.000298,2.0
549.0,670.0,0.245707,10.0
74.0,144.0,0.000412,2.0
74.0,326.0,0.000251,2.0
31034.0,10905.0,489.271332,117.0
74.0,326.0,0.00042,2.0
74.0,326.0,0.00041,2.0
272.0,206.0,0.018364,7.0
74.0,326.0,0.000381,2.0
74.0,326.0,0.000292,2.0
272.0,140.0,0.018373,6.0
74.0,326.0,0.000369,2.0
74.0,326.0,0.000306,2.0
272.0,206.0,0.017867,7.0
81.0,163.0,0.000259,2.0
81.0,199.0,0.000279,2.0
549.0,670.0,0.213883,10.0
180.0,180.0,1024.000977,4.0
74.0,326.0,0.000459,2.0
74.0,326.0,0.000365,2.0
272.0,140.0,0.017981,6.0
74.0,326.0,0.000445,2.0
74.0,326.0,0.000418,2.0
272.0,140.0,0.018742,6.0
74.0,326.0,0.009973,2.0
74.0,326.0,0.000334,2.0
272.0,140.0,0.018278,6.0
81.0,163.0,0.000272,2.0
81.0,199.0,0.00027,2.0
549.0,670.0,0.291308,10.0
74.0,326.0,0.000357,2.0
74.0,326.0,0.000302,2.0
272.0,140.0,0.022239,6.0
74.0,326.0,0.000392,2.0
74.0,326.0,0.000334,2.0
272.0,140.0,0.018314,6.0
74.0,326.0,0.000375,2.0
74.0,326.0,0.000337,2.0
272.0,206.0,0.020473,7.0
81.0,163.0,0.000291,2.0
81.0,199.0,0.000291,2.0
549.0,670.0,0.230437,10.0
74.0,326.0,0.000402,2.0
74.0,326.0,0.000396,2.0
272.0,140.0,0.018426,6.0
360.0,360.0,954.734375,8.0
74.0,326.0,0.000411,2.0
74.0,326.0,0.000455,2.0
272.0,140.0,0.018632,6.0
74.0,326.0,0.000313,2.0
74.0,326.0,0.000384,2.0
272.0,140.0,0.01774,6.0
85.0,166.0,0.01941,2.0
85.0,332.0,0.020127,2.0
12460.0,3924.0,600.116394,58.0
75.0,75.0,0.247734,2.0
75.0,75.0,0.247622,2.0
75.0,75.0,0.247628,2.0
75.0,75.0,0.246387,2.0
81.0,163.0,0.000314,2.0
81.0,199.0,0.000366,2.0
549.0,670.0,0.22206,10.0
75.0,467.0,0.000469,2.0
25504.0,5688.0,440.844269,70.0
74.0,326.0,0.000401,2.0
74.0,326.0,0.000294,2.0
272.0,140.0,0.018196,6.0
74.0,326.0,0.00038,2.0
74.0,326.0,0.000308,2.0
272.0,140.0,0.018507,6.0
74.0,326.0,0.000382,2.0
74.0,326.0,0.00034,2.0
272.0,140.0,0.018264,6.0
81.0,163.0,0.000349,2.0
81.0,199.0,0.000234,2.0
549.0,670.0,0.216221,10.0
74.0,326.0,0.000459,2.0
74.0,326.0,0.000353,2.0
272.0,140.0,0.018473,6.0
74.0,326.0,0.000409,2.0
74.0,326.0,0.000436,2.0
272.0,140.0,0.018015,6.0
74.0,326.0,0.000473,2.0
74.0,326.0,0.000432,2.0
272.0,206.0,0.018498,7.0
90.0,90.0,0.000841,2.0
81.0,163.0,0.000349,2.0
81.0,199.0,0.000246,2.0
549.0,670.0,0.218082,10.0
74.0,326.0,0.000623,2.0
74.0,326.0,0.000364,2.0
272.0,206.0,0.018756,7.0
74.0,326.0,0.000308,2.0
74.0,326.0,0.000307,2.0
272.0,206.0,0.018654,7.0
90.0,90.0,0.0008,2.0
75.0,75.0,0.247214,2.0
75.0,75.0,0.246569,2.0
75.0,75.0,0.247433,2.0
75.0,75.0,0.245952,2.0
75.0,467.0,0.000422,2.0
5501.0,10764.0,299.680969,75.0
74.0,326.0,0.000405,2.0
74.0,326.0,0.000323,2.0
272.0,140.0,0.018321,6.0
74.0,144.0,0.000446,2.0
74.0,326.0,0.000391,2.0
2703.0,1519.0,240.069702,30.0
81.0,163.0,0.000364,2.0
81.0,199.0,0.000348,2.0
549.0,670.0,0.223573,10.0
74.0,326.0,0.000436,2.0
74.0,326.0,0.000271,2.0
272.0,206.0,0.018301,7.0
91.0,165.0,0.000289,2.0
91.0,507.0,0.00038,2.0
2422.0,1972.0,244.901932,23.0
89.0,174.0,0.000249,2.0
89.0,356.0,0.000422,2.0
8579.0,4953.0,244.881561,32.0
74.0,326.0,0.000544,2.0
74.0,326.0,0.000361,2.0
272.0,206.0,0.018448,7.0
265.0,0.0,0.0,1.0
74.0,326.0,0.000427,2.0
74.0,326.0,0.00036,2.0
272.0,140.0,0.018024,6.0
81.0,163.0,0.025873,2.0
81.0,199.0,0.000375,2.0
549.0,670.0,0.247993,10.0
74.0,326.0,0.000353,2.0
74.0,326.0,0.000386,2.0
272.0,140.0,0.018422,6.0
85.0,149.0,0.003439,2.0
85.0,149.0,0.00034,2.0
85.0,183.0,0.044368,2.0
83.0,133.0,0.000278,2.0
83.0,133.0,0.000299,2.0
83.0,221.0,0.000296,2.0
272.0,206.0,11.050712,7.0
73.0,171.0,0.000273,2.0
73.0,353.0,0.000403,2.0
6498.0,19269.0,250.974045,58.0
92.0,167.0,0.000214,2.0
11129.0,30842.0,250.973923,83.0
75.0,132.0,0.000465,2.0
9687.0,30925.0,4.768211,72.0
272.0,140.0,10.958807,6.0
272.0,140.0,10.958891,6.0
14092.0,36012.0,470.987366,101.0
92.0,167.0,0.000223,2.0
75.0,132.0,0.000267,2.0
75.0,234.0,0.000505,2.0
92.0,167.0,0.000411,2.0
92.0,167.0,0.000181,2.0
272.0,140.0,10.956036,6.0
272.0,140.0,10.963621,6.0
80.0,186.0,0.107507,2.0
75.0,125.0,0.000309,2.0
70.0,120.0,0.000183,2.0
75.0,125.0,0.00021,2.0
70.0,120.0,0.000255,2.0
75.0,467.0,0.000318,2.0
70.0,302.0,0.000419,2.0
76.0,180.0,0.000272,2.0
75.0,152.0,0.000276,2.0
76.0,362.0,0.000448,2.0
75.0,302.0,0.00058,2.0
74.0,155.0,0.000269,2.0
74.0,174.0,0.00019,2.0
74.0,497.0,0.000411,2.0
74.0,516.0,0.112074,2.0
79.0,189.0,0.010041,2.0
79.0,531.0,0.000645,2.0
75.0,75.0,0.248369,2.0
80.0,352.0,0.112061,2.0
79.0,150.0,0.000363,2.0
79.0,492.0,0.000359,2.0
77.0,161.0,0.000193,2.0
77.0,327.0,0.000328,2.0
76.0,147.0,0.010027,2.0
76.0,489.0,0.000444,2.0
79.0,184.0,0.000256,2.0
79.0,526.0,0.00041,2.0
75.0,157.0,0.01938,2.0
75.0,499.0,0.112165,2.0
74.0,144.0,0.000349,2.0
74.0,326.0,0.000333,2.0
75.0,159.0,0.000296,2.0
75.0,501.0,0.000509,2.0
75.0,75.0,0.247008,2.0
78.0,162.0,0.000267,2.0
78.0,504.0,0.000289,2.0
3383.0,1715.0,1.545265,17.0
75.0,75.0,0.247803,2.0
75.0,75.0,0.248005,2.0
75.0,467.0,0.000376,2.0
1649.0,1062.0,248.297638,21.0
76.0,156.0,0.000305,2.0
89.0,157.0,0.042989,2.0
82.0,139.0,0.225279,2.0
76.0,248.0,0.132886,2.0
89.0,157.0,0.000245,2.0
89.0,157.0,0.029345,2.0
90.0,176.0,0.000301,2.0
90.0,278.0,0.000359,2.0
75.0,155.0,0.205844,2.0
73.0,99.0,0.056787,2.0
73.0,194.0,0.028036,2.0
72.0,293.0,0.815826,2.0
82.0,139.0,0.000355,2.0
82.0,243.0,0.033801,2.0
78.0,143.0,0.000373,2.0
78.0,143.0,0.000282,2.0
78.0,244.0,0.019721,2.0
75.0,163.0,0.166939,2.0
79.0,142.0,0.209675,2.0
71.0,122.0,0.283044,2.0
79.0,142.0,0.000278,2.0
79.0,279.0,0.175073,2.0
78.0,149.0,0.56724,2.0
71.0,122.0,0.000336,2.0
71.0,241.0,0.114367,2.0
74.0,132.0,0.050469,2.0
74.0,132.0,0.000292,2.0
74.0,157.0,0.020958,2.0
78.0,128.0,0.133866,2.0
72.0,281.0,0.009834,2.0
78.0,147.0,0.036008,2.0
78.0,128.0,0.000299,2.0
78.0,170.0,0.117786,2.0
78.0,185.0,0.005579,2.0
75.0,89.0,0.191737,2.0
78.0,161.0,0.393978,2.0
78.0,259.0,0.229183,2.0
75.0,191.0,0.03012,2.0
76.0,154.0,0.151695,2.0
76.0,154.0,0.000325,2.0
76.0,141.0,0.154557,2.0
74.0,139.0,0.155579,2.0
78.0,161.0,0.000224,2.0
78.0,355.0,0.279769,2.0
83.0,160.0,0.011896,2.0
74.0,139.0,0.000294,2.0
74.0,208.0,0.153301,2.0
83.0,241.0,0.00215,2.0
73.0,152.0,0.479019,2.0
72.0,131.0,0.053454,2.0
72.0,131.0,0.000216,2.0
72.0,133.0,0.034368,2.0
875.0,1169.0,0.249197,15.0
73.0,185.0,0.000397,2.0
1142.0,1507.0,0.413923,16.0
895.0,1169.0,0.236242,15.0
1431.0,3418.0,0.360095,22.0
1142.0,1507.0,0.387021,16.0
1162.0,1515.0,0.282556,16.0
2809.0,31230.0,0.513674,44.0
76.0,144.0,0.000368,2.0
73.0,125.0,0.000319,2.0
73.0,125.0,0.000189,2.0
76.0,144.0,0.000181,2.0
73.0,156.0,0.038015,2.0
76.0,160.0,0.000333,2.0
73.0,144.0,0.000518,2.0
861.0,916.0,16.701668,11.0
73.0,380.0,0.031069,2.0
77.0,212.0,0.002,2.0
76.0,211.0,0.046411,2.0
77.0,377.0,0.004473,2.0
79.0,215.0,0.002176,2.0
79.0,396.0,0.000526,2.0
1284.0,954.0,302.116577,22.0
6276.0,60930.0,302.116302,89.0
4988.0,19392.0,302.116089,49.0
4489.0,31704.0,302.116058,54.0
3866.0,17597.0,302.115967,45.0
8358.0,56162.0,302.115997,91.0
5576.0,25938.0,302.115936,56.0
74.0,326.0,0.000607,2.0
74.0,326.0,0.000391,2.0
272.0,140.0,0.018525,6.0
921.0,2135.0,7.227885,12.0
705.0,708.0,0.127397,10.0
76.0,384.0,0.001579,2.0
1438.0,4873.0,302.072296,24.0
1577.0,3667.0,302.072357,25.0
1425.0,3735.0,302.072235,24.0
1511.0,9517.0,302.072235,28.0
79.0,217.0,0.025188,2.0
83.0,151.0,0.000253,2.0
84.0,204.0,0.057113,2.0
83.0,152.0,0.338379,2.0
83.0,151.0,0.000572,2.0
83.0,151.0,0.000282,2.0
933.0,4474.0,12.014612,14.0
2961.0,2275.0,6.880996,18.0
79.0,390.0,0.001737,2.0
1261.0,1290.0,301.874878,22.0
1258.0,1165.0,301.874786,22.0
1264.0,1153.0,301.874817,22.0
1258.0,1224.0,301.874939,22.0
1302.0,2537.0,301.874908,23.0
2732.0,6478.0,301.874939,36.0
84.0,225.0,0.000421,2.0
66.0,130.0,0.196696,2.0
74.0,139.0,0.02088,2.0
83.0,151.0,0.000615,2.0
1068.0,5224.0,131.592346,18.0
83.0,151.0,0.000255,2.0
83.0,152.0,0.000349,2.0
88.0,160.0,0.403437,2.0
74.0,139.0,0.000226,2.0
74.0,256.0,0.020586,2.0
79.0,144.0,0.019379,2.0
79.0,144.0,0.0002,2.0
79.0,245.0,0.024927,2.0
76.0,141.0,0.02486,2.0
76.0,141.0,0.000225,2.0
76.0,242.0,0.024918,2.0
75.0,146.0,0.009829,2.0
75.0,488.0,0.010044,2.0
72.0,126.0,0.06544,2.0
66.0,130.0,0.00026,2.0
66.0,256.0,0.024394,2.0
75.0,133.0,0.310751,2.0
72.0,126.0,0.000283,2.0
72.0,176.0,0.030619,2.0
80.0,151.0,0.009789,2.0
78.0,173.0,0.050373,2.0
80.0,493.0,0.000433,2.0
75.0,139.0,0.000347,2.0
75.0,139.0,0.000207,2.0
75.0,174.0,0.000303,2.0
76.0,140.0,0.139714,2.0
83.0,152.0,0.000461,2.0
83.0,186.0,0.042494,2.0
80.0,217.0,0.019576,2.0
78.0,188.0,0.104743,2.0
80.0,445.0,0.021704,2.0
925.0,3804.0,127.336548,14.0
3143.0,1824.0,191.499496,25.0
93.0,167.0,0.000244,2.0
93.0,509.0,0.000369,2.0
4316.0,1717.0,471.483612,36.0
272.0,140.0,11.443615,6.0
272.0,140.0,11.443599,6.0
88.0,209.0,0.176871,2.0
76.0,140.0,0.0002,2.0
76.0,175.0,0.112895,2.0
2325.0,1004.0,301.446808,18.0
2313.0,944.0,301.441498,17.0
2319.0,944.0,301.441345,17.0
2313.0,1004.0,301.441467,18.0
2321.0,944.0,301.441254,17.0
2313.0,944.0,301.446503,17.0
80.0,215.0,0.025156,2.0
80.0,399.0,0.001881,2.0
1452.0,1201.0,301.377777,24.0
79.0,211.0,0.020458,2.0
75.0,133.0,0.000371,2.0
75.0,140.0,0.113378,2.0
79.0,391.0,0.002067,2.0
87.0,154.0,0.196415,2.0
73.0,135.0,0.036843,2.0
73.0,135.0,0.000426,2.0
73.0,150.0,0.033365,2.0
84.0,200.0,0.213044,2.0
79.0,181.0,0.180761,2.0
83.0,153.0,0.104866,2.0
87.0,154.0,0.000327,2.0
87.0,233.0,0.107135,2.0
83.0,304.0,0.156632,2.0
79.0,464.0,0.187547,2.0
86.0,151.0,0.024866,2.0
84.0,464.0,0.045081,2.0
86.0,151.0,0.000128,2.0
86.0,252.0,0.019697,2.0
84.0,154.0,0.105156,2.0
78.0,149.0,0.304796,2.0
86.0,152.0,0.033752,2.0
86.0,152.0,0.000323,2.0
86.0,253.0,0.000465,2.0
76.0,157.0,0.619816,2.0
84.0,305.0,0.000308,2.0
84.0,155.0,0.20546,2.0
3956.0,1409.0,13.503101,11.0
84.0,155.0,0.000233,2.0
78.0,168.0,0.169822,2.0
84.0,153.0,0.192836,2.0
71.0,143.0,0.000293,2.0
71.0,143.0,0.000137,2.0
71.0,269.0,0.000246,2.0
66.0,131.0,0.000288,2.0
66.0,131.0,0.000214,2.0
66.0,232.0,0.000325,2.0
83.0,225.0,0.000207,2.0
83.0,377.0,0.000394,2.0
1753.0,1190.0,300.439514,22.0
1937.0,1850.0,0.080914,15.0
76.0,151.0,0.302874,2.0
74.0,326.0,0.000324,2.0
74.0,326.0,0.000401,2.0
272.0,140.0,0.017807,6.0
272.0,140.0,18.714275,6.0
272.0,140.0,18.71442,6.0
92.0,167.0,0.000272,2.0
272.0,140.0,18.707577,6.0
272.0,206.0,18.70793,7.0
272.0,140.0,18.707443,6.0
92.0,167.0,0.000181,2.0
92.0,167.0,0.000172,2.0
92.0,167.0,0.000167,2.0
1700.0,7956.0,6.198669,20.0
861.0,925.0,15.631303,11.0
705.0,707.0,0.119718,10.0
847.0,3022.0,3.489514,12.0
821.0,3485.0,5.723497,13.0
822.0,3073.0,5.723372,12.0
1291.0,5040.0,15.723117,17.0
272.0,140.0,15.723363,6.0
81.0,163.0,0.000316,2.0
81.0,199.0,0.000318,2.0
549.0,670.0,0.224482,10.0
1290.0,2956.0,4.182467,11.0
74.0,326.0,0.000359,2.0
74.0,326.0,0.000466,2.0
272.0,140.0,0.01842,6.0
74.0,326.0,0.000309,2.0
74.0,326.0,0.000452,2.0
272.0,140.0,0.018675,6.0
74.0,326.0,0.000446,2.0
74.0,326.0,0.000357,2.0
272.0,206.0,0.018653,7.0
81.0,163.0,0.00038,2.0
81.0,199.0,0.000327,2.0
549.0,670.0,0.223484,10.0
74.0,326.0,0.000387,2.0
74.0,326.0,0.000342,2.0
272.0,140.0,0.01837,6.0
81.0,211.0,0.049522,2.0
81.0,199.0,0.002444,2.0
74.0,326.0,0.000415,2.0
74.0,326.0,0.000282,2.0
272.0,206.0,0.018927,7.0
79.0,153.0,0.000277,2.0
79.0,495.0,0.010075,2.0
1418.0,1096.0,240.035934,26.0
74.0,326.0,0.000448,2.0
74.0,326.0,0.000304,2.0
272.0,140.0,0.018503,6.0
81.0,163.0,0.000361,2.0
81.0,199.0,0.000357,2.0
549.0,670.0,0.214686,10.0
74.0,326.0,0.000282,2.0
74.0,326.0,0.000298,2.0
272.0,140.0,0.018998,6.0
74.0,326.0,0.000334,2.0
74.0,326.0,0.000358,2.0
272.0,140.0,0.018782,6.0
74.0,326.0,0.009931,2.0
74.0,326.0,0.000379,2.0
272.0,140.0,0.018376,6.0
82.0,203.0,0.000225,2.0
82.0,137.0,0.000238,2.0
0.0,60.0,0.0,1.0
360.0,360.0,5.9999,8.0
81.0,163.0,0.000291,2.0
81.0,199.0,0.000293,2.0
549.0,670.0,0.207697,10.0
74.0,326.0,0.000336,2.0
74.0,326.0,0.000273,2.0
272.0,206.0,0.018277,7.0
80.0,130.0,0.000153,2.0
80.0,130.0,0.000249,2.0
74.0,326.0,0.000457,2.0
74.0,326.0,0.000325,2.0
272.0,140.0,0.018571,6.0
74.0,326.0,0.000306,2.0
74.0,326.0,0.000306,2.0
272.0,206.0,0.017853,7.0
81.0,163.0,0.00034,2.0
81.0,199.0,0.000235,2.0
549.0,670.0,0.258238,10.0
74.0,326.0,0.000515,2.0
74.0,326.0,0.000352,2.0
272.0,206.0,0.018076,7.0
74.0,326.0,0.000511,2.0
74.0,326.0,0.000355,2.0
272.0,140.0,0.018232,6.0
81.0,199.0,0.024951,2.0
81.0,187.0,0.002194,2.0
1294.0,1062.0,597.726318,24.0
74.0,326.0,0.000441,2.0
74.0,326.0,0.000368,2.0
272.0,140.0,0.01809,6.0
74.0,326.0,0.000349,2.0
74.0,326.0,0.000399,2.0
272.0,140.0,0.017899,6.0
81.0,163.0,0.000516,2.0
81.0,199.0,0.000463,2.0
549.0,670.0,0.231102,10.0
74.0,326.0,0.00036,2.0
74.0,326.0,0.000401,2.0
272.0,140.0,0.0186,6.0
74.0,326.0,0.000414,2.0
74.0,326.0,0.000414,2.0
272.0,140.0,0.018098,6.0
74.0,326.0,0.000489,2.0
74.0,326.0,0.000309,2.0
272.0,206.0,0.017885,7.0
81.0,163.0,0.000346,2.0
81.0,199.0,0.000269,2.0
549.0,670.0,0.228993,10.0
74.0,326.0,0.000381,2.0
74.0,326.0,0.000344,2.0
272.0,140.0,0.018059,6.0
78.0,149.0,0.000257,2.0
92.0,167.0,0.000352,2.0
78.0,259.0,0.000316,2.0
92.0,167.0,0.000164,2.0
1217.0,4717.0,14.552059,16.0
272.0,206.0,14.552151,7.0
272.0,206.0,14.552249,7.0
272.0,206.0,14.552249,7.0
272.0,206.0,14.552202,7.0
92.0,167.0,0.000176,2.0
92.0,167.0,0.000195,2.0
92.0,167.0,0.000287,2.0
75.0,132.0,0.000325,2.0
73.0,171.0,0.000338,2.0
92.0,167.0,0.00021,2.0
75.0,132.0,0.000356,2.0
73.0,353.0,0.000404,2.0
92.0,167.0,0.000219,2.0
75.0,234.0,0.000269,2.0
272.0,206.0,13.377141,7.0
272.0,140.0,13.377253,6.0
272.0,140.0,13.377041,6.0
92.0,167.0,0.000243,2.0
272.0,206.0,13.383566,7.0
272.0,206.0,13.384595,7.0
75.0,125.0,0.000305,2.0
80.0,186.0,0.000382,2.0
70.0,120.0,0.000334,2.0
80.0,352.0,0.000335,2.0
70.0,120.0,0.00045,2.0
75.0,125.0,0.000453,2.0
75.0,467.0,0.000347,2.0
70.0,302.0,0.000463,2.0
76.0,180.0,0.000427,2.0
76.0,362.0,0.02026,2.0
75.0,152.0,0.000353,2.0
74.0,155.0,0.000248,2.0
75.0,302.0,0.000353,2.0
74.0,497.0,0.000661,2.0
74.0,174.0,0.000251,2.0
79.0,189.0,0.000248,2.0
74.0,516.0,0.000431,2.0
79.0,531.0,0.010237,2.0
75.0,75.0,0.247904,2.0
79.0,150.0,0.000243,2.0
79.0,492.0,0.00042,2.0
77.0,161.0,0.000285,2.0
77.0,327.0,0.020069,2.0
76.0,147.0,0.000384,2.0
76.0,489.0,0.000432,2.0
79.0,184.0,0.000351,2.0
79.0,526.0,0.00037,2.0
75.0,157.0,0.000261,2.0
75.0,499.0,0.000326,2.0
74.0,144.0,0.000278,2.0
74.0,326.0,0.000347,2.0
75.0,159.0,0.000285,2.0
75.0,501.0,0.000362,2.0
75.0,75.0,0.247365,2.0
76.0,181.0,0.000334,2.0
89.0,157.0,0.000404,2.0
76.0,248.0,0.000398,2.0
89.0,157.0,0.00041,2.0
89.0,157.0,0.000302,2.0
82.0,139.0,0.000159,2.0
82.0,139.0,0.000283,2.0
90.0,176.0,0.000225,2.0
82.0,243.0,0.000271,2.0
90.0,278.0,0.00043,2.0
75.0,155.0,0.112972,2.0
73.0,99.0,0.0312,2.0
73.0,194.0,0.000432,2.0
72.0,293.0,0.000306,2.0
72.0,281.0,0.000482,2.0
78.0,143.0,0.020241,2.0
78.0,143.0,0.000367,2.0
78.0,244.0,0.024993,2.0
79.0,142.0,0.000307,2.0
79.0,142.0,0.000294,2.0
79.0,279.0,0.000429,2.0
71.0,122.0,0.000256,2.0
71.0,122.0,0.000161,2.0
71.0,241.0,0.000332,2.0
75.0,163.0,0.107125,2.0
75.0,75.0,0.247639,2.0
75.0,75.0,0.248546,2.0
74.0,326.0,0.000326,2.0
74.0,326.0,0.000366,2.0
272.0,140.0,0.019764,6.0
75.0,467.0,0.00037,2.0
6821.0,132012.0,129.260101,155.0
76.0,144.0,0.000243,2.0
73.0,125.0,0.000333,2.0
76.0,144.0,0.000257,2.0
76.0,160.0,0.000226,2.0
73.0,125.0,0.000273,2.0
73.0,156.0,0.000249,2.0
872.0,927.0,20.514162,11.0
716.0,721.0,0.153788,10.0
73.0,144.0,0.035845,2.0
5137.0,78781.0,128.894226,103.0
5454.0,164709.0,128.893631,167.0
8184.0,55805.0,133.8936,89.0
3865.0,14326.0,128.893463,35.0
4405.0,33089.0,128.893387,57.0
73.0,380.0,0.00059,2.0
858.0,1410.0,3.351767,11.0
77.0,157.0,0.000238,2.0
5240.0,6326.0,250.005661,34.0
71.0,143.0,0.00025,2.0
77.0,339.0,0.000295,2.0
71.0,143.0,0.000294,2.0
71.0,269.0,0.000361,2.0
1190.0,1419.0,250.003677,21.0
800.0,1553.0,0.578706,10.0
851.0,2989.0,0.629309,11.0
85.0,167.0,0.054139,2.0
85.0,167.0,0.029294,2.0
5763.0,281859.0,132.971115,281.0
994.0,2338.0,127.971222,14.0
90.0,158.0,0.030767,2.0
92.0,160.0,0.031489,2.0
97.0,165.0,0.030919,2.0
90.0,158.0,0.000247,2.0
97.0,165.0,0.000365,2.0
90.0,158.0,0.029654,2.0
97.0,165.0,0.024255,2.0
92.0,160.0,0.000395,2.0
92.0,160.0,0.024156,2.0
91.0,159.0,0.031039,2.0
91.0,159.0,0.031397,2.0
94.0,162.0,0.025053,2.0
88.0,88.0,0.490666,2.0
2060.0,802.0,249.375687,21.0
2061.0,801.0,249.375275,21.0
84.0,178.0,0.000248,2.0
2062.0,1957.0,249.375519,21.0
2059.0,1349.0,249.375565,21.0
2059.0,1138.0,249.375473,21.0
84.0,520.0,0.000371,2.0
2657.0,1192.0,249.380539,24.0
94.0,162.0,0.000406,2.0
94.0,162.0,0.029385,2.0
91.0,159.0,0.000336,2.0
91.0,159.0,0.024239,2.0
91.0,159.0,0.00024,2.0
91.0,159.0,0.029661,2.0
97.0,165.0,0.02527,2.0
90.0,158.0,0.025201,2.0
89.0,157.0,0.030267,2.0
97.0,165.0,0.000419,2.0
97.0,165.0,0.024099,2.0
90.0,158.0,0.000179,2.0
90.0,158.0,0.024125,2.0
89.0,157.0,0.000235,2.0
89.0,157.0,0.024083,2.0
84.0,188.0,0.027187,2.0
90.0,158.0,0.025175,2.0
93.0,161.0,0.030482,2.0
91.0,159.0,0.025373,2.0
90.0,158.0,0.000294,2.0
90.0,158.0,0.029814,2.0
84.0,413.0,0.149366,2.0
93.0,161.0,0.000311,2.0
93.0,161.0,0.024262,2.0
91.0,159.0,0.000202,2.0
91.0,159.0,0.02582,2.0
95.0,163.0,0.025153,2.0
95.0,163.0,0.030445,2.0
81.0,149.0,0.000255,2.0
81.0,149.0,0.000144,2.0
81.0,149.0,0.00041,2.0
87.0,155.0,0.025038,2.0
95.0,163.0,0.000737,2.0
95.0,163.0,0.029287,2.0
95.0,163.0,0.000336,2.0
95.0,163.0,0.030824,2.0
87.0,155.0,0.000301,2.0
87.0,155.0,0.023996,2.0
97.0,165.0,0.030494,2.0
74.0,122.0,0.191196,2.0
76.0,211.0,0.002366,2.0
76.0,363.0,0.00153,2.0
85.0,227.0,0.121397,2.0
97.0,165.0,0.000176,2.0
97.0,165.0,0.029428,2.0
75.0,207.0,0.176504,2.0
977.0,581.0,0.361675,9.0
1989.0,1936.0,0.505835,12.0
85.0,347.0,0.001973,2.0
75.0,114.0,0.152061,2.0
74.0,122.0,0.000197,2.0
74.0,386.0,0.187118,2.0
75.0,327.0,0.008478,2.0
75.0,145.0,0.425555,2.0
88.0,88.0,0.241139,2.0
75.0,114.0,0.000251,2.0
75.0,127.0,0.129223,2.0
80.0,218.0,0.000431,2.0
80.0,539.0,0.000545,2.0
1276.0,391.0,0.053578,7.0
88.0,186.0,0.120962,2.0
2120.0,1045.0,0.363879,13.0
1250.0,870.0,308.674255,22.0
77.0,140.0,0.030413,2.0
75.0,228.0,0.212559,2.0
77.0,140.0,3.5e-05,2.0
77.0,164.0,0.132228,2.0
858.0,1410.0,3.529304,11.0
1006.0,1410.0,12.735063,13.0
414.0,327.0,23.587057,8.0
74.0,326.0,0.000378,2.0
74.0,326.0,0.000461,2.0
272.0,140.0,0.018203,6.0
81.0,163.0,0.00034,2.0
81.0,199.0,0.00022,2.0
549.0,670.0,0.386833,10.0
74.0,326.0,0.000396,2.0
74.0,326.0,0.000284,2.0
272.0,206.0,0.018665,7.0
74.0,326.0,0.000541,2.0
74.0,326.0,0.000282,2.0
272.0,140.0,0.018295,6.0
74.0,326.0,0.000564,2.0
74.0,326.0,0.000273,2.0
272.0,140.0,0.018206,6.0
81.0,163.0,0.000232,2.0
81.0,199.0,0.000372,2.0
549.0,670.0,0.225196,10.0
74.0,326.0,0.000377,2.0
74.0,326.0,0.00022,2.0
272.0,206.0,0.018373,7.0
74.0,326.0,0.00051,2.0
74.0,326.0,0.000455,2.0
272.0,140.0,0.017812,6.0
74.0,326.0,0.000511,2.0
74.0,326.0,0.000269,2.0
272.0,140.0,0.018295,6.0
81.0,163.0,0.000284,2.0
81.0,199.0,0.000291,2.0
549.0,670.0,0.216707,10.0
875.0,1169.0,0.310722,15.0
1142.0,1507.0,0.246372,16.0
895.0,1169.0,0.238035,15.0
1142.0,1507.0,0.445314,16.0
1162.0,1515.0,0.358394,16.0
1162.0,1515.0,0.328456,16.0
74.0,326.0,0.000413,2.0
74.0,326.0,0.000408,2.0
272.0,140.0,0.01843,6.0
75.0,75.0,0.246547,2.0
75.0,75.0,0.248618,2.0
75.0,75.0,0.246558,2.0
75.0,75.0,0.248068,2.0
75.0,467.0,0.000446,2.0
2886.0,1977.0,240.14949,36.0
74.0,326.0,0.000392,2.0
74.0,326.0,0.000253,2.0
272.0,140.0,0.01799,6.0
78.0,200.0,0.000336,2.0
78.0,212.0,0.000234,2.0
74.0,326.0,0.000442,2.0
74.0,326.0,0.000383,2.0
272.0,140.0,0.017874,6.0
76.0,147.0,0.000221,2.0
76.0,489.0,0.000311,2.0
7643.0,2800.0,268.607117,34.0
97.0,186.0,0.019338,2.0
97.0,304.0,0.010064,2.0
109982.0,5800379.0,248.336655,5579.0
81.0,163.0,0.000319,2.0
81.0,199.0,0.000353,2.0
549.0,670.0,0.336808,10.0
74.0,326.0,0.000335,2.0
74.0,326.0,0.000401,2.0
272.0,140.0,0.019102,6.0
74.0,326.0,0.000374,2.0
74.0,326.0,0.00033,2.0
272.0,206.0,0.019856,7.0
74.0,144.0,0.000421,2.0
74.0,326.0,0.000337,2.0
5316.0,2202.0,240.529495,34.0
74.0,326.0,0.000323,2.0
74.0,326.0,0.000345,2.0
272.0,140.0,0.018898,6.0
81.0,163.0,0.000339,2.0
81.0,199.0,0.000397,2.0
549.0,670.0,0.228093,10.0
74.0,326.0,0.000414,2.0
74.0,326.0,0.000317,2.0
272.0,140.0,0.01854,6.0
74.0,326.0,0.000342,2.0
74.0,326.0,0.000304,2.0
272.0,140.0,0.018151,6.0
74.0,326.0,0.000405,2.0
74.0,326.0,0.00027,2.0
272.0,140.0,0.018609,6.0
81.0,163.0,0.000452,2.0
81.0,199.0,0.000344,2.0
549.0,670.0,0.255268,10.0
74.0,326.0,0.000464,2.0
74.0,326.0,0.00035,2.0
272.0,206.0,0.018749,7.0
74.0,326.0,0.000453,2.0
74.0,326.0,0.000296,2.0
272.0,206.0,0.018313,7.0
74.0,326.0,0.000355,2.0
74.0,326.0,0.000303,2.0
272.0,140.0,0.018324,6.0
81.0,163.0,0.131376,2.0
81.0,199.0,0.02607,2.0
549.0,670.0,0.210484,10.0
74.0,326.0,0.000372,2.0
74.0,326.0,0.0003,2.0
272.0,140.0,0.018124,6.0
70.0,121.0,0.012606,2.0
70.0,121.0,0.00026,2.0
70.0,127.0,0.001806,2.0
78.0,162.0,0.000296,2.0
78.0,504.0,0.000371,2.0
1603.0,674.0,0.046867,10.0
73.0,171.0,0.000348,2.0
73.0,353.0,0.000415,2.0
2950.0,1158.0,1.877494,13.0
75.0,186.0,0.122976,2.0
75.0,250.0,0.017058,2.0
272.0,206.0,15.807098,7.0
65.0,140.0,0.007723,2.0
8220.0,23058.0,335.349823,70.0
272.0,140.0,15.327464,6.0
72.0,151.0,0.000314,2.0
272.0,140.0,15.327247,6.0
75.0,132.0,0.000254,2.0
272.0,140.0,15.327204,6.0
74.0,144.0,0.000317,2.0
272.0,206.0,15.327364,7.0
272.0,140.0,15.327034,6.0
75.0,132.0,0.000297,2.0
72.0,493.0,0.000409,2.0
74.0,326.0,0.000544,2.0
75.0,234.0,0.0004,2.0
272.0,206.0,15.32399,7.0
272.0,140.0,15.324291,6.0
65.0,140.0,0.000344,2.0
65.0,140.0,0.000218,2.0
65.0,140.0,0.000212,2.0
75.0,125.0,0.000146,2.0
70.0,120.0,0.000151,2.0
76.0,180.0,0.000289,2.0
75.0,125.0,0.000331,2.0
70.0,120.0,0.000279,2.0
76.0,362.0,0.000357,2.0
75.0,467.0,0.000385,2.0
70.0,302.0,0.000488,2.0
75.0,152.0,0.000148,2.0
74.0,155.0,0.000292,2.0
79.0,189.0,0.000324,2.0
75.0,302.0,0.000374,2.0
74.0,497.0,0.000386,2.0
79.0,531.0,0.000427,2.0
75.0,75.0,0.248212,2.0
77.0,161.0,0.000664,2.0
79.0,150.0,0.000474,2.0
79.0,492.0,0.000384,2.0
77.0,327.0,0.000496,2.0
76.0,147.0,0.000223,2.0
79.0,184.0,0.000267,2.0
76.0,489.0,0.000386,2.0
79.0,526.0,0.000547,2.0
75.0,159.0,0.000231,2.0
75.0,501.0,0.000256,2.0
75.0,145.0,0.125308,2.0
79.0,168.0,0.052835,2.0
75.0,75.0,0.248009,2.0
79.0,187.0,0.017229,2.0
72.0,123.0,0.000236,2.0
72.0,123.0,0.000173,2.0
72.0,544.0,0.000436,2.0
69.0,130.0,0.000231,2.0
69.0,130.0,0.000333,2.0
69.0,135.0,0.000253,2.0
90.0,176.0,0.000201,2.0
90.0,278.0,0.00048,2.0
75.0,139.0,0.000354,2.0
75.0,153.0,0.000264,2.0
80.0,94.0,0.173701,2.0
75.0,145.0,0.00024,2.0
75.0,310.0,0.137814,2.0
80.0,190.0,0.000316,2.0
74.0,146.0,0.000211,2.0
74.0,140.0,0.000295,2.0
77.0,171.0,0.124997,2.0
75.0,75.0,0.246914,2.0
77.0,138.0,0.154852,2.0
77.0,309.0,0.030424,2.0
77.0,138.0,0.00022,2.0
77.0,174.0,0.000236,2.0
75.0,75.0,0.247517,2.0
75.0,467.0,0.000467,2.0
4354.0,50914.0,12.522461,77.0
3129.0,31043.0,12.371785,53.0
3303.0,18210.0,12.371754,42.0
2822.0,8974.0,12.370934,28.0
2832.0,26881.0,12.370761,46.0
2639.0,27385.0,12.357733,43.0
74.0,202.0,0.018764,2.0
74.0,386.0,0.00175,2.0
1307.0,2775.0,302.341858,23.0
1760.0,32580.0,302.341797,50.0
82.0,144.0,0.202996,2.0
82.0,144.0,0.000251,2.0
82.0,427.0,0.148348,2.0
3075.0,2599.0,11.104869,11.0
74.0,326.0,0.000469,2.0
74.0,326.0,0.000505,2.0
272.0,140.0,0.018617,6.0
74.0,326.0,0.000421,2.0
74.0,326.0,0.000295,2.0
272.0,206.0,0.018295,7.0
81.0,163.0,0.000242,2.0
81.0,199.0,0.000355,2.0
549.0,669.0,0.220886,10.0
74.0,326.0,0.000384,2.0
74.0,326.0,0.000305,2.0
272.0,140.0,0.018362,6.0
1900.0,2566.0,381.417175,44.0
74.0,326.0,0.000506,2.0
74.0,326.0,0.000432,2.0
272.0,140.0,0.018036,6.0
74.0,326.0,0.000459,2.0
74.0,326.0,0.00039,2.0
272.0,140.0,0.017832,6.0
81.0,163.0,0.000285,2.0
81.0,199.0,0.000245,2.0
549.0,670.0,0.238603,10.0
74.0,326.0,0.000504,2.0
74.0,326.0,0.000316,2.0
272.0,140.0,0.018201,6.0
74.0,326.0,0.000427,2.0
74.0,326.0,0.000371,2.0
272.0,140.0,0.017912,6.0
74.0,326.0,0.000512,2.0
74.0,326.0,0.000305,2.0
272.0,140.0,0.018676,6.0
74.0,326.0,0.00049,2.0
74.0,326.0,0.000319,2.0
272.0,140.0,0.018464,6.0
81.0,163.0,0.000269,2.0
81.0,199.0,0.000341,2.0
549.0,670.0,0.248443,10.0
79.0,168.0,0.00035,2.0
79.0,203.0,0.000286,2.0
3938.0,36801.0,4.805929,66.0
272.0,272.0,14.806895,8.0
272.0,272.0,14.806451,8.0
272.0,272.0,14.806752,8.0
338.0,332.0,14.822771,10.0
272.0,272.0,14.806689,8.0
82.0,144.0,0.000227,2.0
74.0,202.0,0.000363,2.0
82.0,144.0,0.000182,2.0
74.0,386.0,0.002294,2.0
82.0,427.0,0.000457,2.0
1636.0,929.0,10.587927,7.0
140.0,138.0,10.642982,4.0
140.0,138.0,11.189335,4.0
272.0,140.0,14.786454,6.0
70.0,120.0,0.020058,2.0
70.0,120.0,0.000295,2.0
70.0,302.0,0.000392,2.0
72.0,123.0,0.000195,2.0
72.0,123.0,0.00019,2.0
72.0,160.0,0.000186,2.0
85.0,166.0,0.000313,2.0
85.0,166.0,0.000212,2.0
85.0,305.0,0.000436,2.0
927.0,380.0,0.364629,12.0
74.0,326.0,0.000368,2.0
74.0,326.0,0.00031,2.0
272.0,206.0,0.018308,7.0
85.0,242.0,0.035845,2.0
85.0,242.0,0.029055,2.0
85.0,242.0,0.000327,2.0
85.0,242.0,0.000299,2.0
74.0,326.0,0.000361,2.0
74.0,326.0,0.000354,2.0
272.0,206.0,0.017994,7.0
85.0,242.0,0.000246,2.0
85.0,242.0,0.000429,2.0
85.0,242.0,0.000281,2.0
85.0,242.0,0.000288,2.0
74.0,326.0,0.000562,2.0
74.0,326.0,0.000331,2.0
272.0,206.0,0.018167,7.0
86.0,207.0,0.255982,2.0
86.0,207.0,0.232851,2.0
86.0,207.0,0.187659,2.0
86.0,207.0,0.184696,2.0
86.0,207.0,0.000409,2.0
86.0,207.0,0.000338,2.0
86.0,207.0,0.000306,2.0
86.0,207.0,0.00032,2.0
81.0,163.0,0.000352,2.0
81.0,199.0,0.000376,2.0
549.0,670.0,0.211172,10.0
86.0,207.0,0.000335,2.0
86.0,207.0,0.000366,2.0
74.0,326.0,0.000314,2.0
74.0,326.0,0.000424,2.0
272.0,140.0,0.018322,6.0
86.0,207.0,0.000213,2.0
86.0,207.0,0.000368,2.0
86.0,207.0,0.0003,2.0
86.0,207.0,0.000333,2.0
74.0,326.0,0.000341,2.0
74.0,326.0,0.000335,2.0
272.0,140.0,0.01841,6.0
74.0,326.0,0.000331,2.0
74.0,326.0,0.000446,2.0
272.0,206.0,0.018733,7.0
81.0,163.0,0.000266,2.0
81.0,199.0,0.000225,2.0
549.0,670.0,0.257091,10.0
74.0,326.0,0.000369,2.0
74.0,326.0,0.000301,2.0
272.0,140.0,0.019664,6.0
86.0,207.0,0.000462,2.0
86.0,207.0,0.000385,2.0
74.0,326.0,0.000522,2.0
74.0,326.0,0.000429,2.0
272.0,140.0,0.018389,6.0
76.0,147.0,0.000197,2.0
76.0,489.0,0.00049,2.0
7577.0,2733.0,267.396515,32.0
97.0,186.0,0.000319,2.0
97.0,304.0,0.00047,2.0
205202.0,8012942.0,245.80629,8824.0
79.0,168.0,0.000306,2.0
79.0,187.0,0.000475,2.0
875.0,1169.0,0.385083,15.0
1142.0,1507.0,0.259325,16.0
895.0,1169.0,0.258285,15.0
1142.0,1507.0,0.269011,16.0
1162.0,1515.0,0.246988,16.0
1162.0,1515.0,0.245481,16.0
74.0,144.0,0.000249,2.0
74.0,326.0,0.000432,2.0
23121.0,8536.0,240.451202,77.0
1397.0,1096.0,240.049149,26.0
1397.0,1096.0,240.049026,26.0
1397.0,1096.0,240.048904,26.0
1397.0,1096.0,240.048752,26.0
1397.0,1096.0,240.048599,26.0
74.0,326.0,0.0005,2.0
74.0,326.0,0.000463,2.0
272.0,140.0,0.023665,6.0
81.0,163.0,0.000462,2.0
81.0,199.0,0.000237,2.0
549.0,670.0,0.237577,10.0
75.0,75.0,0.248662,2.0
75.0,75.0,0.247682,2.0
75.0,75.0,0.247201,2.0
75.0,75.0,0.248555,2.0
75.0,467.0,0.000405,2.0
2763.0,4274.0,240.184174,37.0
74.0,326.0,0.00031,2.0
74.0,326.0,0.000305,2.0
272.0,206.0,0.018603,7.0
78.0,128.0,0.00021,2.0
78.0,128.0,0.000153,2.0
78.0,216.0,0.000366,2.0
74.0,326.0,0.000457,2.0
74.0,326.0,0.000405,2.0
272.0,206.0,0.019122,7.0
74.0,326.0,0.000271,2.0
74.0,326.0,0.000397,2.0
272.0,140.0,0.018577,6.0
81.0,163.0,0.00037,2.0
81.0,199.0,0.000318,2.0
549.0,670.0,0.219685,10.0
74.0,326.0,0.000288,2.0
74.0,326.0,0.000376,2.0
272.0,140.0,0.018189,6.0
74.0,326.0,0.000465,2.0
74.0,326.0,0.000265,2.0
272.0,140.0,0.018725,6.0
86.0,207.0,0.000401,2.0
86.0,207.0,0.000354,2.0
86.0,207.0,0.000185,2.0
86.0,207.0,0.000319,2.0
74.0,326.0,0.000329,2.0
74.0,326.0,0.000414,2.0
272.0,140.0,0.018955,6.0
81.0,163.0,0.000418,2.0
81.0,199.0,0.000339,2.0
549.0,670.0,0.235283,10.0
86.0,207.0,0.000464,2.0
86.0,207.0,0.000401,2.0
86.0,207.0,0.00037,2.0
86.0,207.0,0.000305,2.0
74.0,326.0,0.000438,2.0
74.0,326.0,0.000526,2.0
272.0,140.0,0.018165,6.0
81.0,199.0,0.040623,2.0
81.0,187.0,0.002548,2.0
74.0,326.0,0.000313,2.0
74.0,326.0,0.000385,2.0
272.0,140.0,0.01835,6.0
74.0,326.0,0.000336,2.0
74.0,326.0,0.000449,2.0
272.0,140.0,0.018414,6.0
81.0,163.0,0.000297,2.0
81.0,199.0,0.000291,2.0
549.0,670.0,0.261807,10.0
74.0,326.0,0.021077,2.0
74.0,326.0,0.000347,2.0
272.0,140.0,0.018734,6.0
74.0,326.0,0.000402,2.0
74.0,326.0,0.000655,2.0
272.0,140.0,0.01824,6.0
86.0,207.0,0.000261,2.0
86.0,207.0,0.000263,2.0
74.0,326.0,0.00044,2.0
74.0,326.0,0.000545,2.0
272.0,206.0,0.018451,7.0
86.0,207.0,0.000343,2.0
86.0,207.0,0.000322,2.0
81.0,163.0,0.000228,2.0
81.0,199.0,0.000297,2.0
549.0,670.0,0.219453,10.0
91.0,165.0,0.000226,2.0
91.0,507.0,0.000288,2.0
2796.0,1132.0,135.273178,16.0
89.0,174.0,0.000212,2.0
89.0,356.0,0.000393,2.0
4439.0,2227.0,135.411911,20.0
86.0,207.0,0.000338,2.0
86.0,207.0,0.000352,2.0
74.0,326.0,0.000322,2.0
74.0,326.0,0.000336,2.0
272.0,140.0,0.017862,6.0
86.0,207.0,0.00036,2.0
86.0,207.0,0.00032,2.0
74.0,326.0,0.000368,2.0
74.0,326.0,0.00036,2.0
272.0,140.0,0.01857,6.0
74.0,326.0,0.000356,2.0
74.0,326.0,0.000308,2.0
272.0,140.0,0.017909,6.0
81.0,163.0,0.000371,2.0
81.0,199.0,0.000303,2.0
549.0,669.0,0.293472,10.0
85.0,167.0,0.000212,2.0
85.0,167.0,0.000431,2.0
74.0,326.0,0.00039,2.0
74.0,326.0,0.000274,2.0
272.0,140.0,0.018281,6.0
73.0,171.0,0.00026,2.0
73.0,353.0,0.000315,2.0
2440.0,31703.0,91.056564,49.0
272.0,206.0,19.558929,7.0
13952.0,180591.0,91.041336,246.0
75.0,132.0,0.0006,2.0
75.0,132.0,0.00042,2.0
75.0,234.0,0.000692,2.0
2229.0,17441.0,90.539467,36.0
5937.0,29924.0,91.955421,48.0
70.0,120.0,0.000439,2.0
75.0,125.0,0.000498,2.0
76.0,180.0,0.000604,2.0
75.0,125.0,0.000245,2.0
70.0,120.0,0.000482,2.0
76.0,362.0,0.000498,2.0
70.0,302.0,0.000846,2.0
75.0,467.0,0.001076,2.0
75.0,152.0,0.00057,2.0
74.0,155.0,0.000452,2.0
75.0,302.0,0.000624,2.0
79.0,189.0,0.000524,2.0
74.0,497.0,0.020774,2.0
79.0,531.0,0.000567,2.0
75.0,75.0,0.248,2.0
79.0,150.0,0.000554,2.0
79.0,492.0,0.010428,2.0
77.0,161.0,0.000345,2.0
77.0,327.0,0.000379,2.0
76.0,147.0,0.000226,2.0
76.0,489.0,0.010248,2.0
79.0,184.0,0.001924,2.0
79.0,526.0,0.002288,2.0
74.0,144.0,0.00037,2.0
75.0,159.0,0.00022,2.0
74.0,326.0,0.000469,2.0
75.0,501.0,0.000475,2.0
75.0,75.0,0.248606,2.0
89.0,173.0,0.067236,2.0
76.0,145.0,0.173826,2.0
89.0,341.0,0.146934,2.0
76.0,145.0,0.000227,2.0
76.0,142.0,0.944352,2.0
75.0,75.0,0.247831,2.0
74.0,139.0,0.000453,2.0
74.0,139.0,0.000203,2.0
74.0,292.0,0.000457,2.0
79.0,140.0,0.000205,2.0
79.0,140.0,0.000236,2.0
79.0,207.0,0.035596,2.0
79.0,140.0,0.035288,2.0
79.0,140.0,0.000249,2.0
79.0,207.0,0.030467,2.0
87.0,172.0,0.14633,2.0
75.0,75.0,0.246874,2.0
87.0,173.0,0.025942,2.0
76.0,140.0,0.000439,2.0
76.0,140.0,0.000203,2.0
76.0,207.0,0.000319,2.0
90.0,176.0,0.000156,2.0
90.0,278.0,0.000268,2.0
79.0,161.0,0.000222,2.0
79.0,183.0,0.000159,2.0
79.0,143.0,0.123171,2.0
79.0,143.0,0.00036,2.0
79.0,175.0,0.045463,2.0
74.0,153.0,0.948538,2.0
75.0,467.0,0.000436,2.0
7643.0,128857.0,18.08547,160.0
74.0,184.0,0.226093,2.0
5481.0,38021.0,17.815556,66.0
4662.0,31393.0,17.820536,57.0
77.0,215.0,0.045984,2.0
5238.0,20147.0,17.813421,44.0
4099.0,17044.0,17.818359,39.0
3936.0,16085.0,17.807562,35.0
77.0,254.0,0.02331,2.0
1367.0,14058.0,17.738958,29.0
1001.0,4628.0,17.73588,17.0
84.0,178.0,0.000473,2.0
84.0,520.0,0.000577,2.0
2048.0,868.0,90.289474,14.0
71.0,151.0,0.017415,2.0
68.0,115.0,0.036202,2.0
75.0,136.0,0.000983,2.0
75.0,136.0,0.000263,2.0
75.0,203.0,0.037507,2.0
71.0,151.0,0.00029,2.0
71.0,266.0,0.106432,2.0
68.0,115.0,0.000277,2.0
68.0,168.0,0.00034,2.0
73.0,137.0,0.036654,2.0
70.0,131.0,0.000254,2.0
70.0,131.0,0.000262,2.0
70.0,198.0,0.035556,2.0
73.0,137.0,0.000312,2.0
73.0,220.0,0.036163,2.0
75.0,136.0,0.000284,2.0
75.0,136.0,0.000392,2.0
75.0,203.0,0.030167,2.0
81.0,81.0,0.141479,2.0
79.0,144.0,0.000239,2.0
79.0,144.0,0.000145,2.0
79.0,245.0,0.000318,2.0
81.0,81.0,0.118994,2.0
81.0,142.0,0.119194,2.0
74.0,326.0,0.000892,2.0
74.0,326.0,0.000554,2.0
272.0,140.0,0.01842,6.0
74.0,326.0,0.000409,2.0
74.0,326.0,0.000361,2.0
272.0,206.0,0.017899,7.0
81.0,163.0,0.000394,2.0
81.0,199.0,0.000306,2.0
549.0,670.0,0.207955,10.0
74.0,326.0,0.000347,2.0
74.0,326.0,0.00034,2.0
272.0,140.0,0.017942,6.0
74.0,326.0,0.000422,2.0
74.0,326.0,0.000396,2.0
272.0,206.0,0.018421,7.0
74.0,326.0,0.000405,2.0
74.0,326.0,0.000395,2.0
272.0,140.0,0.01856,6.0
79.0,153.0,0.010037,2.0
79.0,495.0,0.000361,2.0
23835.0,3744.0,45.148865,39.0
81.0,163.0,0.000356,2.0
81.0,199.0,0.00041,2.0
549.0,670.0,0.225259,10.0
74.0,326.0,0.000354,2.0
74.0,326.0,0.000375,2.0
272.0,140.0,0.018361,6.0
74.0,326.0,0.000356,2.0
74.0,326.0,0.000403,2.0
272.0,140.0,0.019203,6.0
74.0,326.0,0.000456,2.0
74.0,326.0,0.000286,2.0
272.0,140.0,0.017942,6.0
74.0,138.0,0.003795,2.0
74.0,138.0,0.000256,2.0
74.0,172.0,0.002085,2.0
78.0,162.0,0.000281,2.0
78.0,504.0,0.000402,2.0
4293.0,1638.0,1.12135,16.0
73.0,171.0,0.000322,2.0
73.0,353.0,0.000402,2.0
2955.0,1131.0,1.462293,13.0
6033.0,21793.0,10.983087,47.0
2957.0,1136.0,0.335214,13.0
5687.0,2201.0,6.629082,20.0
81.0,163.0,0.000275,2.0
81.0,199.0,0.000202,2.0
549.0,670.0,0.24411,10.0
74.0,326.0,0.000398,2.0
74.0,326.0,0.000415,2.0
272.0,140.0,0.018505,6.0
72.0,151.0,0.000425,2.0
140.0,74.0,0.008864,3.0
75.0,132.0,0.00025,2.0
140.0,74.0,0.008879,3.0
140.0,74.0,0.008722,3.0
140.0,74.0,0.008766,3.0
140.0,74.0,0.009189,3.0
72.0,333.0,0.000389,2.0
75.0,132.0,0.000275,2.0
75.0,234.0,0.000299,2.0
140.0,74.0,0.007816,3.0
140.0,74.0,0.007963,3.0
140.0,74.0,0.007996,3.0
75.0,125.0,0.000359,2.0
75.0,125.0,0.00021,2.0
75.0,467.0,0.0003,2.0
70.0,120.0,0.000298,2.0
76.0,180.0,0.000309,2.0
70.0,120.0,0.000309,2.0
70.0,302.0,0.000323,2.0
76.0,362.0,0.000522,2.0
75.0,152.0,0.000176,2.0
74.0,155.0,0.010358,2.0
75.0,302.0,0.000412,2.0
79.0,189.0,0.00043,2.0
79.0,531.0,0.00046,2.0
75.0,75.0,0.247817,2.0
79.0,150.0,0.00026,2.0
79.0,492.0,0.000464,2.0
77.0,161.0,0.000335,2.0
77.0,327.0,0.00032,2.0
76.0,147.0,0.000303,2.0
76.0,489.0,0.000451,2.0
74.0,497.0,0.000516,2.0
79.0,184.0,0.000434,2.0
79.0,526.0,0.000426,2.0
74.0,144.0,0.00028,2.0
75.0,159.0,0.000233,2.0
74.0,326.0,0.000446,2.0
75.0,501.0,0.000378,2.0
75.0,75.0,0.248213,2.0
79.0,126.0,0.056415,2.0
80.0,131.0,0.188493,2.0
79.0,126.0,0.000177,2.0
79.0,177.0,0.058193,2.0
77.0,139.0,0.00024,2.0
77.0,139.0,0.00022,2.0
77.0,159.0,0.000374,2.0
90.0,176.0,0.000279,2.0
90.0,278.0,0.000317,2.0
77.0,123.0,0.338153,2.0
80.0,131.0,0.000276,2.0
80.0,166.0,0.050948,2.0
75.0,75.0,0.248689,2.0
75.0,144.0,0.239366,2.0
77.0,123.0,0.000309,2.0
77.0,148.0,0.159196,2.0
75.0,75.0,0.246969,2.0
75.0,144.0,0.000214,2.0
75.0,177.0,0.021429,2.0
72.0,140.0,0.068173,2.0
72.0,140.0,0.000305,2.0
72.0,146.0,0.03513,2.0
77.0,130.0,0.120066,2.0
77.0,124.0,0.000384,2.0
77.0,124.0,0.000201,2.0
77.0,175.0,0.05716,2.0
75.0,467.0,0.000365,2.0
77.0,130.0,0.000226,2.0
77.0,170.0,0.120039,2.0
10888.0,196521.0,4.051667,200.0
11857.0,165629.0,6.00196,187.0
7665.0,184839.0,2.796779,193.0
7343.0,199608.0,2.796327,207.0
8080.0,123615.0,2.622593,130.0
5788.0,98112.0,2.763068,106.0
84.0,193.0,0.000262,2.0
84.0,295.0,0.000428,2.0
737.0,340.0,0.018725,7.0
74.0,326.0,0.000464,2.0
74.0,326.0,0.000428,2.0
272.0,206.0,0.018323,7.0
84.0,178.0,0.000187,2.0
84.0,520.0,0.000425,2.0
1976.0,736.0,0.241971,10.0
71.0,143.0,0.020532,2.0
76.0,121.0,0.000599,2.0
76.0,184.0,0.266953,2.0
76.0,121.0,0.000391,2.0
76.0,162.0,0.00033,2.0
76.0,158.0,0.000248,2.0
76.0,432.0,0.000446,2.0
71.0,143.0,0.000281,2.0
71.0,269.0,0.02075,2.0
1394.0,536.0,0.017237,7.0
76.0,172.0,0.04616,2.0
780.0,929.0,19.99411,10.0
198.0,210.0,19.970207,6.0
198.0,210.0,19.970251,6.0
634.0,736.0,0.26291,6.0
165.0,0.0,0.0,1.0
399521.0,629313.0,3594.129883,3693.0
288.0,214.0,16.261908,7.0
288.0,214.0,16.261911,7.0
288.0,214.0,16.061949,7.0
288.0,214.0,16.061951,7.0
210.0,140.0,5.861332,5.0
4230.0,13003.0,268.576355,61.0
288.0,214.0,15.66188,7.0
288.0,214.0,15.661906,7.0
288.0,214.0,15.457957,7.0
480.0,540.0,283.640411,17.0
480.0,540.0,283.641083,17.0
540.0,582.0,283.520599,18.0
81.0,163.0,0.00034,2.0
81.0,199.0,0.000338,2.0
549.0,670.0,0.242282,10.0
74.0,326.0,0.000382,2.0
74.0,326.0,0.000368,2.0
272.0,140.0,0.018127,6.0
198.0,198.0,15.666392,6.0
1991.0,2421.0,1087.896851,63.0
5520.0,5520.0,3570.138672,184.0
18070.0,33519.0,3599.123047,412.0
7329.0,6765.0,3571.056641,178.0
74.0,326.0,0.000424,2.0
74.0,326.0,0.000385,2.0
272.0,206.0,0.018031,7.0
132.0,66.0,0.000643,3.0
132.0,66.0,0.000586,3.0
132.0,66.0,0.019448,3.0
132.0,66.0,0.019187,3.0
10170.0,10170.0,3579.803223,226.0
528.0,692.0,195.017059,17.0
528.0,692.0,195.005081,17.0
9249.0,3960.0,470.325897,48.0
44469.0,69958.0,3570.012451,574.0
74.0,326.0,0.000452,2.0
74.0,326.0,0.000287,2.0
272.0,140.0,0.018232,6.0
6351.0,7904.0,3570.126221,194.0
4380.0,4380.0,3570.126221,146.0
17652.0,43377.0,3583.966797,435.0
462.0,462.0,198.238205,14.0
462.0,462.0,198.08905,14.0
81.0,163.0,0.000278,2.0
81.0,199.0,0.000403,2.0
549.0,670.0,0.227555,10.0
74.0,326.0,0.000293,2.0
74.0,326.0,0.000388,2.0
272.0,140.0,0.018339,6.0
3330.0,3330.0,3325.872314,74.0
19204.0,59424.0,3566.67627,318.0
330.0,494.0,59.611095,11.0
4950.0,4950.0,3544.982178,110.0
3021.0,10119.0,423.62558,39.0
462.0,462.0,204.943649,14.0
74.0,326.0,0.000453,2.0
74.0,326.0,0.000326,2.0
272.0,206.0,0.018298,7.0
74.0,326.0,0.000383,2.0
74.0,326.0,0.000413,2.0
272.0,206.0,0.019309,7.0
875.0,1169.0,0.271564,15.0
1142.0,1507.0,0.316269,16.0
895.0,1169.0,0.280851,15.0
1142.0,1507.0,0.266339,16.0
1162.0,1515.0,0.263374,16.0
1162.0,1515.0,0.254835,16.0
81.0,163.0,0.000246,2.0
81.0,199.0,0.000318,2.0
549.0,670.0,0.239501,10.0
74.0,326.0,0.000438,2.0
74.0,326.0,0.000279,2.0
272.0,140.0,0.01795,6.0
74.0,326.0,0.00029,2.0
74.0,326.0,0.00023,2.0
272.0,140.0,0.018217,6.0
74.0,326.0,0.000248,2.0
74.0,326.0,0.000276,2.0
272.0,140.0,0.018047,6.0
74.0,326.0,0.000351,2.0
74.0,326.0,0.000384,2.0
272.0,140.0,0.018146,6.0
81.0,163.0,0.000286,2.0
81.0,199.0,0.000461,2.0
549.0,670.0,0.237474,10.0
132.0,66.0,0.019371,3.0
74.0,326.0,0.00047,2.0
74.0,326.0,0.000275,2.0
272.0,140.0,0.018589,6.0
132.0,66.0,0.000694,3.0
132.0,66.0,0.000735,3.0
767.0,732.0,1800.039307,16.0
74.0,326.0,0.000541,2.0
74.0,326.0,0.000324,2.0
272.0,206.0,0.017836,7.0
74.0,326.0,0.000416,2.0
74.0,326.0,0.00036,2.0
272.0,206.0,0.018479,7.0
81.0,163.0,0.000255,2.0
81.0,199.0,0.000229,2.0
549.0,670.0,0.251822,10.0
74.0,326.0,0.009725,2.0
74.0,326.0,0.000322,2.0
272.0,140.0,0.018945,6.0
74.0,326.0,0.000396,2.0
74.0,326.0,0.000315,2.0
272.0,140.0,0.018583,6.0
1890.0,1890.0,3501.535645,42.0
76.0,149.0,0.00029,2.0
76.0,222.0,0.000316,2.0
78.0,162.0,0.000303,2.0
78.0,344.0,0.00028,2.0
4038.0,1759.0,1.113244,18.0
73.0,171.0,0.000317,2.0
73.0,353.0,0.000473,2.0
64.0,139.0,0.023596,2.0
4818.0,23232.0,250.724274,61.0
272.0,140.0,10.707901,6.0
72.0,151.0,0.000248,2.0
272.0,140.0,10.707941,6.0
272.0,140.0,10.707806,6.0
75.0,132.0,0.000253,2.0
272.0,140.0,10.708083,6.0
74.0,144.0,0.000276,2.0
272.0,140.0,10.707989,6.0
72.0,333.0,0.000375,2.0
75.0,132.0,0.000307,2.0
74.0,326.0,0.000484,2.0
75.0,234.0,0.020129,2.0
64.0,139.0,0.000198,2.0
64.0,139.0,0.000224,2.0
64.0,139.0,0.000231,2.0
1433.0,7163.0,250.701431,29.0
75.0,125.0,0.00024,2.0
70.0,120.0,0.00024,2.0
76.0,180.0,0.00025,2.0
75.0,125.0,0.000213,2.0
70.0,120.0,0.000251,2.0
76.0,314.0,0.000344,2.0
70.0,302.0,0.00049,2.0
75.0,467.0,0.000594,2.0
75.0,152.0,0.000296,2.0
74.0,155.0,0.000268,2.0
79.0,189.0,0.00025,2.0
75.0,302.0,0.000291,2.0
74.0,337.0,0.000429,2.0
79.0,339.0,0.000306,2.0
75.0,75.0,0.143911,2.0
79.0,150.0,0.000422,2.0
77.0,161.0,0.000327,2.0
79.0,332.0,0.000272,2.0
77.0,295.0,0.000348,2.0
76.0,147.0,0.00015,2.0
79.0,184.0,0.000297,2.0
76.0,329.0,0.000406,2.0
79.0,366.0,0.000355,2.0
75.0,159.0,0.000286,2.0
75.0,309.0,0.000379,2.0
75.0,75.0,0.144656,2.0
75.0,75.0,0.144881,2.0
75.0,75.0,0.145078,2.0
74.0,174.0,0.000296,2.0
74.0,356.0,0.000298,2.0
1984.0,3487.0,250.005325,23.0
76.0,146.0,0.149787,2.0
76.0,181.0,0.00025,2.0
76.0,200.0,0.000557,2.0
87.0,168.0,0.735659,2.0
75.0,307.0,0.000364,2.0
79.0,148.0,0.392791,2.0
76.0,146.0,0.000308,2.0
76.0,240.0,0.178432,2.0
90.0,176.0,0.000267,2.0
90.0,278.0,0.00035,2.0
71.0,132.0,0.192213,2.0
79.0,197.0,0.193359,2.0
71.0,132.0,0.000214,2.0
71.0,199.0,0.173935,2.0
76.0,194.0,0.248806,2.0
72.0,147.0,0.121182,2.0
87.0,168.0,0.000236,2.0
87.0,359.0,0.348449,2.0
72.0,411.0,0.121391,2.0
76.0,458.0,0.043619,2.0
82.0,165.0,0.320886,2.0
80.0,153.0,0.491658,2.0
74.0,326.0,0.00047,2.0
74.0,326.0,0.000291,2.0
272.0,140.0,0.018344,6.0
73.0,127.0,0.114079,2.0
73.0,127.0,0.000219,2.0
73.0,205.0,0.116401,2.0
82.0,397.0,0.121689,2.0
79.0,136.0,0.064482,2.0
79.0,136.0,0.000275,2.0
79.0,140.0,0.039566,2.0
80.0,186.0,0.143731,2.0
81.0,163.0,0.025519,2.0
81.0,199.0,0.000357,2.0
549.0,669.0,0.252263,10.0
10019.0,228187.0,32.227577,222.0
1194.0,1677.0,82.230942,13.0
79.0,131.0,0.000173,2.0
1192.0,944.0,62.232075,13.0
1132.0,2059.0,12.226926,12.0
75.0,146.0,0.000233,2.0
1528.0,2480.0,302.247711,23.0
76.0,133.0,0.000307,2.0
1136.0,551.0,12.226857,11.0
79.0,131.0,0.000262,2.0
75.0,328.0,0.019575,2.0
79.0,181.0,0.000388,2.0
76.0,133.0,0.000298,2.0
76.0,235.0,0.000285,2.0
74.0,143.0,0.009903,2.0
70.0,136.0,0.0003,2.0
70.0,136.0,0.000195,2.0
70.0,153.0,0.000315,2.0
76.0,121.0,0.017558,2.0
74.0,325.0,0.021462,2.0
76.0,121.0,0.000218,2.0
76.0,162.0,0.000274,2.0
4884.0,7396.0,251.741074,36.0
81.0,217.0,0.000302,2.0
81.0,223.0,0.000213,2.0
81.0,223.0,0.00037,2.0
81.0,398.0,0.003851,2.0
81.0,500.0,0.004059,2.0
81.0,500.0,0.004739,2.0
81.0,223.0,0.00124,2.0
81.0,223.0,0.001045,2.0
81.0,223.0,0.001091,2.0
80.0,218.0,0.000933,2.0
79.0,215.0,0.001319,2.0
272.0,210.0,11.419453,7.0
272.0,210.0,11.41907,7.0
272.0,210.0,11.418997,7.0
272.0,210.0,11.419236,7.0
272.0,210.0,11.419219,7.0
81.0,500.0,0.004333,2.0
81.0,500.0,0.00313,2.0
81.0,500.0,0.004381,2.0
80.0,511.0,0.005629,2.0
79.0,396.0,0.005724,2.0
732.0,851.0,0.147647,10.0
2069.0,6140.0,301.3367,27.0
1903.0,28638.0,301.33667,48.0
1642.0,18752.0,301.336578,37.0
1433.0,3716.0,301.336578,25.0
272.0,140.0,11.316287,6.0
79.0,216.0,0.113583,2.0
272.0,140.0,11.331693,6.0
272.0,140.0,11.331567,6.0
272.0,140.0,11.331999,6.0
272.0,140.0,11.33145,6.0
272.0,140.0,11.331267,6.0
272.0,140.0,11.331651,6.0
272.0,140.0,11.331524,6.0
272.0,140.0,11.331441,6.0
272.0,140.0,11.331394,6.0
272.0,140.0,11.331479,6.0
272.0,140.0,11.322145,6.0
272.0,140.0,11.322218,6.0
272.0,140.0,11.321862,6.0
272.0,140.0,11.322179,6.0
272.0,140.0,11.32223,6.0
272.0,140.0,11.322284,6.0
272.0,140.0,11.313155,6.0
1041.0,3563.0,81.316933,16.0
1042.0,3309.0,111.318169,16.0
272.0,140.0,11.313132,6.0
1037.0,3046.0,81.31691,15.0
272.0,140.0,11.313177,6.0
272.0,140.0,11.306467,6.0
272.0,140.0,11.306712,6.0
272.0,140.0,11.306455,6.0
272.0,140.0,11.306703,6.0
272.0,140.0,11.306699,6.0
272.0,140.0,11.306731,6.0
79.0,365.0,0.002147,2.0
272.0,140.0,11.200144,6.0
272.0,140.0,11.200487,6.0
272.0,140.0,11.200123,6.0
77.0,136.0,0.000306,2.0
76.0,211.0,0.000295,2.0
74.0,133.0,0.000194,2.0
77.0,136.0,0.000159,2.0
74.0,133.0,0.000242,2.0
76.0,411.0,0.002512,2.0
77.0,209.0,0.000422,2.0
74.0,206.0,0.000636,2.0
78.0,166.0,0.00028,2.0
78.0,268.0,0.000356,2.0
74.0,133.0,0.000536,2.0
71.0,143.0,0.024889,2.0
74.0,133.0,0.000331,2.0
76.0,142.0,0.000285,2.0
74.0,206.0,0.0003,2.0
76.0,142.0,0.000228,2.0
77.0,131.0,0.000348,2.0
76.0,159.0,0.000318,2.0
77.0,131.0,0.000162,2.0
76.0,144.0,0.000329,2.0
77.0,240.0,0.000442,2.0
76.0,253.0,0.000371,2.0
79.0,79.0,0.000436,2.0
79.0,79.0,0.000336,2.0
79.0,79.0,0.000323,2.0
79.0,79.0,0.000314,2.0
79.0,223.0,0.031293,2.0
71.0,143.0,0.000217,2.0
71.0,269.0,0.000257,2.0
84.0,178.0,0.000264,2.0
84.0,312.0,0.00034,2.0
272.0,140.0,10.971207,6.0
964.0,1020.0,0.005474,9.0
83.0,181.0,0.0168,2.0
83.0,169.0,0.016949,2.0
66.0,131.0,0.000277,2.0
79.0,160.0,0.000252,2.0
79.0,193.0,0.000277,2.0
66.0,131.0,0.000214,2.0
66.0,232.0,0.00044,2.0
71.0,122.0,0.000322,2.0
71.0,122.0,0.000192,2.0
71.0,128.0,0.000303,2.0
913.0,922.0,0.027991,10.0
428.0,288.0,12.213369,10.0
92.0,167.0,0.000365,2.0
81.0,132.0,0.000371,2.0
80.0,217.0,0.000435,2.0
75.0,126.0,0.000316,2.0
70.0,185.0,0.000478,2.0
80.0,366.0,0.019637,2.0
81.0,132.0,0.000362,2.0
92.0,167.0,0.000451,2.0
75.0,126.0,0.000418,2.0
70.0,189.0,0.000477,2.0
81.0,138.0,0.000691,2.0
75.0,132.0,0.000782,2.0
92.0,167.0,0.000629,2.0
75.0,146.0,0.000602,2.0
92.0,167.0,0.000243,2.0
1773.0,24503.0,0.290325,38.0
75.0,328.0,0.000282,2.0
1954.0,60410.0,0.290348,62.0
1040.0,2520.0,0.250257,11.0
2494.0,54580.0,0.287583,65.0
1364.0,12456.0,0.171405,22.0
1171.0,5851.0,0.251351,14.0
1097.0,1572.0,0.28835,11.0
79.0,215.0,0.000303,2.0
76.0,136.0,0.00027,2.0
79.0,396.0,0.000436,2.0
76.0,142.0,0.000392,2.0
76.0,121.0,0.000215,2.0
84.0,178.0,0.000215,2.0
76.0,121.0,0.000114,2.0
84.0,312.0,0.000354,2.0
76.0,162.0,0.000232,2.0
1104.0,9751.0,0.05774,16.0
842.0,3770.0,11.949156,14.0
1287.0,14771.0,0.041143,22.0
1089.0,2919.0,0.039959,12.0
1022.0,1568.0,0.006327,10.0
1893.0,29612.0,0.009437,41.0
1038.0,1391.0,0.004327,10.0
2408.0,41768.0,0.01757,57.0
1025.0,1622.0,0.010679,10.0
2409.0,47689.0,0.018468,61.0
1288.0,10557.0,0.012688,19.0
1094.0,3064.0,0.012513,12.0
1095.0,2519.0,0.011793,12.0
1031.0,2187.0,0.008578,11.0
1033.0,1677.0,0.006725,10.0
1026.0,1723.0,0.007139,10.0
1027.0,2171.0,0.007111,11.0
1029.0,2146.0,0.005183,11.0
1028.0,2269.0,0.004985,11.0
3001.0,128394.0,1.258734,123.0
1027.0,1563.0,0.005274,10.0
1107.0,3601.0,0.005247,13.0
1754.0,23761.0,0.00945,35.0
1098.0,2787.0,0.0064,12.0
1037.0,2768.0,0.006829,11.0
1029.0,1571.0,0.006933,10.0
1820.0,25014.0,0.01302,38.0
1098.0,7431.0,0.011495,14.0
1028.0,3724.0,0.008133,12.0
1095.0,3708.0,0.008644,13.0
1992.0,31986.0,0.014908,43.0
1155.0,4659.0,0.007691,14.0
1023.0,4341.0,0.007676,12.0
1294.0,8944.0,0.009322,18.0
1098.0,4508.0,0.0074,13.0
1029.0,2106.0,0.007715,11.0
1028.0,2604.0,0.005806,11.0
1528.0,15799.0,0.007142,26.0
1028.0,2497.0,0.004439,11.0
1029.0,2209.0,0.005527,11.0
1328.0,11348.0,0.006167,20.0
1431.0,17417.0,0.007556,26.0
1029.0,3671.0,0.005242,12.0
1098.0,3251.0,0.004538,12.0
1028.0,2186.0,0.005082,11.0
1029.0,2226.0,0.005055,11.0
1535.0,15107.0,0.007364,25.0
1028.0,2076.0,0.004849,11.0
1029.0,2287.0,0.004908,11.0
1196.0,10590.0,0.0053,17.0
1029.0,2170.0,0.004895,11.0
1337.0,11653.0,0.00713,20.0
1028.0,2363.0,0.004642,11.0
1398.0,11292.0,0.00665,21.0
1029.0,2083.0,0.004736,11.0
1456.0,12673.0,0.007029,23.0
1029.0,2255.0,0.006275,11.0
1663.0,18446.0,0.008746,30.0
1095.0,2243.0,0.004863,12.0
1264.0,9727.0,0.009619,18.0
1443.0,13818.0,0.008389,23.0
1323.0,13782.0,0.009234,21.0
1592.0,17115.0,0.010039,28.0
1028.0,2272.0,0.007778,11.0
1029.0,2247.0,0.007486,11.0
1328.0,11807.0,0.008106,20.0
1459.0,11333.0,0.007648,22.0
1202.0,10582.0,0.009112,17.0
1532.0,16171.0,0.011271,26.0
1028.0,2260.0,0.007379,11.0
1029.0,2012.0,0.006233,11.0
1467.0,14533.0,0.009221,24.0
1529.0,14961.0,0.009348,25.0
1460.0,14257.0,0.010572,24.0
1095.0,2199.0,0.006762,12.0
1331.0,12210.0,0.008074,20.0
1532.0,12397.0,0.008948,24.0
1597.0,16607.0,0.00923,27.0
1458.0,15122.0,0.00896,24.0
1395.0,11712.0,0.007516,21.0
1028.0,1736.0,0.005348,10.0
1023.0,1637.0,0.005151,10.0
74.0,326.0,0.000425,2.0
74.0,326.0,0.000278,2.0
272.0,140.0,0.018043,6.0
718.0,807.0,0.007884,10.0
93.0,167.0,0.000425,2.0
93.0,349.0,0.000397,2.0
5204.0,1598.0,328.56308,33.0
980.0,884.0,0.004732,9.0
71.0,143.0,0.000192,2.0
71.0,143.0,0.000211,2.0
1030.0,776.0,0.004238,10.0
71.0,269.0,0.000356,2.0
1031.0,1948.0,0.004835,11.0
1041.0,788.0,0.00568,10.0
1360.0,10391.0,0.00827,20.0
1029.0,743.0,0.00556,10.0
1053.0,768.0,0.116678,10.0
997.0,2114.0,0.006484,11.0
1031.0,2772.0,0.006375,11.0
1028.0,1716.0,0.005171,10.0
1027.0,3557.0,0.00509,12.0
1021.0,2224.0,0.005171,11.0
1021.0,2243.0,0.005203,11.0
11979.0,4652.0,690.356445,66.0
74.0,326.0,0.000418,2.0
74.0,326.0,0.000279,2.0
272.0,140.0,0.017977,6.0
1469.0,13766.0,0.17958,22.0
2679.0,100830.0,0.083202,99.0
6576.0,63110.0,308.55722,96.0
1244.0,931.0,308.562378,22.0
75.0,145.0,0.000232,2.0
75.0,145.0,0.00032,2.0
272.0,206.0,18.38419,7.0
272.0,140.0,18.383522,6.0
25092.0,163207.0,628.428467,264.0
272.0,140.0,18.383989,6.0
272.0,140.0,18.383686,6.0
272.0,140.0,18.383202,6.0
76.0,133.0,0.000204,2.0
74.0,143.0,0.000318,2.0
74.0,143.0,0.000194,2.0
74.0,143.0,0.000266,2.0
75.0,279.0,0.010187,2.0
74.0,143.0,0.000428,2.0
76.0,133.0,0.000518,2.0
75.0,279.0,0.010248,2.0
74.0,325.0,0.00097,2.0
85.0,171.0,0.001034,2.0
74.0,325.0,0.001079,2.0
74.0,325.0,0.000997,2.0
76.0,235.0,0.000848,2.0
74.0,325.0,0.001013,2.0
85.0,273.0,0.000473,2.0
272.0,206.0,18.38217,7.0
272.0,206.0,18.382322,7.0
272.0,140.0,18.381483,6.0
20411.0,120921.0,628.426514,199.0
272.0,140.0,18.381271,6.0
272.0,206.0,18.382036,7.0
5798.0,71127.0,248.396484,99.0
272.0,140.0,18.382109,6.0
272.0,140.0,18.381699,6.0
272.0,140.0,18.381626,6.0
11516.0,134862.0,248.396729,185.0
272.0,140.0,18.381222,6.0
272.0,140.0,18.381838,6.0
272.0,140.0,18.382053,6.0
272.0,140.0,18.381487,6.0
272.0,206.0,18.382011,7.0
272.0,140.0,18.381048,6.0
272.0,140.0,18.381212,6.0
3103.0,2715.0,248.39653,27.0
9813.0,231121.0,248.396469,260.0
4120.0,12302.0,248.396469,39.0
4593.0,19808.0,248.396179,50.0
272.0,140.0,18.381615,6.0
272.0,140.0,18.381622,6.0
272.0,206.0,18.381855,7.0
272.0,140.0,18.381578,6.0
272.0,140.0,18.381254,6.0
272.0,140.0,18.381561,6.0
1549.0,3206.0,250.087341,31.0
272.0,140.0,18.381788,6.0
272.0,140.0,18.381945,6.0
272.0,140.0,18.382378,6.0
272.0,140.0,18.381613,6.0
272.0,140.0,18.382105,6.0
272.0,140.0,18.382624,6.0
272.0,140.0,18.381548,6.0
272.0,140.0,18.38166,6.0
272.0,140.0,18.382778,6.0
272.0,140.0,18.382771,6.0
272.0,140.0,18.381451,6.0
272.0,140.0,18.382313,6.0
1109.0,1609.0,0.005989,10.0
1100.0,2151.0,0.005676,11.0
1106.0,2111.0,0.005547,11.0
1109.0,2113.0,0.00558,11.0
1100.0,3806.0,0.006048,12.0
1438.0,14829.0,0.008246,23.0
1105.0,1744.0,0.007055,10.0
1108.0,1723.0,0.004938,10.0
2495.0,51055.0,0.01833,63.0
1245.0,4599.0,0.006168,14.0
2757.0,53406.0,0.083907,69.0
2856.0,60033.0,0.135312,74.0
1169.0,2674.0,0.009228,12.0
1105.0,2254.0,0.010688,11.0
1108.0,1764.0,0.010547,10.0
1310.0,10155.0,0.011395,18.0
1108.0,2225.0,0.010001,11.0
1103.0,2752.0,0.009443,11.0
1105.0,2254.0,0.00577,11.0
1108.0,1780.0,0.004488,10.0
2847.0,102867.0,0.124841,102.0
2774.0,92274.0,0.12457,94.0
2838.0,104807.0,0.124459,104.0
1161.0,5653.0,0.121738,13.0
79.0,155.0,0.013622,2.0
81.0,161.0,0.018341,2.0
1165.0,5348.0,0.060656,13.0
92.0,167.0,0.000438,2.0
81.0,217.0,0.000554,2.0
81.0,223.0,0.000654,2.0
81.0,223.0,0.000628,2.0
4956.0,45197.0,308.140289,70.0
81.0,220.0,0.000963,2.0
2779.0,13068.0,308.140015,38.0
80.0,218.0,0.001131,2.0
2515.0,9191.0,308.140167,31.0
5863.0,6762.0,308.140106,36.0
2384.0,3531.0,308.139893,25.0
272.0,210.0,18.218676,7.0
2482.0,1282.0,308.238098,24.0
2901.0,7195.0,308.238281,36.0
272.0,210.0,18.218479,7.0
272.0,210.0,18.218283,7.0
92.0,167.0,0.000738,2.0
81.0,398.0,0.000885,2.0
81.0,500.0,0.000971,2.0
81.0,500.0,0.004081,2.0
81.0,401.0,0.004516,2.0
80.0,511.0,0.002041,2.0
92.0,167.0,0.001961,2.0
272.0,140.0,18.118061,6.0
272.0,140.0,18.118027,6.0
272.0,140.0,18.133568,6.0
272.0,140.0,18.133968,6.0
92.0,167.0,0.000313,2.0
272.0,140.0,18.122931,6.0
272.0,140.0,18.122635,6.0
2067.0,2988.0,58.125099,16.0
272.0,140.0,18.122559,6.0
272.0,140.0,18.122559,6.0
272.0,140.0,18.122755,6.0
86.0,130.0,0.000312,2.0
272.0,140.0,18.130558,6.0
272.0,140.0,18.130915,6.0
86.0,130.0,0.000486,2.0
272.0,140.0,18.114437,6.0
272.0,140.0,18.114429,6.0
86.0,272.0,0.000532,2.0
79.0,162.0,0.005544,2.0
81.0,223.0,0.000389,2.0
81.0,500.0,0.000489,2.0
81.0,206.0,0.000356,2.0
1166.0,5239.0,0.010459,13.0
1108.0,2279.0,0.009609,11.0
1099.0,2414.0,0.00949,11.0
1100.0,2348.0,0.022874,11.0
1474.0,11653.0,0.022576,21.0
1100.0,2517.0,0.019759,11.0
1403.0,10959.0,0.019523,20.0
1099.0,2232.0,0.017325,11.0
1399.0,10590.0,0.017821,19.0
1403.0,11292.0,0.012254,20.0
1100.0,2439.0,0.011347,11.0
1530.0,11333.0,0.012264,22.0
1099.0,2536.0,0.011352,11.0
1267.0,11807.0,0.011954,18.0
1100.0,2496.0,0.01103,11.0
1527.0,12673.0,0.030032,23.0
1166.0,2476.0,0.029698,12.0
1273.0,10582.0,0.029904,17.0
1100.0,2377.0,0.02936,11.0
1402.0,12210.0,0.029535,20.0
1830.0,29643.0,0.029647,39.0
2489.0,50262.0,0.010704,63.0
74.0,144.0,0.000364,2.0
74.0,326.0,0.000356,2.0
2751.0,9409.0,247.880707,35.0
83.0,181.0,0.00024,2.0
83.0,169.0,0.000237,2.0
1235.0,641.0,0.158829,11.0
73.0,142.0,0.000537,2.0
73.0,324.0,0.000341,2.0
4504.0,2118.0,457.034637,36.0
1887.0,11421.0,246.862442,35.0
1822.0,9478.0,246.862381,33.0
74.0,326.0,0.000327,2.0
74.0,326.0,0.000407,2.0
272.0,140.0,0.0183,6.0
81.0,163.0,0.000247,2.0
81.0,199.0,0.000354,2.0
549.0,670.0,0.255171,10.0
74.0,326.0,0.000426,2.0
74.0,326.0,0.000507,2.0
272.0,140.0,0.018156,6.0
74.0,326.0,0.000602,2.0
74.0,326.0,0.000377,2.0
272.0,140.0,0.018326,6.0
74.0,326.0,0.000425,2.0
74.0,326.0,0.000455,2.0
272.0,206.0,0.01876,7.0
73.0,171.0,0.000354,2.0
73.0,353.0,0.000465,2.0
78.0,162.0,0.000193,2.0
78.0,344.0,0.000294,2.0
2778.0,1207.0,0.614924,14.0
1521.0,683.0,0.067229,10.0
81.0,163.0,0.000249,2.0
81.0,199.0,0.000328,2.0
549.0,670.0,0.252276,10.0
79.0,142.0,0.001968,2.0
79.0,142.0,0.000335,2.0
79.0,169.0,0.007945,2.0
1520.0,680.0,0.062648,10.0
892.0,645.0,0.716922,9.0
1105.0,10067.0,0.06407,19.0
272.0,206.0,13.15191,7.0
272.0,206.0,13.151452,7.0
72.0,136.0,0.000162,2.0
72.0,136.0,0.000194,2.0
72.0,173.0,0.000289,2.0
1556.0,22109.0,0.252722,36.0
83.0,176.0,0.000302,2.0
83.0,196.0,0.000351,2.0
75.0,140.0,0.3298,2.0
76.0,149.0,0.803909,2.0
83.0,150.0,1.042763,2.0
75.0,140.0,0.000223,2.0
75.0,174.0,0.133673,2.0
76.0,182.0,0.001783,2.0
83.0,150.0,0.0003,2.0
83.0,182.0,0.330194,2.0
1352.0,12366.0,0.026813,24.0
1203.0,22032.0,0.251024,29.0
896.0,645.0,0.003742,9.0
74.0,326.0,0.000377,2.0
74.0,326.0,0.000347,2.0
272.0,206.0,0.018125,7.0
74.0,326.0,0.00052,2.0
74.0,326.0,0.000411,2.0
272.0,140.0,0.01834,6.0
360.0,360.0,2999.903564,12.0
79.0,153.0,0.019703,2.0
79.0,335.0,0.000391,2.0
26652.0,5446.0,240.334366,66.0
71.0,137.0,0.000303,2.0
71.0,137.0,0.000257,2.0
71.0,154.0,0.000327,2.0
1873.0,1037.0,241.350632,21.0
1353.0,12527.0,0.30399,23.0
1023.0,1943.0,1.177218,11.0
428.0,288.0,11.231906,10.0
84.0,178.0,0.000207,2.0
1265.0,5194.0,4.742577,15.0
80.0,109.0,0.224472,2.0
1378.0,15659.0,3.956214,25.0
428.0,288.0,11.231649,10.0
84.0,312.0,0.00045,2.0
272.0,140.0,11.248104,6.0
272.0,140.0,11.248333,6.0
80.0,365.0,0.231761,2.0
84.0,146.0,0.000289,2.0
80.0,142.0,0.00024,2.0
80.0,193.0,0.000308,2.0
84.0,146.0,0.000261,2.0
80.0,142.0,0.000262,2.0
80.0,181.0,0.000313,2.0
84.0,179.0,0.000303,2.0
80.0,175.0,0.000301,2.0
76.0,121.0,0.000258,2.0
76.0,121.0,0.000155,2.0
76.0,162.0,0.000262,2.0
74.0,326.0,0.000414,2.0
74.0,326.0,0.000345,2.0
272.0,140.0,0.018736,6.0
81.0,211.0,0.053686,2.0
81.0,215.0,0.003938,2.0
81.0,163.0,0.000266,2.0
81.0,199.0,0.000253,2.0
549.0,669.0,0.26857,10.0
74.0,326.0,0.000364,2.0
74.0,326.0,0.000284,2.0
272.0,140.0,0.018713,6.0
1148.0,5322.0,2.33603,12.0
2936.0,133741.0,0.034459,126.0
71.0,151.0,0.000161,2.0
68.0,115.0,0.000283,2.0
71.0,143.0,0.000207,2.0
71.0,151.0,0.000258,2.0
68.0,115.0,0.000151,2.0
71.0,266.0,0.000245,2.0
68.0,168.0,0.0002,2.0
71.0,143.0,0.00019,2.0
71.0,269.0,0.000309,2.0
74.0,326.0,0.000303,2.0
74.0,326.0,0.000316,2.0
272.0,140.0,0.018367,6.0
65.0,140.0,0.000367,2.0
65.0,140.0,0.000277,2.0
74.0,135.0,0.000233,2.0
74.0,135.0,0.000202,2.0
74.0,202.0,0.000288,2.0
360.0,360.0,6.030002,8.0
141.0,0.0,0.0,1.0
74.0,326.0,0.000385,2.0
74.0,326.0,0.000429,2.0
272.0,140.0,0.018094,6.0
1237.0,5825.0,1.094416,13.0
81.0,163.0,0.000298,2.0
81.0,199.0,0.00029,2.0
549.0,670.0,0.400994,10.0
1237.0,5322.0,0.493466,13.0
74.0,326.0,0.000454,2.0
74.0,326.0,0.00038,2.0
272.0,140.0,0.018276,6.0
135.0,0.0,0.0,1.0
76.0,137.0,0.030566,2.0
165.0,0.0,0.0,1.0
1171.0,5825.0,0.655221,12.0
79.0,168.0,0.000324,2.0
79.0,270.0,0.019613,2.0
85.0,170.0,0.00031,2.0
85.0,207.0,0.00043,2.0
10761.0,16977.0,3359.675049,283.0
860.0,1195.0,14.421935,11.0
77.0,132.0,0.000271,2.0
77.0,132.0,1.2e-05,2.0
77.0,222.0,0.000401,2.0
7485.0,23060.0,3596.012695,142.0
79.0,183.0,0.000237,2.0
79.0,285.0,0.000346,2.0
889.0,1164.0,0.146673,10.0
84.0,169.0,0.000463,2.0
84.0,206.0,0.000334,2.0
3689.0,68977.0,14.071189,93.0
78.0,151.0,0.000185,2.0
78.0,151.0,0.000203,2.0
78.0,301.0,0.000426,2.0
887.0,1163.0,0.076386,10.0
77.0,150.0,0.000201,2.0
77.0,150.0,0.000309,2.0
77.0,252.0,0.000236,2.0
1027.0,1163.0,0.127193,10.0
1237.0,5322.0,0.52208,13.0
74.0,326.0,0.000369,2.0
74.0,326.0,0.000291,2.0
272.0,140.0,0.018383,6.0
3600.0,3600.0,3434.90625,80.0
1237.0,5825.0,0.478391,13.0
3327.0,3490.0,1810.894287,67.0
1237.0,5322.0,0.501915,13.0
3684.0,8194.0,1776.78479,59.0
74.0,326.0,0.000354,2.0
74.0,326.0,0.000311,2.0
272.0,140.0,0.018451,6.0
71.0,137.0,0.000173,2.0
71.0,137.0,0.000227,2.0
71.0,138.0,0.000196,2.0
1232.0,5479.0,1.044549,13.0
3689.0,119313.0,0.057599,127.0
76.0,121.0,0.00022,2.0
76.0,121.0,0.000324,2.0
76.0,162.0,0.000273,2.0
81.0,163.0,0.000217,2.0
81.0,199.0,0.000444,2.0
549.0,669.0,0.261915,10.0
74.0,326.0,0.000391,2.0
74.0,326.0,0.000398,2.0
272.0,140.0,0.01879,6.0
83.0,176.0,0.000286,2.0
83.0,196.0,0.000315,2.0
74.0,326.0,0.000398,2.0
74.0,326.0,0.000296,2.0
272.0,140.0,0.018555,6.0
74.0,326.0,0.000327,2.0
74.0,326.0,0.000387,2.0
272.0,140.0,0.018808,6.0
77.0,119.0,0.118311,2.0
77.0,246.0,0.020745,2.0
1300.0,5892.0,1.186021,21.0
97.0,147.0,0.000253,2.0
87.0,428.0,0.000466,2.0
79.0,129.0,0.000114,2.0
77.0,127.0,0.000154,2.0
77.0,127.0,0.000169,2.0
79.0,129.0,0.000215,2.0
77.0,229.0,0.000374,2.0
79.0,217.0,0.00038,2.0
83319.0,202650.0,3596.215576,950.0
81.0,163.0,0.000285,2.0
81.0,199.0,0.000235,2.0
549.0,670.0,0.282394,10.0
71.0,111.0,0.020414,2.0
71.0,238.0,0.02062,2.0
1731.0,5886.0,0.749763,24.0
77.0,145.0,0.207213,2.0
13435.0,58085.0,3563.969482,377.0
77.0,145.0,0.00023,2.0
77.0,257.0,0.000419,2.0
77.0,145.0,0.000359,2.0
77.0,145.0,0.000301,2.0
77.0,257.0,0.00036,2.0
77.0,127.0,0.020258,2.0
77.0,127.0,0.000299,2.0
77.0,229.0,0.009811,2.0
74.0,326.0,0.000415,2.0
74.0,326.0,0.000276,2.0
272.0,140.0,0.018509,6.0
5694.0,7302.0,3541.220215,173.0
11697.0,30079.0,3562.885498,329.0
74.0,326.0,0.000349,2.0
74.0,326.0,0.00037,2.0
272.0,140.0,0.018122,6.0
875.0,1169.0,0.243364,15.0
1142.0,1507.0,0.260135,16.0
895.0,1169.0,0.30913,15.0
1142.0,1507.0,0.309605,16.0
1162.0,1515.0,0.618593,16.0
1162.0,1515.0,0.445717,16.0
75.0,75.0,0.145247,2.0
75.0,75.0,0.144349,2.0
75.0,75.0,0.144871,2.0
75.0,75.0,0.144524,2.0
75.0,307.0,0.000366,2.0
3259.0,2072.0,240.556778,38.0
76.0,186.0,0.04826,2.0
75.0,106.0,0.017392,2.0
69.0,126.0,0.020502,2.0
75.0,303.0,0.01776,2.0
69.0,126.0,0.000287,2.0
69.0,276.0,0.000384,2.0
83.0,133.0,0.000276,2.0
83.0,133.0,0.000261,2.0
83.0,221.0,0.000208,2.0
75.0,132.0,0.000419,2.0
75.0,132.0,0.00017,2.0
75.0,234.0,0.000272,2.0
85.0,171.0,0.020198,2.0
97.0,183.0,0.01158,2.0
97.0,285.0,0.000463,2.0
85.0,273.0,0.000611,2.0
76.0,550.0,0.018682,2.0
75.0,152.0,0.000338,2.0
75.0,132.0,0.000272,2.0
75.0,132.0,0.000166,2.0
75.0,302.0,0.000338,2.0
75.0,234.0,0.000313,2.0
76.0,149.0,0.000225,2.0
76.0,222.0,0.000246,2.0
272.0,140.0,12.446063,6.0
272.0,140.0,12.445992,6.0
75.0,146.0,0.000388,2.0
74.0,143.0,0.000387,2.0
74.0,143.0,0.000339,2.0
74.0,325.0,0.000339,2.0
74.0,325.0,0.000451,2.0
75.0,328.0,0.000607,2.0
78.0,162.0,0.000218,2.0
78.0,344.0,0.000291,2.0
2347.0,1157.0,1.929162,14.0
73.0,171.0,0.000239,2.0
73.0,353.0,0.000302,2.0
22525.0,58659.0,141.638702,141.0
12105.0,38614.0,4.444984,88.0
92.0,167.0,0.000172,2.0
5933.0,3560.0,19.993219,28.0
75.0,132.0,0.000208,2.0
4455.0,2703.0,3.939593,23.0
4449.0,2699.0,3.787323,23.0
272.0,206.0,12.446977,7.0
92.0,167.0,0.000338,2.0
75.0,132.0,0.000264,2.0
75.0,234.0,0.000295,2.0
92.0,167.0,0.000209,2.0
92.0,167.0,0.00024,2.0
272.0,140.0,12.444971,6.0
272.0,140.0,12.445218,6.0
75.0,125.0,0.000205,2.0
70.0,120.0,0.019964,2.0
80.0,186.0,0.020637,2.0
75.0,125.0,0.000264,2.0
75.0,467.0,0.000521,2.0
76.0,180.0,0.000248,2.0
76.0,314.0,0.000332,2.0
75.0,152.0,0.000346,2.0
75.0,302.0,0.0003,2.0
74.0,155.0,0.000283,2.0
74.0,337.0,0.00034,2.0
74.0,174.0,0.000217,2.0
74.0,356.0,0.000384,2.0
79.0,189.0,0.000226,2.0
79.0,339.0,0.000411,2.0
79.0,150.0,0.020067,2.0
70.0,120.0,0.000344,2.0
70.0,302.0,0.01027,2.0
80.0,320.0,0.000413,2.0
77.0,161.0,0.000384,2.0
77.0,295.0,0.000303,2.0
76.0,147.0,0.000241,2.0
76.0,329.0,0.000274,2.0
79.0,184.0,0.000312,2.0
79.0,366.0,0.000319,2.0
75.0,157.0,0.000162,2.0
75.0,291.0,0.000335,2.0
74.0,144.0,0.000199,2.0
74.0,326.0,0.000379,2.0
75.0,159.0,0.00041,2.0
75.0,309.0,0.000352,2.0
79.0,332.0,0.01028,2.0
74.0,326.0,0.000411,2.0
74.0,326.0,0.000296,2.0
272.0,206.0,0.017842,7.0
2356.0,1146.0,0.488244,14.0
3532.0,1827.0,134.899292,22.0
78.0,162.0,0.000292,2.0
78.0,344.0,0.00039,2.0
1355.0,696.0,0.062622,10.0
272.0,140.0,16.060074,6.0
1533.0,2995.0,250.093918,31.0
1533.0,2995.0,250.094421,31.0
1533.0,2995.0,250.093903,31.0
571064.0,1167194.0,3580.681885,3922.0
1539.0,3023.0,250.096039,31.0
1549.0,3206.0,249.93808,31.0
87.0,166.0,0.019638,2.0
1549.0,3206.0,249.93782,31.0
1561.0,3222.0,249.938614,31.0
2191.0,3762.0,241.200378,36.0
1539.0,3023.0,249.939423,31.0
1539.0,3023.0,249.939789,31.0
1539.0,3023.0,249.938919,31.0
1539.0,3023.0,249.939438,31.0
75.0,75.0,0.144826,2.0
1539.0,3003.0,249.942245,31.0
3010.0,24307.0,241.612183,64.0
1539.0,3003.0,249.942307,31.0
99.0,185.0,0.000292,2.0
74.0,144.0,0.000176,2.0
74.0,326.0,0.000335,2.0
99.0,287.0,0.000455,2.0
1538.0,3022.0,249.939865,31.0
2741.0,3426.0,241.605988,36.0
1538.0,3022.0,249.940048,31.0
1563.0,3222.0,249.939301,31.0
1563.0,3222.0,249.939453,31.0
87.0,268.0,0.019923,2.0
1023.0,2471.0,3.514144,15.0
1551.0,3097.0,249.893127,31.0
3221.0,3764.0,243.546906,38.0
75.0,75.0,0.14506,2.0
75.0,75.0,0.144547,2.0
80.0,171.0,0.002206,2.0
79.0,168.0,0.000367,2.0
76.0,181.0,0.000241,2.0
76.0,200.0,0.000302,2.0
79.0,186.0,0.000404,2.0
77.0,129.0,0.008381,2.0
72.0,127.0,0.005438,2.0
80.0,196.0,0.000528,2.0
90.0,176.0,0.000277,2.0
90.0,278.0,0.001639,2.0
71.0,140.0,0.00019,2.0
71.0,203.0,0.000402,2.0
77.0,77.0,0.278183,2.0
72.0,127.0,0.00031,2.0
72.0,164.0,0.002691,2.0
77.0,129.0,0.000254,2.0
77.0,176.0,0.0057,2.0
79.0,167.0,0.016757,2.0
91.0,160.0,0.026464,2.0
79.0,247.0,0.007306,2.0
91.0,246.0,0.00316,2.0
75.0,75.0,0.144235,2.0
75.0,307.0,0.000405,2.0
1011.0,2768.0,6.269737,15.0
1539.0,3394.0,249.358521,31.0
77.0,77.0,0.273752,2.0
77.0,181.0,0.265538,2.0
74.0,144.0,0.000198,2.0
74.0,326.0,0.000252,2.0
1961.0,3514.0,241.18605,36.0
75.0,106.0,0.103772,2.0
75.0,303.0,0.017301,2.0
887.0,2007.0,0.317497,14.0
75.0,106.0,0.131594,2.0
75.0,303.0,0.275193,2.0
833.0,1816.0,0.531827,12.0
70.0,145.0,0.022406,2.0
70.0,145.0,0.001919,2.0
70.0,145.0,0.023367,2.0
70.0,145.0,0.000216,2.0
70.0,145.0,0.000275,2.0
70.0,145.0,0.000139,2.0
70.0,145.0,0.000184,2.0
70.0,145.0,0.000394,2.0
70.0,145.0,0.000303,2.0
70.0,145.0,0.000346,2.0
70.0,145.0,0.000333,2.0
70.0,145.0,0.000224,2.0
76.0,149.0,0.000337,2.0
76.0,222.0,0.000351,2.0
85.0,171.0,0.000178,2.0
85.0,171.0,0.000291,2.0
83.0,157.0,0.000308,2.0
1539.0,3394.0,243.155792,31.0
1539.0,3394.0,243.156143,31.0
4042.0,24600.0,240.236053,65.0
1539.0,3394.0,243.156311,31.0
84.0,170.0,0.000376,2.0
81.0,158.0,0.000287,2.0
85.0,273.0,0.000473,2.0
75.0,159.0,0.000276,2.0
83.0,339.0,0.000438,2.0
85.0,273.0,0.000602,2.0
84.0,272.0,0.000416,2.0
81.0,500.0,0.000596,2.0
75.0,309.0,0.00045,2.0
1549.0,3272.0,243.169434,32.0
1549.0,3272.0,243.169449,32.0
1483.0,3692.0,243.163193,32.0
1483.0,3692.0,243.162689,32.0
1483.0,3692.0,243.162155,32.0
1483.0,3626.0,243.153427,31.0
1549.0,3272.0,243.169952,32.0
1549.0,3272.0,243.170212,32.0
1548.0,3206.0,243.153915,31.0
1548.0,3272.0,243.173233,32.0
1548.0,3272.0,243.172516,32.0
1545.0,3410.0,243.154938,31.0
1545.0,3410.0,243.15477,31.0
1545.0,3410.0,243.155136,31.0
1545.0,3410.0,243.155548,31.0
1545.0,3410.0,243.155716,31.0
1539.0,3460.0,243.165695,32.0
1539.0,3460.0,243.165787,32.0
76.0,186.0,0.000178,2.0
76.0,550.0,0.000527,2.0
740.0,1904.0,40.290802,13.0
740.0,1939.0,40.290466,13.0
76.0,186.0,0.000217,2.0
76.0,550.0,0.000453,2.0
740.0,1939.0,40.282818,13.0
740.0,1904.0,40.282803,13.0
76.0,186.0,0.000336,2.0
76.0,550.0,0.00045,2.0
740.0,1904.0,40.266953,13.0
76.0,186.0,0.000219,2.0
76.0,550.0,0.000494,2.0
740.0,1904.0,40.259289,13.0
75.0,132.0,0.000238,2.0
75.0,132.0,0.000166,2.0
75.0,234.0,0.000331,2.0
1538.0,5610.0,249.94487,27.0
1103.0,3106.0,249.945023,23.0
75.0,132.0,0.000195,2.0
75.0,132.0,0.000267,2.0
81.0,163.0,0.00023,2.0
75.0,234.0,0.000296,2.0
81.0,199.0,0.000206,2.0
1103.0,3106.0,249.933884,23.0
75.0,132.0,0.000219,2.0
75.0,132.0,0.000231,2.0
75.0,234.0,0.000309,2.0
549.0,670.0,0.228404,10.0
1103.0,3106.0,249.931534,23.0
75.0,132.0,6.7e-05,2.0
75.0,132.0,0.000325,2.0
75.0,234.0,0.00033,2.0
272.0,140.0,19.970985,6.0
74.0,326.0,0.000269,2.0
74.0,326.0,0.000267,2.0
272.0,206.0,0.01856,7.0
75.0,75.0,0.144372,2.0
75.0,75.0,0.145495,2.0
75.0,75.0,0.151814,2.0
75.0,75.0,0.149708,2.0
75.0,307.0,0.000394,2.0
77119.0,446738.0,1127.772095,754.0
74.0,144.0,0.000246,2.0
74.0,326.0,0.000276,2.0
204759.0,204573.0,1832.167847,893.0
75.0,132.0,0.000179,2.0
75.0,132.0,0.000244,2.0
75.0,234.0,0.00034,2.0
5947.0,45549.0,304.779541,134.0
3682.0,15666.0,1.452186,36.0
106.0,192.0,0.000275,2.0
106.0,192.0,0.000258,2.0
85.0,171.0,0.000291,2.0
106.0,294.0,0.000438,2.0
106.0,294.0,0.000585,2.0
85.0,273.0,0.000464,2.0
85.0,171.0,0.00018,2.0
85.0,171.0,0.000257,2.0
83.0,157.0,0.000358,2.0
85.0,273.0,0.000358,2.0
85.0,273.0,0.000351,2.0
83.0,339.0,0.000438,2.0
84.0,170.0,0.00028,2.0
84.0,272.0,0.000345,2.0
1701.0,1038.0,0.831881,12.0
1702.0,1106.0,0.831668,13.0
76.0,147.0,0.010003,2.0
76.0,329.0,0.000349,2.0
7168.0,62309.0,241.105835,106.0
72.0,122.0,0.291808,2.0
81.0,168.0,0.007179,2.0
79.0,157.0,0.036558,2.0
81.0,192.0,0.002458,2.0
79.0,136.0,0.012615,2.0
79.0,136.0,0.000251,2.0
79.0,162.0,0.005527,2.0
80.0,143.0,0.132722,2.0
79.0,189.0,0.002304,2.0
86.0,141.0,0.013408,2.0
86.0,141.0,0.000315,2.0
86.0,227.0,0.006744,2.0
82.0,145.0,0.105465,2.0
82.0,164.0,0.009879,2.0
82.0,266.0,0.000551,2.0
80.0,143.0,0.000213,2.0
80.0,244.0,0.105471,2.0
82.0,145.0,0.000572,2.0
82.0,149.0,0.107775,2.0
72.0,148.0,0.102368,2.0
72.0,122.0,0.000156,2.0
72.0,147.0,0.188447,2.0
72.0,148.0,0.000212,2.0
72.0,152.0,0.11045,2.0
74.0,326.0,0.000347,2.0
74.0,326.0,0.000366,2.0
272.0,140.0,0.018287,6.0
75.0,126.0,0.038385,2.0
92.0,167.0,0.000369,2.0
80.0,217.0,0.000447,2.0
70.0,213.0,0.00323,2.0
81.0,132.0,0.013598,2.0
76.0,136.0,0.001078,2.0
84.0,178.0,0.001085,2.0
80.0,366.0,0.009846,2.0
92.0,167.0,0.001287,2.0
76.0,142.0,0.000486,2.0
84.0,312.0,0.00062,2.0
92.0,167.0,0.000453,2.0
272.0,140.0,13.526715,6.0
428.0,354.0,13.529686,11.0
428.0,354.0,13.544004,11.0
92.0,167.0,0.000328,2.0
70.0,217.0,0.002151,2.0
81.0,132.0,0.0002,2.0
81.0,138.0,0.005175,2.0
1149.0,768.0,2.288716,10.0
428.0,288.0,13.489745,10.0
428.0,288.0,13.489595,10.0
75.0,126.0,0.000226,2.0
75.0,132.0,0.005245,2.0
1369.0,13772.0,0.420028,21.0
428.0,288.0,13.46633,10.0
428.0,288.0,13.466191,10.0
428.0,288.0,13.466188,10.0
428.0,288.0,13.466361,10.0
428.0,288.0,13.466097,10.0
272.0,140.0,12.73294,6.0
272.0,140.0,12.732511,6.0
272.0,206.0,12.732964,7.0
272.0,140.0,12.73285,6.0
272.0,140.0,12.732463,6.0
272.0,140.0,12.732743,6.0
272.0,140.0,12.732732,6.0
272.0,140.0,12.732832,6.0
272.0,140.0,12.73242,6.0
272.0,140.0,12.733107,6.0
272.0,140.0,12.732701,6.0
272.0,140.0,12.732707,6.0
272.0,140.0,12.733381,6.0
272.0,140.0,12.732407,6.0
272.0,140.0,12.733166,6.0
272.0,140.0,12.733167,6.0
73.0,142.0,0.020331,2.0
74.0,143.0,0.000508,2.0
74.0,143.0,0.000569,2.0
85.0,171.0,0.000586,2.0
76.0,121.0,0.000585,2.0
71.0,143.0,0.000833,2.0
74.0,325.0,0.000494,2.0
85.0,273.0,0.00046,2.0
74.0,325.0,0.000534,2.0
76.0,121.0,0.000529,2.0
71.0,143.0,0.000313,2.0
76.0,162.0,0.000271,2.0
272.0,140.0,12.440869,6.0
272.0,140.0,12.441309,6.0
272.0,140.0,12.440476,6.0
71.0,269.0,0.000334,2.0
272.0,140.0,12.440914,6.0
272.0,140.0,12.440863,6.0
272.0,140.0,12.440776,6.0
272.0,140.0,12.441074,6.0
272.0,206.0,12.440811,7.0
272.0,140.0,12.441034,6.0
272.0,206.0,12.441101,7.0
79.0,155.0,0.000202,2.0
81.0,161.0,0.000324,2.0
79.0,162.0,0.000347,2.0
81.0,206.0,0.000309,2.0
73.0,324.0,0.009808,2.0
272.0,206.0,12.411415,7.0
272.0,140.0,12.410593,6.0
74.0,326.0,0.000389,2.0
74.0,326.0,0.000351,2.0
272.0,140.0,0.01804,6.0
74.0,326.0,0.000338,2.0
74.0,326.0,0.000311,2.0
272.0,140.0,0.017639,6.0
81.0,163.0,0.000368,2.0
81.0,199.0,0.00031,2.0
549.0,670.0,0.239997,10.0
73.0,148.0,0.000293,2.0
73.0,148.0,0.000231,2.0
74.0,326.0,0.000337,2.0
74.0,326.0,0.000317,2.0
272.0,140.0,0.018531,6.0
75.0,125.0,0.000382,2.0
75.0,125.0,0.000145,2.0
75.0,467.0,0.00038,2.0
474152.0,1125404.0,3595.362549,2547.0
74.0,326.0,0.000411,2.0
74.0,326.0,0.000454,2.0
272.0,140.0,0.018102,6.0
83.0,162.0,0.000257,2.0
83.0,504.0,0.00032,2.0
1547.0,3410.0,250.077118,31.0
9180.0,6106.0,294.936462,57.0
74.0,326.0,0.009936,2.0
74.0,326.0,0.000351,2.0
272.0,206.0,0.018152,7.0
81.0,163.0,0.000339,2.0
81.0,199.0,0.000505,2.0
549.0,670.0,0.216744,10.0
73.0,123.0,0.000317,2.0
73.0,123.0,0.000358,2.0
73.0,465.0,0.019842,2.0
1537.0,3394.0,249.660355,31.0
74.0,326.0,0.000567,2.0
74.0,326.0,0.000324,2.0
272.0,206.0,0.018093,7.0
85.0,171.0,0.00043,2.0
74.0,144.0,0.000366,2.0
75.0,132.0,0.000263,2.0
74.0,326.0,0.000307,2.0
85.0,273.0,0.00034,2.0
75.0,132.0,0.000382,2.0
75.0,234.0,0.000336,2.0
74.0,326.0,0.000352,2.0
74.0,326.0,0.000268,2.0
272.0,206.0,0.018478,7.0
74.0,326.0,0.000529,2.0
74.0,326.0,0.00027,2.0
272.0,206.0,0.018332,7.0
81.0,163.0,0.000295,2.0
81.0,199.0,0.000234,2.0
549.0,670.0,0.248701,10.0
74.0,326.0,0.000439,2.0
74.0,326.0,0.00029,2.0
272.0,140.0,0.018565,6.0
85.0,166.0,0.024471,2.0
85.0,166.0,0.000378,2.0
85.0,305.0,0.000455,2.0
858.0,320.0,0.363737,10.0
74.0,326.0,0.000349,2.0
74.0,326.0,0.000549,2.0
272.0,140.0,0.018064,6.0
74.0,326.0,0.000358,2.0
74.0,326.0,0.000371,2.0
272.0,140.0,0.017758,6.0
75.0,146.0,0.000253,2.0
75.0,328.0,0.000368,2.0
67.0,113.0,7.9e-05,2.0
67.0,113.0,0.000276,2.0
67.0,230.0,0.000376,2.0
1001.0,712.0,8.066583,11.0
71.0,131.0,0.00035,2.0
71.0,248.0,0.000424,2.0
80.0,159.0,0.033911,2.0
82.0,161.0,0.106945,2.0
82.0,202.0,0.329185,2.0
87.0,170.0,0.001058,2.0
79.0,158.0,0.030989,2.0
76.0,121.0,0.001088,2.0
4536.0,26408.0,8.022523,43.0
2493.0,2438.0,23.349781,19.0
84.0,178.0,0.000893,2.0
428.0,288.0,18.023127,10.0
87.0,320.0,0.002304,2.0
76.0,121.0,0.002097,2.0
84.0,312.0,0.002131,2.0
76.0,162.0,0.000292,2.0
72.0,129.0,0.00185,2.0
272.0,140.0,18.037657,6.0
272.0,140.0,18.037764,6.0
272.0,140.0,18.037317,6.0
43921.0,16310.0,988.100586,153.0
7230.0,33917.0,368.143585,73.0
272.0,210.0,18.11721,7.0
10894.0,37781.0,778.166565,99.0
72.0,129.0,0.000168,2.0
72.0,189.0,0.000296,2.0
71.0,128.0,0.000173,2.0
71.0,128.0,0.000178,2.0
71.0,188.0,0.000188,2.0
79.0,188.0,0.002393,2.0
80.0,189.0,0.000372,2.0
3033.0,55129.0,7.988565,70.0
2170.0,48116.0,7.988436,58.0
783.0,2015.0,7.988388,12.0
2432.0,77210.0,7.988359,80.0
804.0,3234.0,7.988276,12.0
867.0,3907.0,7.988267,14.0
82.0,211.0,0.00039,2.0
4526.0,87248.0,7.91462,94.0
4022.0,99780.0,7.914875,100.0
2933.0,27909.0,7.914321,41.0
2867.0,28772.0,7.914784,40.0
3760.0,57673.0,7.914781,68.0
82.0,466.0,0.039011,2.0
4363.0,106231.0,7.396172,109.0
80.0,159.0,0.002503,2.0
71.0,143.0,0.024966,2.0
71.0,170.0,0.002232,2.0
71.0,204.0,0.105362,2.0
80.0,209.0,0.000425,2.0
77.0,128.0,0.000234,2.0
77.0,128.0,0.000227,2.0
77.0,178.0,0.004715,2.0
71.0,122.0,0.00025,2.0
71.0,122.0,0.000225,2.0
71.0,172.0,0.000246,2.0
78.0,129.0,0.000359,2.0
78.0,129.0,0.00023,2.0
78.0,179.0,0.004022,2.0
78.0,143.0,0.000293,2.0
78.0,193.0,0.000213,2.0
71.0,143.0,0.000205,2.0
71.0,269.0,0.021003,2.0
1378.0,914.0,16.918684,14.0
81.0,163.0,0.000247,2.0
81.0,199.0,0.000265,2.0
549.0,669.0,0.285775,10.0
84.0,193.0,0.000344,2.0
84.0,295.0,0.000472,2.0
5036.0,5435.0,305.605652,33.0
81.0,217.0,0.000216,2.0
81.0,223.0,0.013612,2.0
81.0,223.0,0.000332,2.0
81.0,223.0,0.00019,2.0
81.0,223.0,0.000286,2.0
81.0,398.0,0.004069,2.0
81.0,223.0,0.001252,2.0
80.0,218.0,0.001148,2.0
81.0,548.0,0.013429,2.0
272.0,210.0,15.57468,7.0
79.0,215.0,0.001226,2.0
81.0,548.0,0.013537,2.0
272.0,210.0,15.574567,7.0
81.0,548.0,0.014564,2.0
272.0,210.0,15.574285,7.0
80.0,495.0,0.004304,2.0
81.0,548.0,0.013614,2.0
79.0,396.0,0.004613,2.0
272.0,140.0,15.469689,6.0
272.0,140.0,15.46965,6.0
350.0,214.0,15.46966,8.0
79.0,216.0,0.000485,2.0
272.0,140.0,15.469591,6.0
272.0,140.0,15.469553,6.0
272.0,140.0,15.475594,6.0
272.0,140.0,15.475702,6.0
79.0,365.0,0.002294,2.0
272.0,140.0,15.475754,6.0
272.0,140.0,15.475589,6.0
272.0,140.0,15.475575,6.0
272.0,140.0,15.475616,6.0
272.0,140.0,15.467295,6.0
272.0,140.0,15.467216,6.0
272.0,140.0,15.467168,6.0
272.0,140.0,15.467407,6.0
272.0,140.0,15.46735,6.0
272.0,206.0,15.46735,7.0
272.0,140.0,15.463255,6.0
272.0,140.0,15.463235,6.0
81.0,548.0,0.002478,2.0
272.0,206.0,15.476077,7.0
272.0,140.0,15.475673,6.0
272.0,140.0,15.475634,6.0
272.0,140.0,15.475551,6.0
272.0,140.0,15.475247,6.0
272.0,140.0,15.474646,6.0
272.0,140.0,15.474053,6.0
272.0,140.0,15.474264,6.0
272.0,140.0,15.474483,6.0
272.0,140.0,15.473688,6.0
272.0,140.0,15.47401,6.0
71.0,122.0,0.000288,2.0
71.0,122.0,0.000215,2.0
5746.0,3372.0,305.409821,33.0
71.0,172.0,0.0002,2.0
91.0,165.0,0.000263,2.0
91.0,507.0,0.000405,2.0
2098.0,1888.0,240.097931,22.0
89.0,174.0,0.000267,2.0
89.0,308.0,0.020137,2.0
7228.0,5766.0,249.999557,33.0
76.0,149.0,0.000287,2.0
76.0,222.0,0.000445,2.0
977.0,4748.0,0.409918,11.0
74.0,143.0,0.00027,2.0
74.0,143.0,0.000273,2.0
74.0,325.0,0.000383,2.0
74.0,325.0,0.000341,2.0
73.0,171.0,0.000316,2.0
73.0,353.0,0.000336,2.0
92.0,167.0,0.000219,2.0
3054.0,1896.0,4.018741,18.0
3050.0,1881.0,3.564374,18.0
75.0,132.0,0.000178,2.0
3051.0,1894.0,3.867352,18.0
2204.0,14961.0,4.481109,31.0
5910.0,3570.0,7.048136,28.0
75.0,132.0,0.000188,2.0
92.0,167.0,0.000233,2.0
92.0,167.0,0.000136,2.0
75.0,234.0,0.000264,2.0
92.0,167.0,0.000135,2.0
272.0,140.0,14.533614,6.0
272.0,140.0,14.533327,6.0
80.0,186.0,0.000266,2.0
75.0,125.0,0.000199,2.0
70.0,120.0,0.000178,2.0
70.0,120.0,0.000289,2.0
80.0,320.0,0.019859,2.0
75.0,125.0,0.000291,2.0
70.0,302.0,0.000526,2.0
75.0,467.0,0.000341,2.0
76.0,180.0,0.000259,2.0
75.0,152.0,0.000214,2.0
76.0,314.0,0.000298,2.0
75.0,302.0,0.000441,2.0
74.0,155.0,0.000243,2.0
74.0,174.0,0.000256,2.0
74.0,337.0,0.000335,2.0
74.0,356.0,0.000484,2.0
79.0,189.0,0.000224,2.0
75.0,75.0,0.144743,2.0
79.0,339.0,0.000453,2.0
79.0,150.0,0.00023,2.0
79.0,332.0,0.000326,2.0
77.0,161.0,0.000281,2.0
77.0,295.0,0.000398,2.0
76.0,147.0,0.000268,2.0
76.0,489.0,0.000348,2.0
79.0,184.0,0.000299,2.0
79.0,526.0,0.000481,2.0
75.0,157.0,0.000177,2.0
75.0,291.0,0.000289,2.0
74.0,144.0,0.000239,2.0
74.0,326.0,0.000434,2.0
75.0,159.0,0.000148,2.0
75.0,309.0,0.000311,2.0
75.0,75.0,0.144842,2.0
78.0,162.0,0.000279,2.0
78.0,504.0,0.000346,2.0
1296.0,679.0,0.088319,10.0
75.0,75.0,0.145338,2.0
75.0,75.0,0.143956,2.0
75.0,307.0,0.000391,2.0
3379.0,1665.0,1.360056,18.0
2348.0,1138.0,0.628,14.0
74.0,326.0,0.000366,2.0
74.0,326.0,0.000279,2.0
272.0,206.0,0.018099,7.0
1310.0,645.0,0.451186,10.0
4977.0,16956.0,3.829949,39.0
13263.0,36960.0,290.60321,98.0
1312.0,647.0,0.272499,10.0
4502.0,2747.0,2.638164,23.0
3430.0,2260.0,249.843872,28.0
1315.0,650.0,0.092408,10.0
1317.0,652.0,0.096041,10.0
1319.0,654.0,0.305347,10.0
1322.0,657.0,0.288373,10.0
1323.0,658.0,0.112927,10.0
87.0,149.0,0.010211,2.0
76.0,181.0,0.000664,2.0
79.0,168.0,0.000598,2.0
76.0,200.0,0.000476,2.0
79.0,186.0,0.000548,2.0
74.0,147.0,0.000719,2.0
77.0,77.0,0.011679,2.0
74.0,148.0,0.000871,2.0
78.0,78.0,0.005676,2.0
78.0,78.0,0.005383,2.0
87.0,149.0,0.000327,2.0
87.0,190.0,0.002321,2.0
90.0,176.0,0.000477,2.0
77.0,77.0,0.002285,2.0
90.0,278.0,0.000451,2.0
74.0,144.0,0.006139,2.0
78.0,139.0,0.00508,2.0
77.0,160.0,0.002776,2.0
77.0,77.0,0.262615,2.0
74.0,150.0,0.253381,2.0
74.0,145.0,0.003315,2.0
83.0,162.0,0.073918,2.0
83.0,238.0,0.006371,2.0
74.0,186.0,0.130275,2.0
77.0,77.0,0.138232,2.0
77.0,181.0,0.137145,2.0
74.0,326.0,0.000311,2.0
74.0,326.0,0.00028,2.0
272.0,206.0,0.018003,7.0
1477.0,12296.0,11.612076,21.0
1877.0,12883.0,11.018082,25.0
350.0,214.0,14.047635,8.0
272.0,140.0,14.047863,6.0
272.0,140.0,14.047722,6.0
272.0,206.0,14.063539,7.0
272.0,140.0,14.053799,6.0
272.0,140.0,14.054028,6.0
272.0,140.0,14.053668,6.0
272.0,140.0,14.05359,6.0
272.0,140.0,14.053839,6.0
272.0,140.0,14.053466,6.0
272.0,140.0,14.04731,6.0
272.0,140.0,14.047245,6.0
272.0,140.0,14.047425,6.0
272.0,140.0,14.047421,6.0
272.0,140.0,14.04734,6.0
272.0,140.0,14.0473,6.0
272.0,210.0,14.145726,7.0
272.0,210.0,14.14572,7.0
272.0,210.0,14.145808,7.0
272.0,210.0,14.145758,7.0
1297.0,5382.0,10.859592,17.0
1297.0,4476.0,10.859212,16.0
1297.0,5144.0,10.859227,16.0
1296.0,5051.0,10.858899,16.0
1297.0,4741.0,10.858521,16.0
1382.0,6369.0,14.035685,18.0
1377.0,8239.0,14.035636,19.0
1314.0,1959.0,14.035374,14.0
1324.0,7319.0,14.035363,17.0
865.0,3677.0,14.034789,14.0
865.0,5579.0,14.035069,15.0
813.0,593.0,11.883581,11.0
74.0,326.0,0.000412,2.0
74.0,326.0,0.000303,2.0
272.0,206.0,0.018165,7.0
81.0,163.0,0.000321,2.0
81.0,199.0,0.000361,2.0
549.0,670.0,0.229188,10.0
79.0,153.0,0.000598,2.0
79.0,495.0,0.000759,2.0
25299.0,4502.0,240.364975,56.0
1977.0,15533.0,13.178995,27.0
2399.0,23907.0,13.063952,32.0
850.0,593.0,11.761262,11.0
74.0,326.0,0.000459,2.0
74.0,326.0,0.000405,2.0
272.0,206.0,0.017983,7.0
77.0,144.0,0.029126,2.0
81.0,168.0,0.000352,2.0
70.0,120.0,0.000357,2.0
70.0,120.0,0.000396,2.0
81.0,208.0,0.00054,2.0
70.0,126.0,0.000373,2.0
80.0,171.0,0.001809,2.0
77.0,147.0,0.006593,2.0
80.0,196.0,0.000678,2.0
74.0,140.0,0.013212,2.0
77.0,147.0,0.000241,2.0
77.0,175.0,0.023493,2.0
74.0,181.0,0.004869,2.0
78.0,142.0,0.026234,2.0
77.0,168.0,0.001724,2.0
78.0,161.0,0.019686,2.0
73.0,126.0,0.000298,2.0
73.0,126.0,0.000232,2.0
73.0,130.0,0.009386,2.0
70.0,129.0,0.001866,2.0
70.0,129.0,0.0004,2.0
70.0,127.0,0.003038,2.0
78.0,141.0,0.002188,2.0
78.0,340.0,0.002227,2.0
74.0,326.0,0.00047,2.0
74.0,326.0,0.000397,2.0
272.0,206.0,0.018362,7.0
4795.0,70673.0,0.457134,81.0
76.0,144.0,0.000136,2.0
73.0,125.0,0.000152,2.0
73.0,125.0,0.000239,2.0
76.0,144.0,0.000332,2.0
73.0,156.0,0.122133,2.0
76.0,160.0,0.000831,2.0
85.0,166.0,0.000571,2.0
85.0,348.0,0.000302,2.0
856.0,897.0,24.298632,11.0
12443.0,3848.0,634.241699,56.0
73.0,144.0,0.000292,2.0
73.0,380.0,0.000316,2.0
842.0,795.0,0.372999,10.0
3532.0,12990.0,0.180373,27.0
79.0,163.0,0.000311,2.0
6165.0,169257.0,0.178571,170.0
79.0,265.0,0.00032,2.0
1539.0,7310.0,244.216812,29.0
2835.0,55842.0,244.205322,82.0
3235.0,49902.0,9.72093,62.0
2983.0,11035.0,9.720753,25.0
700.0,709.0,0.138297,10.0
4677.0,85753.0,0.818599,91.0
67.0,120.0,0.000365,2.0
76.0,121.0,0.000368,2.0
73.0,128.0,0.00896,2.0
67.0,120.0,0.000658,2.0
76.0,121.0,0.000594,2.0
67.0,125.0,0.000261,2.0
76.0,162.0,0.000237,2.0
1699.0,6521.0,9.557116,18.0
946.0,813.0,9.556662,11.0
73.0,128.0,0.000305,2.0
73.0,132.0,0.001922,2.0
1235.0,771.0,24.004185,11.0
75.0,146.0,0.002206,2.0
75.0,150.0,0.000284,2.0
1508.0,8292.0,13.38055,18.0
890.0,4269.0,13.286217,13.0
956.0,3533.0,13.286179,14.0
956.0,4137.0,13.286015,14.0
2616.0,10063.0,13.285991,22.0
890.0,3614.0,13.285888,13.0
79.0,145.0,0.372575,2.0
79.0,145.0,0.000268,2.0
79.0,183.0,0.004498,2.0
74.0,326.0,0.000402,2.0
74.0,326.0,0.000348,2.0
272.0,206.0,0.018129,7.0
71.0,131.0,0.000244,2.0
71.0,248.0,0.000392,2.0
2597.0,24056.0,15.741194,33.0
81.0,217.0,0.000215,2.0
81.0,223.0,0.000288,2.0
80.0,218.0,0.000314,2.0
81.0,223.0,0.000409,2.0
81.0,398.0,0.002718,2.0
79.0,215.0,0.000502,2.0
76.0,121.0,0.000488,2.0
80.0,511.0,0.000458,2.0
81.0,516.0,0.000691,2.0
81.0,548.0,0.001256,2.0
76.0,121.0,0.001086,2.0
79.0,396.0,0.001387,2.0
272.0,140.0,15.453167,6.0
76.0,162.0,0.000558,2.0
272.0,206.0,15.452681,7.0
272.0,206.0,15.452616,7.0
81.0,223.0,0.000231,2.0
272.0,140.0,15.445301,6.0
272.0,140.0,15.445433,6.0
81.0,223.0,0.000216,2.0
272.0,140.0,15.4454,6.0
81.0,548.0,0.000387,2.0
272.0,210.0,15.543551,7.0
81.0,548.0,0.000444,2.0
81.0,223.0,0.000445,2.0
272.0,210.0,15.54347,7.0
79.0,216.0,0.000278,2.0
81.0,548.0,0.000542,2.0
79.0,365.0,0.0004,2.0
82.0,161.0,0.004053,2.0
80.0,159.0,0.003843,2.0
71.0,122.0,0.000435,2.0
71.0,122.0,0.00028,2.0
71.0,172.0,0.011034,2.0
82.0,191.0,0.002414,2.0
80.0,189.0,0.002445,2.0
79.0,158.0,0.053699,2.0
71.0,143.0,0.000404,2.0
71.0,143.0,0.00141,2.0
71.0,269.0,0.000481,2.0
71.0,170.0,0.000359,2.0
71.0,204.0,0.000333,2.0
77.0,128.0,0.000307,2.0
77.0,128.0,0.00017,2.0
77.0,178.0,0.000211,2.0
71.0,122.0,0.000203,2.0
71.0,122.0,0.000166,2.0
78.0,129.0,0.000182,2.0
71.0,172.0,0.000259,2.0
78.0,129.0,0.000277,2.0
78.0,143.0,0.000279,2.0
78.0,179.0,0.000309,2.0
78.0,193.0,0.000205,2.0
81.0,163.0,0.001801,2.0
81.0,199.0,0.00026,2.0
549.0,670.0,0.233288,10.0
79.0,188.0,0.000339,2.0
80.0,159.0,0.002325,2.0
80.0,189.0,0.000269,2.0
1461.0,914.0,14.950284,14.0
72.0,125.0,0.00925,2.0
72.0,125.0,0.000209,2.0
72.0,129.0,0.001678,2.0
885.0,1162.0,0.055634,10.0
75.0,126.0,0.000343,2.0
75.0,126.0,0.000349,2.0
75.0,132.0,0.000342,2.0
1520.0,13771.0,0.182669,21.0
73.0,142.0,0.000211,2.0
75.0,146.0,0.00038,2.0
76.0,133.0,0.000311,2.0
74.0,143.0,0.000284,2.0
74.0,143.0,0.000232,2.0
76.0,133.0,0.000264,2.0
74.0,143.0,0.000286,2.0
75.0,328.0,0.000453,2.0
73.0,324.0,0.000569,2.0
74.0,143.0,0.000684,2.0
74.0,144.0,0.000631,2.0
74.0,325.0,0.000531,2.0
74.0,325.0,0.000675,2.0
76.0,235.0,0.000754,2.0
74.0,325.0,0.000852,2.0
272.0,140.0,14.114871,6.0
272.0,206.0,14.115286,7.0
272.0,140.0,14.11477,6.0
74.0,325.0,0.000595,2.0
272.0,206.0,14.115092,7.0
74.0,326.0,0.000733,2.0
272.0,206.0,14.116839,7.0
85.0,171.0,0.000729,2.0
272.0,140.0,14.114458,6.0
272.0,140.0,14.115127,6.0
272.0,206.0,14.114662,7.0
272.0,140.0,14.115247,6.0
272.0,140.0,14.11502,6.0
272.0,140.0,14.114865,6.0
272.0,140.0,14.115076,6.0
272.0,140.0,14.115072,6.0
272.0,140.0,14.114568,6.0
272.0,140.0,14.115265,6.0
272.0,140.0,14.115602,6.0
272.0,140.0,14.114486,6.0
272.0,140.0,14.114322,6.0
272.0,140.0,14.11506,6.0
272.0,140.0,14.11413,6.0
272.0,140.0,14.11476,6.0
272.0,140.0,14.115014,6.0
272.0,140.0,14.11423,6.0
272.0,140.0,14.114134,6.0
272.0,140.0,14.114814,6.0
272.0,140.0,14.114562,6.0
272.0,140.0,14.114292,6.0
272.0,140.0,14.114274,6.0
272.0,140.0,14.114223,6.0
272.0,140.0,14.114697,6.0
85.0,273.0,0.00036,2.0
272.0,140.0,14.114695,6.0
272.0,140.0,14.114241,6.0
428.0,288.0,11.715304,10.0
428.0,288.0,11.715471,10.0
1378.0,6002.0,6.658397,17.0
824.0,2523.0,6.658381,12.0
1102.0,21277.0,11.715394,29.0
428.0,288.0,11.715194,10.0
428.0,288.0,11.715125,10.0
428.0,288.0,11.715204,10.0
848.0,2580.0,6.657201,12.0
1489.0,2071.0,21.715391,16.0
1491.0,2635.0,21.715326,17.0
87.0,170.0,0.000273,2.0
2760.0,15833.0,21.715542,32.0
919.0,974.0,21.715235,13.0
72.0,129.0,0.000246,2.0
920.0,1058.0,21.71538,13.0
87.0,320.0,0.000425,2.0
71.0,128.0,0.000428,2.0
428.0,288.0,11.714406,10.0
428.0,288.0,11.714359,10.0
428.0,288.0,11.714269,10.0
84.0,178.0,0.000244,2.0
84.0,193.0,0.000331,2.0
71.0,128.0,0.00028,2.0
72.0,129.0,0.0002,2.0
84.0,312.0,0.000335,2.0
272.0,140.0,11.721038,6.0
72.0,189.0,0.000434,2.0
71.0,188.0,0.000382,2.0
84.0,295.0,0.000576,2.0
272.0,140.0,11.720083,6.0
272.0,140.0,11.719963,6.0
272.0,140.0,11.719948,6.0
272.0,140.0,11.720049,6.0
272.0,140.0,11.72942,6.0
272.0,140.0,11.730029,6.0
272.0,140.0,11.729765,6.0
272.0,140.0,11.729376,6.0
272.0,140.0,11.729696,6.0
71.0,143.0,0.020487,2.0
79.0,155.0,0.000334,2.0
81.0,161.0,0.000482,2.0
79.0,162.0,0.000325,2.0
81.0,206.0,0.000436,2.0
71.0,143.0,0.000276,2.0
71.0,269.0,0.020499,2.0
92.0,167.0,0.000254,2.0
86.0,130.0,0.000321,2.0
81.0,217.0,0.000442,2.0
80.0,218.0,0.00048,2.0
272.0,210.0,13.895638,7.0
79.0,215.0,0.000534,2.0
2487.0,1142.0,303.91803,24.0
2707.0,7000.0,303.917999,30.0
81.0,398.0,0.000472,2.0
92.0,167.0,0.000472,2.0
86.0,130.0,0.000501,2.0
80.0,511.0,0.002983,2.0
79.0,396.0,0.004022,2.0
92.0,167.0,0.000434,2.0
81.0,223.0,0.000512,2.0
86.0,272.0,0.00067,2.0
81.0,516.0,0.000763,2.0
92.0,167.0,0.000718,2.0
81.0,223.0,0.000685,2.0
81.0,548.0,0.000582,2.0
81.0,223.0,0.000651,2.0
81.0,220.0,0.000566,2.0
272.0,140.0,13.799507,6.0
272.0,140.0,13.799492,6.0
272.0,140.0,13.799464,6.0
272.0,140.0,13.799453,6.0
272.0,140.0,13.799452,6.0
272.0,140.0,13.799666,6.0
81.0,548.0,0.000728,2.0
81.0,401.0,0.002495,2.0
272.0,140.0,13.792008,6.0
272.0,140.0,13.792144,6.0
272.0,140.0,13.79235,6.0
272.0,140.0,13.792311,6.0
272.0,140.0,13.792349,6.0
272.0,140.0,13.792307,6.0
81.0,132.0,0.000221,2.0
81.0,132.0,0.000241,2.0
81.0,138.0,0.000278,2.0
1296.0,641.0,0.101313,10.0
83.0,181.0,0.000241,2.0
83.0,169.0,0.000204,2.0
1102.0,2099.0,0.003704,11.0
74.0,326.0,0.000373,2.0
74.0,326.0,0.000308,2.0
272.0,140.0,0.018475,6.0
841.0,903.0,15.000955,11.0
74.0,326.0,0.000536,2.0
74.0,326.0,0.000302,2.0
272.0,140.0,0.017822,6.0
360.0,360.0,3145.999268,8.0
7254.0,99257.0,28.689606,111.0
1452.0,1639.0,18.719881,15.0
706.0,710.0,0.12116,10.0
848.0,1018.0,0.390809,10.0
4044.0,40707.0,28.491737,56.0
4748.0,49793.0,28.465031,68.0
9532.0,235254.0,28.464977,228.0
848.0,1018.0,0.375337,10.0
74.0,326.0,0.000547,2.0
74.0,326.0,0.00023,2.0
272.0,140.0,0.01818,6.0
6609.0,195036.0,20.895967,179.0
4673.0,67097.0,20.89592,75.0
78.0,141.0,0.000169,2.0
78.0,165.0,0.035226,2.0
88.0,162.0,0.011899,2.0
78.0,182.0,0.000513,2.0
72.0,177.0,0.366659,2.0
88.0,169.0,0.002141,2.0
77.0,153.0,0.038922,2.0
78.0,153.0,0.002463,2.0
77.0,139.0,0.016396,2.0
77.0,160.0,0.000319,2.0
75.0,140.0,0.042989,2.0
77.0,139.0,0.00027,2.0
77.0,155.0,0.00271,2.0
75.0,169.0,0.036148,2.0
72.0,250.0,0.030151,2.0
81.0,163.0,0.000415,2.0
81.0,199.0,0.000309,2.0
549.0,670.0,0.234486,10.0
135.0,0.0,0.0,1.0
74.0,326.0,0.000368,2.0
74.0,326.0,0.000359,2.0
272.0,140.0,0.018004,6.0
74.0,326.0,0.00055,2.0
74.0,326.0,0.000346,2.0
272.0,206.0,0.018513,7.0
2421.0,32362.0,19.765877,44.0
74.0,326.0,0.000452,2.0
74.0,326.0,0.000556,2.0
272.0,140.0,0.018294,6.0
81.0,163.0,0.000207,2.0
81.0,199.0,0.000385,2.0
549.0,670.0,0.314492,10.0
71.0,131.0,0.000199,2.0
71.0,248.0,0.000301,2.0
74.0,326.0,0.000504,2.0
74.0,326.0,0.000507,2.0
272.0,140.0,0.018637,6.0
74.0,326.0,0.000503,2.0
74.0,326.0,0.000376,2.0
272.0,140.0,0.01786,6.0
74.0,326.0,0.000315,2.0
74.0,326.0,0.000421,2.0
272.0,206.0,0.01872,7.0
81.0,163.0,0.000231,2.0
81.0,199.0,0.000301,2.0
549.0,670.0,0.241199,10.0
74.0,326.0,0.000367,2.0
74.0,326.0,0.00041,2.0
272.0,206.0,0.018674,7.0
875.0,1169.0,0.305703,15.0
1142.0,1507.0,0.361943,16.0
895.0,1169.0,0.325359,15.0
1142.0,1507.0,0.238036,16.0
1162.0,1515.0,0.244659,16.0
1162.0,1515.0,0.385343,16.0
69.0,133.0,0.000242,2.0
69.0,133.0,0.000272,2.0
69.0,320.0,0.000276,2.0
93.0,93.0,0.045879,2.0
73.0,171.0,0.000283,2.0
73.0,353.0,0.000314,2.0
93.0,93.0,0.044898,2.0
75.0,125.0,0.009836,2.0
75.0,125.0,0.000235,2.0
75.0,467.0,0.000328,2.0
93.0,155.0,0.000258,2.0
77.0,161.0,0.000265,2.0
77.0,295.0,0.00032,2.0
81.0,137.0,0.000349,2.0
81.0,137.0,0.000317,2.0
81.0,137.0,0.000281,2.0
74.0,326.0,0.000364,2.0
74.0,326.0,0.000349,2.0
272.0,140.0,0.018314,6.0
81.0,158.0,0.000288,2.0
81.0,206.0,0.000399,2.0
76.0,209.0,0.001547,2.0
76.0,390.0,0.002128,2.0
75.0,75.0,0.144438,2.0
75.0,75.0,0.143921,2.0
75.0,75.0,0.144597,2.0
74.0,326.0,0.000391,2.0
74.0,326.0,0.000331,2.0
272.0,140.0,0.017989,6.0
75.0,75.0,0.14536,2.0
75.0,307.0,0.000367,2.0
18435.0,363445.0,301.159515,479.0
81.0,163.0,0.000304,2.0
81.0,199.0,0.000279,2.0
549.0,670.0,0.241729,10.0
74.0,144.0,0.0003,2.0
74.0,326.0,0.000299,2.0
2729.0,3445.0,240.064392,33.0
74.0,326.0,0.000446,2.0
74.0,326.0,0.000369,2.0
272.0,140.0,0.01781,6.0
71.0,131.0,0.000207,2.0
71.0,248.0,0.000272,2.0
74.0,326.0,0.000353,2.0
74.0,326.0,0.000365,2.0
272.0,206.0,0.018339,7.0
91.0,165.0,0.000328,2.0
91.0,507.0,0.00045,2.0
2422.0,1905.0,247.247543,23.0
89.0,174.0,0.000284,2.0
89.0,308.0,0.000358,2.0
8560.0,5769.0,247.166855,33.0
74.0,326.0,0.000299,2.0
74.0,326.0,0.000326,2.0
272.0,140.0,0.018544,6.0
81.0,163.0,0.000225,2.0
81.0,199.0,0.000317,2.0
549.0,669.0,0.268696,10.0
74.0,326.0,0.000416,2.0
74.0,326.0,0.000267,2.0
272.0,140.0,0.018108,6.0
76.0,149.0,0.000206,2.0
76.0,222.0,0.000271,2.0
73.0,171.0,0.000293,2.0
73.0,353.0,0.000298,2.0
78.0,162.0,0.000295,2.0
78.0,504.0,0.000407,2.0
7849.0,3374.0,4.655454,30.0
8237.0,39541.0,94.147896,81.0
72.0,151.0,0.000312,2.0
272.0,140.0,13.322561,6.0
74.0,174.0,0.000312,2.0
272.0,140.0,13.322248,6.0
272.0,140.0,13.321973,6.0
75.0,132.0,0.000147,2.0
272.0,140.0,13.322131,6.0
72.0,493.0,0.010358,2.0
74.0,144.0,0.000411,2.0
272.0,140.0,13.321887,6.0
75.0,132.0,0.000307,2.0
74.0,356.0,0.00046,2.0
74.0,326.0,0.000402,2.0
75.0,234.0,0.00034,2.0
272.0,140.0,13.320119,6.0
272.0,140.0,13.320317,6.0
272.0,140.0,13.320217,6.0
272.0,140.0,13.319894,6.0
272.0,140.0,13.319854,6.0
75.0,125.0,0.000299,2.0
70.0,120.0,0.00036,2.0
76.0,180.0,0.000482,2.0
75.0,125.0,0.000218,2.0
70.0,120.0,0.000157,2.0
76.0,314.0,0.000323,2.0
75.0,467.0,0.000321,2.0
70.0,302.0,0.000377,2.0
75.0,152.0,0.000219,2.0
74.0,155.0,0.00021,2.0
75.0,302.0,0.00037,2.0
79.0,189.0,0.000403,2.0
74.0,337.0,0.000367,2.0
75.0,75.0,0.144047,2.0
79.0,339.0,0.000653,2.0
79.0,150.0,0.000483,2.0
79.0,332.0,0.00037,2.0
77.0,161.0,0.00019,2.0
77.0,295.0,0.000281,2.0
76.0,147.0,0.000274,2.0
76.0,489.0,0.000458,2.0
79.0,184.0,0.000216,2.0
79.0,526.0,0.000352,2.0
75.0,159.0,0.000368,2.0
75.0,309.0,0.096865,2.0
75.0,75.0,0.144511,2.0
3445.0,1852.0,332.88385,27.0
77.0,166.0,0.057044,2.0
90.0,176.0,0.000222,2.0
90.0,278.0,0.000408,2.0
75.0,75.0,0.14503,2.0
79.0,152.0,0.466721,2.0
77.0,189.0,0.02243,2.0
81.0,144.0,0.886573,2.0
75.0,75.0,0.144592,2.0
75.0,307.0,0.000325,2.0
83.0,142.0,0.141296,2.0
83.0,142.0,0.000184,2.0
83.0,146.0,0.131215,2.0
79.0,163.0,0.141826,2.0
73.0,136.0,0.380645,2.0
79.0,147.0,0.258814,2.0
79.0,147.0,0.00025,2.0
79.0,213.0,0.160831,2.0
73.0,136.0,0.000249,2.0
73.0,207.0,0.537875,2.0
81.0,144.0,0.000196,2.0
81.0,217.0,0.362814,2.0
79.0,129.0,0.016974,2.0
79.0,129.0,0.000211,2.0
79.0,270.0,0.016966,2.0
82.0,160.0,0.574949,2.0
80.0,132.0,0.059774,2.0
80.0,132.0,0.000349,2.0
80.0,322.0,0.03438,2.0
82.0,195.0,0.196324,2.0
1290.0,27558.0,1.537781,34.0
816.0,4076.0,1.095788,12.0
80.0,199.0,0.079123,2.0
79.0,163.0,0.000228,2.0
79.0,265.0,0.000365,2.0
2545.0,32216.0,249.794724,63.0
2749.0,54968.0,249.794846,81.0
80.0,230.0,0.020562,2.0
10059.0,68856.0,19.67771,96.0
10361.0,44342.0,19.678001,74.0
8146.0,95010.0,19.677629,110.0
8503.0,55126.0,19.677902,79.0
9171.0,89914.0,19.677921,110.0
8394.0,22982.0,19.677605,53.0
74.0,193.0,0.054234,2.0
82.0,201.0,0.040061,2.0
78.0,143.0,0.207887,2.0
82.0,232.0,0.000281,2.0
2290.0,37741.0,9.424363,47.0
839.0,4179.0,9.424742,13.0
2647.0,65055.0,9.424164,72.0
70.0,135.0,0.221228,2.0
70.0,135.0,0.401826,2.0
85.0,168.0,0.209591,2.0
88.0,207.0,0.054854,2.0
84.0,136.0,0.186613,2.0
2780.0,69504.0,9.416023,77.0
74.0,224.0,0.000349,2.0
5252.0,25218.0,7.564054,44.0
3763.0,12322.0,7.563421,31.0
6161.0,94496.0,7.56371,106.0
5311.0,15747.0,7.563591,40.0
4797.0,20006.0,7.563519,40.0
2784.0,8635.0,7.563525,24.0
79.0,215.0,0.000283,2.0
79.0,396.0,0.001791,2.0
272.0,140.0,19.369818,6.0
88.0,238.0,0.000378,2.0
1450.0,12293.0,9.360316,21.0
89.0,169.0,0.000332,2.0
89.0,319.0,0.000241,2.0
1201.0,802.0,249.310013,21.0
78.0,143.0,0.000225,2.0
78.0,333.0,0.121255,2.0
84.0,136.0,0.000284,2.0
84.0,326.0,0.182532,2.0
85.0,358.0,0.000403,2.0
81.0,217.0,0.00021,2.0
81.0,398.0,0.001673,2.0
80.0,218.0,0.000268,2.0
80.0,511.0,0.000431,2.0
76.0,121.0,0.000208,2.0
76.0,121.0,0.000214,2.0
76.0,162.0,0.000263,2.0
72.0,137.0,0.12875,2.0
70.0,135.0,0.000335,2.0
70.0,325.0,0.119766,2.0
953.0,3193.0,89.143478,14.0
845.0,651.0,0.64846,11.0
778.0,662.0,0.564967,10.0
845.0,653.0,0.647549,11.0
845.0,652.0,0.647073,11.0
778.0,662.0,0.562228,10.0
81.0,133.0,0.181981,2.0
72.0,137.0,0.000462,2.0
72.0,327.0,0.182356,2.0
788.0,793.0,0.525391,10.0
80.0,218.0,0.000224,2.0
76.0,136.0,0.020387,2.0
73.0,201.0,0.002075,2.0
73.0,200.0,0.019962,2.0
80.0,539.0,0.001353,2.0
732.0,453.0,0.071981,7.0
73.0,382.0,0.002209,2.0
75.0,146.0,0.000346,2.0
75.0,488.0,0.000421,2.0
3402.0,6397.0,240.167084,38.0
1198.0,4988.0,309.06485,24.0
76.0,136.0,0.000377,2.0
73.0,384.0,0.002585,2.0
76.0,242.0,0.025567,2.0
2890.0,111116.0,1.903409,112.0
1915.0,58128.0,1.709749,62.0
1895.0,3677.0,309.046936,26.0
944.0,1213.0,39.127911,11.0
70.0,135.0,0.000165,2.0
70.0,325.0,0.035883,2.0
80.0,132.0,0.182125,2.0
77.0,210.0,0.043977,2.0
74.0,326.0,0.000407,2.0
74.0,326.0,0.000346,2.0
272.0,140.0,0.018233,6.0
77.0,362.0,0.020697,2.0
929.0,2281.0,128.914093,16.0
81.0,133.0,0.000283,2.0
81.0,323.0,0.034586,2.0
71.0,143.0,0.020363,2.0
71.0,143.0,0.000259,2.0
71.0,269.0,0.020288,2.0
75.0,161.0,0.000257,2.0
75.0,287.0,0.010795,2.0
77.0,142.0,0.035485,2.0
68.0,131.0,0.02596,2.0
68.0,131.0,0.00027,2.0
68.0,234.0,0.000313,2.0
77.0,142.0,0.000266,2.0
77.0,332.0,0.055403,2.0
991.0,391.0,0.070782,7.0
80.0,132.0,0.000229,2.0
80.0,322.0,0.035887,2.0
75.0,126.0,0.12502,2.0
81.0,133.0,0.034273,2.0
83.0,135.0,0.054869,2.0
81.0,133.0,0.000167,2.0
81.0,323.0,0.039909,2.0
83.0,135.0,0.000217,2.0
83.0,325.0,0.055113,2.0
77.0,207.0,0.078068,2.0
1032.0,391.0,0.055282,7.0
86.0,157.0,0.000181,2.0
86.0,157.0,0.000211,2.0
86.0,441.0,0.018229,2.0
2180.0,1168.0,17.953457,11.0
75.0,126.0,0.000267,2.0
75.0,291.0,0.17558,2.0
272.0,140.0,18.505896,6.0
272.0,140.0,18.505884,6.0
272.0,140.0,18.505726,6.0
1095.0,391.0,0.070524,7.0
77.0,391.0,0.009793,2.0
78.0,149.0,0.000187,2.0
1398.0,1096.0,240.037079,26.0
1398.0,1096.0,240.037277,26.0
78.0,331.0,0.000373,2.0
1542.0,3410.0,250.032059,31.0
1542.0,3410.0,250.032211,31.0
1542.0,3410.0,250.031662,31.0
83.0,225.0,0.000343,2.0
83.0,421.0,0.01908,2.0
3944.0,2252.0,388.389832,30.0
1325.0,25600.0,1.04116,30.0
1510.0,17362.0,0.949229,23.0
2865.0,119825.0,1.776272,112.0
75.0,146.0,0.000307,2.0
75.0,328.0,0.000395,2.0
2970.0,7151.0,245.632324,31.0
5202.0,5422.0,245.62886,32.0
1415.0,10079.0,0.695313,17.0
1276.0,5837.0,0.522479,12.0
1676.0,22051.0,0.868311,29.0
1481.0,11727.0,0.694969,19.0
1277.0,2682.0,0.52156,11.0
1470.0,15187.0,0.867703,21.0
1593.0,17143.0,0.868811,25.0
1348.0,10461.0,0.694244,16.0
1289.0,2528.0,0.521741,11.0
1612.0,17760.0,0.867112,25.0
1688.0,18927.0,0.867704,27.0
1481.0,12915.0,0.866945,20.0
1284.0,5655.0,0.521169,12.0
1286.0,6064.0,0.522539,12.0
1419.0,12554.0,0.86897,19.0
1616.0,24637.0,1.041573,30.0
2012.0,36800.0,1.214912,44.0
1809.0,31314.0,1.041603,37.0
955.0,662.0,0.56237,10.0
956.0,653.0,0.563216,10.0
1548.0,14315.0,0.86605,22.0
272.0,206.0,13.807575,7.0
1289.0,3146.0,0.521972,11.0
1479.0,17440.0,0.86824,23.0
1547.0,15592.0,0.866791,23.0
1815.0,30145.0,1.041143,36.0
1284.0,1160.0,0.520798,10.0
1280.0,4052.0,0.520665,12.0
1674.0,24248.0,1.0411,30.0
1672.0,21477.0,1.041572,29.0
1347.0,9970.0,0.693517,16.0
2348.0,4855.0,11.863526,18.0
1433.0,391.0,0.071986,7.0
3032.0,3517.0,11.801941,20.0
2340.0,3673.0,11.801613,18.0
1442.0,391.0,0.053777,7.0
75.0,145.0,0.019538,2.0
75.0,145.0,0.019508,2.0
74.0,143.0,0.000207,2.0
74.0,143.0,0.000111,2.0
74.0,325.0,0.000288,2.0
74.0,325.0,0.000331,2.0
17072.0,77108.0,301.525696,126.0
8382.0,29775.0,301.525848,75.0
75.0,279.0,0.010065,2.0
75.0,279.0,0.010205,2.0
17448.0,116729.0,301.512878,154.0
15267.0,124728.0,301.512787,153.0
4544.0,204164.0,1.897663,192.0
76.0,133.0,0.000291,2.0
76.0,133.0,0.000313,2.0
76.0,235.0,0.000367,2.0
1982.0,14089.0,241.374817,39.0
16534.0,63500.0,301.375763,107.0
12363.0,53692.0,301.37558,95.0
16482.0,70352.0,301.375854,111.0
5505.0,18431.0,241.373917,50.0
8127.0,29930.0,301.375732,69.0
10485.0,68719.0,301.384766,102.0
13209.0,72743.0,301.385162,115.0
11867.0,80594.0,301.384827,129.0
12948.0,75803.0,301.38443,116.0
6040.0,38056.0,241.382492,69.0
950.0,1940.0,11.363728,12.0
958.0,1252.0,11.36369,11.0
953.0,1708.0,11.363597,11.0
14932.0,94668.0,301.383972,128.0
8164.0,50124.0,251.382263,81.0
6175.0,49994.0,241.381516,78.0
5907.0,31511.0,241.381989,62.0
6039.0,40345.0,241.381668,72.0
1339.0,1270.0,241.371567,21.0
2058.0,2333.0,241.371521,24.0
2196.0,4983.0,241.371201,28.0
14381.0,53170.0,301.372894,96.0
5573.0,23723.0,241.371048,53.0
5640.0,22329.0,241.371262,53.0
5505.0,20581.0,241.370956,50.0
5508.0,18940.0,241.371185,49.0
2193.0,5265.0,241.366684,28.0
73.0,142.0,0.000267,2.0
73.0,484.0,0.000361,2.0
2807.0,1132.0,241.330566,22.0
74.0,326.0,0.01978,2.0
74.0,326.0,0.000383,2.0
272.0,140.0,0.018298,6.0
5070.0,248703.0,2.460917,230.0
5071.0,234883.0,2.095897,220.0
5334.0,254974.0,2.085441,239.0
81.0,163.0,0.000193,2.0
81.0,199.0,0.000286,2.0
549.0,669.0,0.264252,10.0
74.0,326.0,0.000374,2.0
74.0,326.0,0.000293,2.0
272.0,206.0,0.018038,7.0
74.0,326.0,0.000491,2.0
74.0,326.0,0.0003,2.0
272.0,140.0,0.018106,6.0
77.0,161.0,0.000248,2.0
77.0,295.0,0.00038,2.0
81.0,158.0,0.0002,2.0
81.0,206.0,0.000343,2.0
88.0,140.0,0.035458,2.0
88.0,140.0,0.000269,2.0
88.0,330.0,0.03452,2.0
272.0,206.0,22.523617,7.0
5306.0,8154.0,49.639874,25.0
88.0,140.0,0.181493,2.0
88.0,140.0,0.000301,2.0
88.0,330.0,0.17326,2.0
74.0,326.0,0.000401,2.0
74.0,326.0,0.000318,2.0
272.0,206.0,0.018319,7.0
1425.0,4816.0,0.58704,13.0
1373.0,3571.0,0.423289,11.0
1373.0,3816.0,0.422618,11.0
1378.0,3896.0,0.420878,11.0
1262.0,718.0,0.417132,10.0
1370.0,3835.0,0.425215,11.0
1427.0,4825.0,0.566099,13.0
1370.0,3969.0,0.423675,12.0
1369.0,3242.0,0.422382,11.0
1372.0,3923.0,0.422077,11.0
1371.0,4023.0,0.421269,12.0
1436.0,3670.0,0.424194,13.0
1427.0,4839.0,0.426308,13.0
1369.0,3602.0,0.423146,12.0
1425.0,5096.0,0.42414,13.0
1373.0,3847.0,0.423126,12.0
74.0,326.0,0.000414,2.0
74.0,326.0,0.000364,2.0
272.0,140.0,0.018316,6.0
81.0,163.0,0.000313,2.0
81.0,199.0,0.000309,2.0
549.0,670.0,0.255874,10.0
79.0,133.0,0.129322,2.0
79.0,133.0,0.000691,2.0
79.0,237.0,0.122168,2.0
1912.0,874.0,250.159348,21.0
272.0,210.0,20.07032,7.0
92.0,167.0,0.00021,2.0
30892.0,959007.0,40.069565,991.0
272.0,210.0,20.070038,7.0
272.0,210.0,20.068544,7.0
92.0,167.0,0.000176,2.0
272.0,210.0,20.069658,7.0
2641.0,22957.0,5.747774,38.0
92.0,167.0,0.000322,2.0
89.0,152.0,0.000202,2.0
78.0,132.0,0.000257,2.0
78.0,132.0,0.000216,2.0
89.0,152.0,0.000263,2.0
92.0,167.0,0.000217,2.0
78.0,236.0,0.12237,2.0
89.0,187.0,0.000408,2.0
1874.0,1421.0,69.301674,11.0
2286.0,715.0,59.951599,15.0
77.0,215.0,0.124541,2.0
78.0,132.0,0.129124,2.0
72.0,204.0,0.149177,2.0
77.0,396.0,0.001875,2.0
78.0,132.0,0.000311,2.0
78.0,236.0,0.122028,2.0
70.0,126.0,0.000243,2.0
70.0,126.0,0.00024,2.0
70.0,245.0,0.254606,2.0
72.0,353.0,0.001868,2.0
76.0,130.0,0.120691,2.0
76.0,130.0,0.00018,2.0
76.0,234.0,0.122426,2.0
68.0,122.0,0.121532,2.0
68.0,122.0,0.000287,2.0
68.0,226.0,0.122427,2.0
4938.0,248069.0,2.083957,227.0
272.0,206.0,22.17594,7.0
1492.0,1711.0,0.421749,14.0
74.0,326.0,0.000494,2.0
74.0,326.0,0.000416,2.0
272.0,140.0,0.018783,6.0
1436.0,3329.0,0.420514,13.0
1439.0,3427.0,0.426605,13.0
1360.0,4854.0,0.424858,12.0
1436.0,3290.0,0.422098,13.0
84.0,136.0,0.000235,2.0
84.0,136.0,0.000178,2.0
84.0,326.0,0.000356,2.0
4940.0,228717.0,2.459044,214.0
5268.0,224553.0,1.898875,216.0
1371.0,3766.0,0.419676,12.0
1436.0,3670.0,0.423267,13.0
1425.0,5096.0,0.562991,13.0
1439.0,3637.0,0.42103,13.0
80.0,132.0,0.000346,2.0
80.0,132.0,0.000223,2.0
80.0,322.0,0.000477,2.0
74.0,326.0,0.000331,2.0
74.0,326.0,0.000329,2.0
272.0,140.0,0.018058,6.0
89.0,141.0,0.035822,2.0
74.0,193.0,0.000487,2.0
74.0,224.0,0.000305,2.0
953.0,2483.0,9.12073,12.0
89.0,141.0,0.000305,2.0
89.0,331.0,0.128211,2.0
74.0,326.0,0.00035,2.0
74.0,326.0,0.000272,2.0
272.0,140.0,0.018315,6.0
1328.0,466.0,0.561155,10.0
1327.0,466.0,0.873175,10.0
1415.0,7450.0,0.737908,14.0
81.0,163.0,0.000338,2.0
81.0,199.0,0.000244,2.0
549.0,670.0,0.237604,10.0
70.0,135.0,0.000216,2.0
70.0,135.0,0.000185,2.0
80.0,199.0,0.000226,2.0
70.0,135.0,0.000173,2.0
80.0,230.0,0.000293,2.0
70.0,325.0,0.000384,2.0
70.0,135.0,0.000296,2.0
70.0,325.0,0.000336,2.0
71.0,143.0,0.000253,2.0
81.0,133.0,0.000242,2.0
83.0,135.0,0.000137,2.0
81.0,133.0,0.000249,2.0
71.0,143.0,0.000194,2.0
83.0,135.0,0.000299,2.0
83.0,325.0,0.000451,2.0
71.0,269.0,0.000506,2.0
81.0,323.0,0.000653,2.0
77.0,207.0,0.000283,2.0
76.0,121.0,0.000207,2.0
85.0,168.0,0.000251,2.0
77.0,391.0,0.002397,2.0
76.0,121.0,0.000253,2.0
85.0,358.0,0.000376,2.0
76.0,162.0,0.000639,2.0
72.0,137.0,0.000185,2.0
72.0,137.0,0.000653,2.0
72.0,327.0,0.000411,2.0
80.0,218.0,0.00027,2.0
80.0,539.0,0.000533,2.0
1299.0,391.0,0.071709,7.0
86.0,157.0,0.00037,2.0
86.0,157.0,0.000192,2.0
86.0,441.0,0.000396,2.0
1229.0,684.0,13.110077,8.0
1254.0,391.0,0.07216,7.0
86.0,276.0,0.000458,2.0
86.0,276.0,0.000339,2.0
73.0,171.0,0.000403,2.0
73.0,353.0,0.000642,2.0
12996.0,64624.0,313.025299,139.0
75.0,132.0,0.000198,2.0
75.0,132.0,0.000214,2.0
75.0,234.0,0.00025,2.0
1926.0,8438.0,242.600815,31.0
75.0,125.0,0.000197,2.0
76.0,180.0,0.000258,2.0
75.0,152.0,0.020014,2.0
75.0,125.0,0.000317,2.0
76.0,314.0,0.000492,2.0
75.0,467.0,0.000436,2.0
74.0,155.0,0.000245,2.0
79.0,189.0,0.000341,2.0
74.0,337.0,0.000261,2.0
79.0,339.0,0.000379,2.0
75.0,75.0,0.144759,2.0
77.0,161.0,0.0005,2.0
77.0,295.0,0.000307,2.0
76.0,147.0,0.000221,2.0
76.0,489.0,0.000517,2.0
79.0,184.0,0.00032,2.0
79.0,526.0,0.00032,2.0
75.0,167.0,0.042406,2.0
75.0,302.0,0.000404,2.0
90.0,176.0,0.000227,2.0
90.0,278.0,0.000376,2.0
79.0,213.0,0.141544,2.0
75.0,208.0,0.018894,2.0
81.0,144.0,0.000205,2.0
81.0,144.0,0.000187,2.0
81.0,217.0,0.00024,2.0
84.0,144.0,0.130847,2.0
75.0,75.0,0.144834,2.0
79.0,365.0,0.001886,2.0
79.0,140.0,0.082359,2.0
84.0,144.0,0.000308,2.0
84.0,209.0,0.107091,2.0
79.0,140.0,0.000248,2.0
79.0,173.0,0.064823,2.0
75.0,75.0,0.144131,2.0
74.0,144.0,0.000364,2.0
74.0,326.0,0.000361,2.0
82.0,157.0,0.255016,2.0
76.0,147.0,0.186985,2.0
75.0,75.0,0.14377,2.0
76.0,306.0,0.01724,2.0
84.0,139.0,0.188928,2.0
82.0,190.0,0.116131,2.0
75.0,307.0,0.000399,2.0
79.0,129.0,0.000225,2.0
79.0,129.0,0.000259,2.0
79.0,270.0,0.000343,2.0
75.0,159.0,0.000273,2.0
75.0,309.0,0.000377,2.0
80.0,162.0,0.066297,2.0
80.0,162.0,0.029519,2.0
84.0,139.0,0.000299,2.0
84.0,178.0,0.16004,2.0
74.0,326.0,0.000356,2.0
74.0,326.0,0.000364,2.0
272.0,140.0,0.019518,6.0
74.0,326.0,0.000447,2.0
74.0,326.0,0.000378,2.0
272.0,206.0,0.018847,7.0
72.0,151.0,0.000413,2.0
272.0,206.0,14.763659,7.0
272.0,140.0,14.76311,6.0
74.0,174.0,0.020563,2.0
272.0,140.0,14.765581,6.0
272.0,206.0,14.763057,7.0
272.0,140.0,14.763265,6.0
272.0,140.0,14.763332,6.0
72.0,493.0,0.000448,2.0
272.0,140.0,14.763123,6.0
74.0,356.0,0.000399,2.0
272.0,140.0,14.741357,6.0
272.0,140.0,14.741123,6.0
16330.0,335830.0,143.349945,374.0
9141.0,184489.0,142.744446,207.0
12715.0,270101.0,142.7444,309.0
13014.0,245805.0,152.744156,289.0
9870.0,198917.0,142.744141,217.0
11606.0,227700.0,142.74353,256.0
79.0,79.0,0.139252,2.0
78.0,146.0,0.119054,2.0
77.0,145.0,0.084589,2.0
77.0,241.0,0.048087,2.0
78.0,242.0,0.070236,2.0
78.0,146.0,0.112843,2.0
79.0,79.0,0.105981,2.0
76.0,163.0,1.110254,2.0
80.0,148.0,0.089539,2.0
79.0,206.0,0.108002,2.0
78.0,242.0,0.069734,2.0
80.0,244.0,0.017522,2.0
82.0,150.0,0.066575,2.0
78.0,146.0,0.110819,2.0
90.0,158.0,0.105916,2.0
82.0,246.0,0.048169,2.0
70.0,120.0,0.000195,2.0
70.0,120.0,0.000208,2.0
70.0,302.0,0.000367,2.0
78.0,242.0,0.017659,2.0
90.0,254.0,0.069844,2.0
76.0,182.0,0.457807,2.0
1526.0,4233.0,130.92276,17.0
206.0,134.0,11.84831,5.0
79.0,145.0,0.060473,2.0
79.0,183.0,0.017322,2.0
79.0,166.0,1.824672,2.0
78.0,168.0,0.179181,2.0
78.0,171.0,0.017047,2.0
1578.0,43100.0,130.360947,50.0
74.0,326.0,0.000406,2.0
74.0,326.0,0.000337,2.0
272.0,140.0,0.018087,6.0
79.0,185.0,0.459221,2.0
1051.0,5420.0,68.75885,18.0
934.0,1498.0,68.758537,13.0
939.0,1443.0,68.749466,13.0
78.0,165.0,0.455485,2.0
72.0,98.0,0.777787,2.0
78.0,184.0,0.000334,2.0
913.0,804.0,66.869675,14.0
81.0,163.0,0.00031,2.0
81.0,199.0,0.000446,2.0
549.0,669.0,0.285046,10.0
72.0,222.0,0.461343,2.0
998.0,5740.0,3.722531,17.0
71.0,117.0,1.387833,2.0
1078.0,508.0,1.344445,11.0
494.0,74.0,105.40905,9.0
1081.0,21317.0,32.332794,28.0
75.0,140.0,0.111293,2.0
75.0,140.0,0.000196,2.0
75.0,202.0,0.108276,2.0
71.0,117.0,0.000294,2.0
71.0,209.0,1.198861,2.0
338.0,206.0,21.781099,8.0
272.0,140.0,20.272161,6.0
74.0,326.0,0.000367,2.0
74.0,326.0,0.000324,2.0
272.0,140.0,0.018055,6.0
79.0,153.0,0.019812,2.0
79.0,495.0,0.000418,2.0
26717.0,4592.0,240.256989,57.0
74.0,326.0,0.000344,2.0
74.0,326.0,0.000345,2.0
272.0,140.0,0.017809,6.0
74.0,326.0,0.000387,2.0
74.0,326.0,0.000269,2.0
272.0,140.0,0.018335,6.0
81.0,163.0,0.000223,2.0
81.0,199.0,0.000335,2.0
549.0,669.0,0.302508,10.0
74.0,326.0,0.000392,2.0
74.0,326.0,0.000485,2.0
272.0,140.0,0.019919,6.0
78.0,162.0,0.000272,2.0
78.0,504.0,0.000328,2.0
1869.0,1071.0,245.405426,21.0
70.0,145.0,0.005602,2.0
272.0,140.0,15.196255,6.0
272.0,140.0,15.196077,6.0
75.0,132.0,0.000231,2.0
73.0,171.0,0.000276,2.0
74.0,144.0,0.000251,2.0
75.0,132.0,0.000266,2.0
73.0,353.0,0.000378,2.0
74.0,326.0,0.000392,2.0
75.0,234.0,0.000402,2.0
272.0,140.0,15.194316,6.0
272.0,140.0,15.194718,6.0
272.0,140.0,15.194637,6.0
272.0,140.0,15.194268,6.0
272.0,140.0,15.194557,6.0
272.0,140.0,15.193842,6.0
70.0,145.0,0.00032,2.0
70.0,145.0,0.000191,2.0
70.0,145.0,0.000238,2.0
75.0,125.0,0.000331,2.0
76.0,180.0,0.000278,2.0
75.0,152.0,0.000339,2.0
75.0,302.0,0.000436,2.0
75.0,125.0,0.000439,2.0
76.0,314.0,0.00061,2.0
75.0,467.0,0.00043,2.0
74.0,155.0,0.000284,2.0
79.0,189.0,0.000329,2.0
74.0,337.0,0.000379,2.0
79.0,339.0,0.000351,2.0
75.0,75.0,0.1439,2.0
77.0,161.0,0.000216,2.0
79.0,150.0,0.000167,2.0
77.0,295.0,0.000366,2.0
79.0,332.0,0.000438,2.0
79.0,184.0,0.000381,2.0
76.0,147.0,0.000319,2.0
79.0,526.0,0.000403,2.0
76.0,489.0,0.000499,2.0
75.0,159.0,0.00032,2.0
75.0,309.0,0.000301,2.0
75.0,75.0,0.144709,2.0
75.0,75.0,0.143856,2.0
76.0,181.0,0.000267,2.0
78.0,137.0,0.15923,2.0
76.0,200.0,0.000395,2.0
90.0,176.0,0.00028,2.0
90.0,278.0,0.000451,2.0
84.0,175.0,0.29221,2.0
75.0,75.0,0.14565,2.0
78.0,137.0,0.000279,2.0
78.0,195.0,0.136256,2.0
75.0,307.0,0.000336,2.0
78.0,277.0,0.552807,2.0
84.0,399.0,0.162976,2.0
83.0,148.0,0.416784,2.0
3153.0,20567.0,24.180359,38.0
78.0,129.0,0.00018,2.0
272.0,140.0,14.178304,6.0
272.0,140.0,14.178372,6.0
78.0,129.0,0.000318,2.0
272.0,140.0,14.178124,6.0
78.0,129.0,0.000235,2.0
78.0,196.0,0.000358,2.0
80.0,131.0,0.000267,2.0
78.0,129.0,0.000269,2.0
999.0,628.0,5.248364,11.0
1437.0,682.0,5.261416,12.0
2399.0,6737.0,14.17621,22.0
78.0,208.0,0.000303,2.0
4532.0,86221.0,14.17614,89.0
80.0,131.0,0.000286,2.0
1700.0,9974.0,14.176235,21.0
2183.0,21767.0,14.176135,33.0
80.0,177.0,0.018136,2.0
1688.0,4375.0,34.17691,18.0
272.0,140.0,14.175877,6.0
272.0,140.0,14.157739,6.0
272.0,140.0,14.157349,6.0
2926.0,12656.0,34.158302,30.0
272.0,140.0,14.157261,6.0
272.0,140.0,14.157509,6.0
272.0,140.0,14.157171,6.0
85.0,136.0,0.000296,2.0
85.0,136.0,0.000184,2.0
85.0,222.0,0.000343,2.0
81.0,148.0,1.996916,2.0
83.0,148.0,0.000119,2.0
83.0,149.0,0.933692,2.0
78.0,461.0,0.021566,2.0
76.0,76.0,0.280742,2.0
76.0,76.0,0.280607,2.0
76.0,76.0,0.279791,2.0
76.0,76.0,0.280394,2.0
76.0,76.0,0.279719,2.0
76.0,76.0,0.280073,2.0
76.0,200.0,0.017897,2.0
79.0,129.0,0.000344,2.0
79.0,129.0,0.000256,2.0
79.0,149.0,0.000406,2.0
76.0,181.0,0.000357,2.0
76.0,200.0,0.000277,2.0
76.0,181.0,0.000229,2.0
76.0,200.0,0.00035,2.0
76.0,76.0,0.281043,2.0
76.0,181.0,0.000373,2.0
76.0,200.0,0.000302,2.0
76.0,181.0,0.000283,2.0
76.0,200.0,0.000261,2.0
76.0,181.0,0.000419,2.0
76.0,200.0,0.000419,2.0
76.0,181.0,0.000416,2.0
76.0,200.0,0.000338,2.0
76.0,181.0,0.0002,2.0
76.0,200.0,0.000319,2.0
76.0,76.0,0.280455,2.0
81.0,148.0,0.000155,2.0
81.0,182.0,0.337423,2.0
76.0,76.0,0.280052,2.0
76.0,76.0,0.279733,2.0
76.0,200.0,0.017677,2.0
76.0,76.0,0.280019,2.0
76.0,76.0,0.280449,2.0
76.0,200.0,0.017826,2.0
2318.0,14275.0,29.019459,30.0
74.0,326.0,0.000495,2.0
74.0,326.0,0.000308,2.0
272.0,206.0,0.018315,7.0
81.0,132.0,0.000303,2.0
76.0,181.0,0.000249,2.0
76.0,181.0,0.000272,2.0
81.0,132.0,0.000205,2.0
76.0,200.0,0.000403,2.0
76.0,200.0,0.000339,2.0
81.0,211.0,0.131812,2.0
76.0,76.0,0.280227,2.0
76.0,181.0,0.0004,2.0
76.0,200.0,0.000318,2.0
76.0,76.0,0.280074,2.0
76.0,76.0,0.279913,2.0
76.0,76.0,0.281097,2.0
76.0,76.0,0.279943,2.0
76.0,76.0,0.280341,2.0
76.0,76.0,0.279807,2.0
76.0,76.0,0.280032,2.0
76.0,76.0,0.28047,2.0
76.0,76.0,0.280876,2.0
76.0,76.0,0.280464,2.0
76.0,76.0,0.280828,2.0
76.0,200.0,0.018006,2.0
76.0,200.0,0.017981,2.0
76.0,181.0,0.000298,2.0
76.0,200.0,0.000354,2.0
76.0,181.0,0.000301,2.0
76.0,200.0,0.000379,2.0
76.0,181.0,0.000377,2.0
76.0,200.0,0.000353,2.0
76.0,181.0,0.000305,2.0
76.0,200.0,0.000263,2.0
76.0,181.0,0.000214,2.0
76.0,200.0,0.000284,2.0
76.0,181.0,0.00025,2.0
76.0,181.0,0.000203,2.0
76.0,200.0,0.000312,2.0
76.0,200.0,0.000282,2.0
83.0,144.0,0.000286,2.0
83.0,144.0,0.00017,2.0
77.0,77.0,0.28027,2.0
83.0,163.0,0.000376,2.0
77.0,182.0,0.000223,2.0
77.0,201.0,0.00048,2.0
76.0,181.0,0.000433,2.0
76.0,200.0,0.000297,2.0
76.0,200.0,0.018027,2.0
77.0,77.0,0.284891,2.0
77.0,77.0,0.280351,2.0
77.0,77.0,0.280095,2.0
77.0,201.0,0.017962,2.0
78.0,161.0,0.312148,2.0
91.0,140.0,0.000285,2.0
91.0,140.0,0.000204,2.0
91.0,161.0,0.017959,2.0
1922.0,4637.0,0.934474,19.0
78.0,149.0,0.183996,2.0
77.0,108.0,0.017088,2.0
77.0,305.0,0.017036,2.0
952.0,2459.0,0.055727,12.0
86.0,117.0,0.104515,2.0
86.0,314.0,0.000385,2.0
961.0,2215.0,0.053198,12.0
360.0,360.0,3074.002197,8.0
74.0,326.0,0.000456,2.0
74.0,326.0,0.000307,2.0
272.0,206.0,0.018425,7.0
81.0,163.0,0.000462,2.0
81.0,199.0,0.000343,2.0
549.0,670.0,0.248377,10.0
74.0,326.0,0.000436,2.0
74.0,326.0,0.000365,2.0
272.0,140.0,0.018115,6.0
73.0,171.0,0.000433,2.0
73.0,353.0,0.000315,2.0
74.0,326.0,0.000677,2.0
74.0,326.0,0.000307,2.0
272.0,140.0,0.018251,6.0
81.0,158.0,0.000323,2.0
81.0,206.0,0.00036,2.0
77.0,161.0,0.019647,2.0
77.0,295.0,0.019679,2.0
80.0,216.0,0.000275,2.0
80.0,360.0,0.001816,2.0
74.0,133.0,0.000354,2.0
74.0,133.0,0.000196,2.0
74.0,291.0,0.031177,2.0
79.0,133.0,0.000262,2.0
79.0,133.0,0.000205,2.0
79.0,237.0,0.000373,2.0
87.0,166.0,0.000285,2.0
85.0,171.0,0.000276,2.0
97.0,183.0,0.000267,2.0
75.0,75.0,0.151645,2.0
88.0,168.0,0.00049,2.0
75.0,132.0,0.0005,2.0
99.0,185.0,0.000422,2.0
74.0,144.0,0.000499,2.0
85.0,273.0,0.010334,2.0
87.0,268.0,0.020448,2.0
97.0,285.0,0.010439,2.0
88.0,318.0,0.00122,2.0
75.0,132.0,0.001296,2.0
99.0,287.0,0.010185,2.0
74.0,326.0,0.001149,2.0
75.0,234.0,0.000386,2.0
1463.0,1162.0,240.29332,28.0
3057.0,1566.0,243.472061,34.0
1464.0,1162.0,240.292694,28.0
1464.0,1096.0,240.283493,27.0
1464.0,1096.0,240.2836,27.0
2648.0,4208.0,242.774033,45.0
1549.0,3206.0,250.275803,31.0
1549.0,3206.0,250.27652,31.0
3442.0,1842.0,246.947952,36.0
75.0,75.0,0.144904,2.0
75.0,75.0,0.144817,2.0
75.0,75.0,0.14451,2.0
75.0,106.0,0.017258,2.0
75.0,303.0,0.017325,2.0
798.0,1816.0,0.088662,12.0
75.0,307.0,0.000489,2.0
4407.0,9940.0,297.731323,64.0
74.0,326.0,0.000432,2.0
74.0,326.0,0.000336,2.0
272.0,206.0,0.018881,7.0
1464.0,1096.0,241.382477,27.0
1464.0,1096.0,241.382706,27.0
1464.0,1096.0,241.382248,27.0
1464.0,1096.0,241.382156,27.0
1464.0,1096.0,241.382446,27.0
81.0,163.0,0.000243,2.0
81.0,199.0,0.000301,2.0
549.0,670.0,0.233899,10.0
72.0,201.0,0.000503,2.0
72.0,353.0,0.008338,2.0
1295.0,9028.0,302.928864,29.0
1991.0,22672.0,10.565671,39.0
2528.0,29121.0,312.929108,53.0
3551.0,20794.0,312.928986,51.0
74.0,326.0,0.000491,2.0
74.0,326.0,0.000423,2.0
272.0,140.0,0.018436,6.0
272.0,0.0,0.0,1.0
60.0,60.0,0.000489,2.0
76.0,144.0,0.000284,2.0
73.0,125.0,0.00036,2.0
73.0,144.0,0.000352,2.0
76.0,144.0,0.000327,2.0
73.0,125.0,0.000334,2.0
73.0,380.0,0.000424,2.0
76.0,160.0,0.000267,2.0
73.0,156.0,0.04121,2.0
775.0,2693.0,0.422032,10.0
1438.0,1593.0,22.491016,14.0
699.0,710.0,0.135848,10.0
765.0,710.0,0.206152,11.0
4390.0,62364.0,305.036407,108.0
3883.0,13528.0,305.036499,50.0
5927.0,94621.0,325.037292,141.0
3236.0,11160.0,305.035889,49.0
841.0,2693.0,0.387994,11.0
78.0,151.0,0.048953,2.0
78.0,151.0,0.000293,2.0
78.0,301.0,0.049281,2.0
801.0,1229.0,0.072008,12.0
77.0,150.0,0.000383,2.0
77.0,150.0,0.000186,2.0
77.0,252.0,0.000337,2.0
800.0,1229.0,0.126409,12.0
77.0,150.0,0.000275,2.0
77.0,150.0,0.000258,2.0
77.0,252.0,0.000329,2.0
800.0,1229.0,0.106521,12.0
811.0,1164.0,34.259956,16.0
73.0,126.0,0.039078,2.0
83.0,136.0,0.017736,2.0
78.0,131.0,0.017994,2.0
83.0,136.0,0.00042,2.0
78.0,131.0,0.000149,2.0
83.0,392.0,0.033026,2.0
78.0,387.0,0.033394,2.0
73.0,126.0,0.000221,2.0
73.0,382.0,0.118977,2.0
76.0,148.0,0.017606,2.0
85.0,138.0,0.037988,2.0
76.0,404.0,0.089039,2.0
85.0,138.0,0.000258,2.0
85.0,394.0,0.017274,2.0
84.0,137.0,0.044362,2.0
84.0,137.0,0.000239,2.0
84.0,393.0,0.017332,2.0
88.0,141.0,0.044313,2.0
73.0,126.0,0.037702,2.0
73.0,126.0,0.000172,2.0
73.0,382.0,0.017463,2.0
88.0,141.0,0.000216,2.0
88.0,397.0,0.017115,2.0
74.0,326.0,0.000399,2.0
74.0,326.0,0.000283,2.0
272.0,140.0,0.018114,6.0
86.0,303.0,0.023312,2.0
86.0,303.0,0.000387,2.0
80.0,130.0,0.000211,2.0
74.0,326.0,0.000391,2.0
74.0,326.0,0.000364,2.0
272.0,140.0,0.017755,6.0
84.0,158.0,0.004859,2.0
84.0,203.0,0.002017,2.0
1222.0,27144.0,0.050853,33.0
1601.0,60421.0,0.025851,61.0
882.0,8953.0,0.008838,15.0
1082.0,14371.0,0.027243,22.0
893.0,5654.0,0.027762,13.0
943.0,7527.0,0.027279,15.0
888.0,11634.0,0.02778,17.0
934.0,7892.0,0.020919,16.0
831.0,1088.0,0.022855,10.0
827.0,2191.0,0.009024,11.0
1483.0,42222.0,0.016404,48.0
873.0,6548.0,0.009567,14.0
74.0,74.0,0.001718,2.0
74.0,74.0,0.001808,2.0
74.0,157.0,0.00032,2.0
2454.0,14726.0,18.302862,26.0
1175.0,10876.0,0.007016,19.0
2297.0,88990.0,0.012758,87.0
985.0,1991.0,0.009737,11.0
979.0,2678.0,0.010635,11.0
979.0,4243.0,0.018401,12.0
977.0,2700.0,0.010358,11.0
985.0,5276.0,0.008337,12.0
985.0,5419.0,0.007676,12.0
985.0,3900.0,0.008897,12.0
1117.0,13056.0,0.011772,19.0
980.0,1742.0,0.018188,10.0
979.0,1606.0,0.006692,10.0
980.0,1612.0,0.012225,10.0
988.0,4737.0,0.005518,12.0
991.0,3671.0,0.006543,12.0
988.0,2981.0,0.00611,11.0
990.0,3021.0,0.018133,11.0
990.0,3021.0,0.006951,11.0
988.0,5237.0,0.013779,12.0
1058.0,3102.0,0.00505,12.0
76.0,121.0,0.000362,2.0
76.0,121.0,0.000218,2.0
76.0,162.0,0.000134,2.0
993.0,1947.0,0.007743,11.0
993.0,1304.0,0.007678,10.0
66.0,122.0,0.00294,2.0
66.0,122.0,0.00026,2.0
66.0,149.0,0.001703,2.0
1031.0,7238.0,18.070705,19.0
907.0,2471.0,0.005921,11.0
74.0,175.0,0.000313,2.0
74.0,370.0,0.017476,2.0
3267.0,2701.0,8.765401,13.0
83.0,225.0,0.000378,2.0
83.0,421.0,0.031268,2.0
1316.0,1190.0,307.660431,22.0
93.0,167.0,0.000363,2.0
93.0,509.0,0.000342,2.0
2295.0,1016.0,247.606461,23.0
875.0,1169.0,0.262522,15.0
1142.0,1507.0,0.525756,16.0
895.0,1169.0,0.218536,15.0
1162.0,1515.0,0.246423,16.0
1162.0,1515.0,0.473054,16.0
1142.0,1507.0,0.24937,16.0
2049.0,64547.0,0.576987,66.0
81.0,163.0,0.000281,2.0
81.0,199.0,0.000392,2.0
417.0,140.0,0.104496,5.0
1006.0,1088.0,0.016533,10.0
1002.0,2191.0,0.007619,11.0
1790.0,42156.0,0.014199,49.0
855.0,140.0,0.004633,5.0
851.0,140.0,0.004455,5.0
989.0,1438.0,0.008476,10.0
989.0,1443.0,0.009264,10.0
987.0,1416.0,0.009934,10.0
989.0,5276.0,0.016161,12.0
989.0,5419.0,0.008589,12.0
989.0,3900.0,0.008736,12.0
925.0,4809.0,0.007393,10.0
851.0,140.0,0.002046,5.0
853.0,74.0,0.001257,4.0
74.0,74.0,0.000845,2.0
997.0,1304.0,0.009191,10.0
1511.0,27098.0,0.060623,34.0
1595.0,41432.0,0.179157,45.0
1010.0,1088.0,0.012084,10.0
1006.0,2191.0,0.010744,11.0
1728.0,42156.0,0.019257,48.0
80.0,218.0,0.000269,2.0
79.0,215.0,0.000253,2.0
80.0,511.0,0.000448,2.0
79.0,396.0,0.000476,2.0
272.0,140.0,19.454641,6.0
272.0,140.0,19.45459,6.0
272.0,140.0,19.45454,6.0
995.0,1576.0,0.007881,10.0
990.0,1582.0,0.009238,10.0
995.0,2008.0,0.009503,11.0
1057.0,1878.0,0.012069,11.0
991.0,1909.0,0.009814,11.0
993.0,1904.0,0.01158,11.0
1060.0,1960.0,0.214104,12.0
993.0,5276.0,0.210228,12.0
1069.0,2581.0,0.211239,12.0
1215.0,5419.0,0.216993,15.0
1061.0,11580.0,0.046895,17.0
1125.0,2311.0,0.21294,12.0
1199.0,13056.0,3.016384,20.0
93.0,167.0,0.00031,2.0
93.0,509.0,0.000449,2.0
2883.0,1016.0,249.44455,24.0
992.0,2404.0,0.005786,11.0
990.0,1601.0,0.00637,10.0
991.0,1621.0,0.0072,10.0
988.0,2786.0,0.009057,11.0
990.0,2409.0,0.007632,11.0
993.0,3900.0,0.006726,12.0
74.0,326.0,0.000324,2.0
74.0,326.0,0.000365,2.0
272.0,140.0,0.017993,6.0
1001.0,1947.0,0.006923,11.0
1001.0,1304.0,0.010785,10.0
993.0,2243.0,0.006002,11.0
993.0,2246.0,0.007426,11.0
85.0,171.0,0.019977,2.0
75.0,132.0,0.000295,2.0
75.0,132.0,0.000337,2.0
75.0,234.0,0.000264,2.0
85.0,273.0,0.000327,2.0
2131.0,2840.0,240.045502,36.0
1464.0,1096.0,240.590515,27.0
74.0,326.0,0.000341,2.0
74.0,326.0,0.0003,2.0
272.0,140.0,0.018051,6.0
68.0,124.0,0.00175,2.0
68.0,124.0,0.00031,2.0
68.0,125.0,0.002084,2.0
927.0,516.0,0.059457,9.0
72.0,145.0,0.003601,2.0
72.0,146.0,0.002182,2.0
206.0,204.0,19.997768,6.0
2342.0,30938.0,0.113009,64.0
79.0,133.0,0.00033,2.0
74.0,147.0,0.00601,2.0
73.0,146.0,0.006248,2.0
70.0,143.0,0.0078,2.0
79.0,131.0,0.000999,2.0
80.0,153.0,0.000993,2.0
83.0,139.0,0.000984,2.0
70.0,143.0,0.007622,2.0
79.0,133.0,0.001138,2.0
79.0,131.0,0.000396,2.0
80.0,230.0,0.000578,2.0
83.0,139.0,0.000577,2.0
79.0,194.0,0.000488,2.0
79.0,181.0,0.000512,2.0
428.0,288.0,19.948957,10.0
428.0,288.0,19.948774,10.0
79.0,156.0,0.003786,2.0
428.0,288.0,19.948771,10.0
83.0,200.0,0.001479,2.0
428.0,288.0,19.942923,10.0
1132.0,1586.0,0.557519,11.0
84.0,178.0,0.001411,2.0
428.0,288.0,19.942616,10.0
997.0,1004.0,0.961315,9.0
134.0,122.0,6.227931,4.0
997.0,868.0,1.105809,9.0
875.0,543.0,1.049953,10.0
1878.0,12163.0,0.916176,22.0
428.0,288.0,19.941002,10.0
1289.0,685.0,0.861645,13.0
84.0,312.0,0.000591,2.0
428.0,288.0,19.940897,10.0
428.0,288.0,19.94113,10.0
272.0,140.0,19.957918,6.0
272.0,140.0,19.9576,6.0
4292.0,1990.0,249.97316,29.0
74.0,148.0,0.002985,2.0
73.0,147.0,0.003021,2.0
79.0,163.0,0.000462,2.0
350.0,280.0,19.937174,9.0
350.0,280.0,19.936832,9.0
70.0,144.0,0.002359,2.0
350.0,214.0,19.937185,8.0
70.0,144.0,0.002318,2.0
1736.0,21083.0,0.400619,33.0
206.0,204.0,19.935062,6.0
206.0,138.0,19.935064,5.0
2249.0,11837.0,90.630859,28.0
1612.0,14726.0,90.628586,29.0
2128.0,27687.0,90.630783,45.0
1092.0,3099.0,90.629494,12.0
5417.0,64695.0,39.309723,82.0
9252.0,75236.0,91.127663,107.0
2652.0,19960.0,91.267967,38.0
2602.0,26942.0,91.11544,43.0
3737.0,32009.0,91.267815,54.0
7574.0,77141.0,39.309608,97.0
5138.0,7923.0,90.947044,27.0
5942.0,1729.0,90.947792,28.0
6907.0,7208.0,90.947998,36.0
7540.0,5825.0,90.947044,36.0
3445.0,1777.0,91.462219,19.0
5493.0,33932.0,90.947624,64.0
75.0,131.0,0.000232,2.0
75.0,131.0,0.000123,2.0
75.0,148.0,0.000315,2.0
878.0,1429.0,59.779446,12.0
78.0,130.0,0.000282,2.0
78.0,130.0,0.00029,2.0
78.0,180.0,0.000261,2.0
1061.0,1004.0,0.005364,9.0
73.0,146.0,0.002412,2.0
73.0,129.0,0.002767,2.0
77.0,151.0,0.005045,2.0
73.0,147.0,0.000366,2.0
73.0,129.0,0.000553,2.0
76.0,149.0,0.002118,2.0
73.0,146.0,0.002855,2.0
77.0,152.0,0.002764,2.0
76.0,150.0,0.000375,2.0
78.0,151.0,0.002493,2.0
78.0,151.0,0.002809,2.0
76.0,149.0,0.001994,2.0
78.0,152.0,0.000269,2.0
78.0,152.0,0.000494,2.0
75.0,148.0,0.00025,2.0
76.0,150.0,0.000266,2.0
74.0,147.0,0.002128,2.0
75.0,149.0,0.000375,2.0
76.0,149.0,0.003474,2.0
74.0,147.0,0.003264,2.0
74.0,148.0,0.00053,2.0
72.0,145.0,0.003205,2.0
76.0,150.0,0.000411,2.0
74.0,148.0,0.000427,2.0
70.0,144.0,0.008357,2.0
74.0,147.0,0.005759,2.0
72.0,146.0,0.000821,2.0
74.0,147.0,0.006293,2.0
74.0,148.0,0.001995,2.0
70.0,145.0,0.003917,2.0
76.0,149.0,0.003697,2.0
74.0,148.0,0.000944,2.0
79.0,160.0,0.002107,2.0
73.0,146.0,0.003006,2.0
76.0,150.0,0.000631,2.0
79.0,177.0,0.000428,2.0
74.0,147.0,0.002238,2.0
73.0,146.0,0.00237,2.0
73.0,147.0,0.000449,2.0
73.0,147.0,0.000348,2.0
75.0,148.0,0.000296,2.0
75.0,149.0,0.000425,2.0
74.0,148.0,0.000509,2.0
72.0,145.0,0.002094,2.0
72.0,146.0,0.000367,2.0
76.0,147.0,0.009826,2.0
76.0,489.0,0.000449,2.0
6904.0,62171.0,250.115814,100.0
82.0,164.0,0.01994,2.0
82.0,266.0,0.000334,2.0
74.0,326.0,0.000348,2.0
74.0,326.0,0.00041,2.0
272.0,140.0,0.018007,6.0
81.0,163.0,0.000285,2.0
81.0,199.0,0.000336,2.0
549.0,670.0,0.252148,10.0
74.0,326.0,0.000264,2.0
74.0,326.0,0.000273,2.0
272.0,206.0,0.01839,7.0
76.0,145.0,0.048423,2.0
76.0,231.0,0.005807,2.0
5732.0,32739.0,30.141973,51.0
5141.0,46991.0,30.082022,61.0
78.0,147.0,0.036192,2.0
77.0,146.0,0.036784,2.0
73.0,136.0,0.000416,2.0
73.0,142.0,0.00037,2.0
74.0,143.0,0.033136,2.0
3159.0,5797.0,30.021326,21.0
6711.0,140062.0,30.02154,147.0
3145.0,6192.0,30.021481,21.0
2621.0,12440.0,30.020966,25.0
74.0,229.0,0.003218,2.0
78.0,233.0,0.000582,2.0
77.0,232.0,0.000506,2.0
74.0,326.0,0.000332,2.0
74.0,326.0,0.000419,2.0
272.0,140.0,0.018976,6.0
74.0,326.0,0.000313,2.0
74.0,326.0,0.000286,2.0
272.0,140.0,0.017841,6.0
360.0,360.0,3201.998535,8.0
81.0,163.0,0.000245,2.0
81.0,199.0,0.000384,2.0
549.0,670.0,0.239825,10.0
74.0,326.0,0.000377,2.0
74.0,326.0,0.000288,2.0
272.0,140.0,0.017907,6.0
74.0,326.0,0.009961,2.0
74.0,326.0,0.000432,2.0
272.0,140.0,0.018084,6.0
75.0,75.0,0.146806,2.0
75.0,75.0,0.144079,2.0
75.0,75.0,0.144433,2.0
75.0,75.0,0.144458,2.0
75.0,307.0,0.000569,2.0
2904.0,1972.0,240.138916,36.0
74.0,326.0,0.000334,2.0
74.0,326.0,0.000244,2.0
272.0,140.0,0.018159,6.0
81.0,163.0,0.000242,2.0
81.0,199.0,0.000291,2.0
549.0,670.0,0.230855,10.0
74.0,326.0,0.000339,2.0
74.0,326.0,0.000225,2.0
272.0,206.0,0.018677,7.0
74.0,326.0,0.000429,2.0
74.0,326.0,0.000287,2.0
272.0,206.0,0.017792,7.0
74.0,326.0,0.000369,2.0
74.0,326.0,0.000375,2.0
272.0,140.0,0.017886,6.0
74.0,326.0,0.000443,2.0
74.0,326.0,0.000331,2.0
272.0,206.0,0.018551,7.0
81.0,163.0,0.000368,2.0
81.0,199.0,0.00024,2.0
549.0,670.0,0.235618,10.0
74.0,326.0,0.000422,2.0
74.0,326.0,0.000413,2.0
272.0,206.0,0.018362,7.0
74.0,326.0,0.00049,2.0
74.0,326.0,0.000512,2.0
272.0,206.0,0.017703,7.0
83.0,133.0,0.000352,2.0
83.0,133.0,0.000148,2.0
83.0,221.0,0.000227,2.0
73.0,171.0,0.00028,2.0
73.0,353.0,0.000396,2.0
74.0,326.0,0.000354,2.0
74.0,326.0,0.000298,2.0
272.0,140.0,0.019471,6.0
76.0,149.0,0.0009,2.0
76.0,222.0,0.000356,2.0
272.0,206.0,15.097726,7.0
272.0,206.0,15.0977,7.0
14358.0,155804.0,322.485718,212.0
75.0,146.0,0.020204,2.0
13374.0,233706.0,9.366929,268.0
15499.0,183775.0,42.302155,231.0
11789.0,52934.0,322.321594,96.0
9002.0,66059.0,72.304909,94.0
22045.0,257408.0,42.301697,327.0
75.0,328.0,0.000405,2.0
6670.0,16710.0,262.303253,58.0
76.0,133.0,0.019964,2.0
76.0,133.0,0.000205,2.0
76.0,235.0,0.019892,2.0
6063.0,90587.0,252.21521,130.0
81.0,163.0,0.000242,2.0
81.0,199.0,0.000248,2.0
549.0,670.0,0.272106,10.0
76.0,121.0,0.000201,2.0
76.0,121.0,0.000262,2.0
76.0,162.0,0.017068,2.0
70.0,136.0,0.000179,2.0
84.0,178.0,0.000314,2.0
70.0,136.0,0.000274,2.0
84.0,312.0,0.000291,2.0
70.0,169.0,0.000238,2.0
7744.0,16284.0,261.963776,55.0
740.0,851.0,0.007736,10.0
2439.0,10144.0,302.042114,38.0
272.0,210.0,14.631343,7.0
272.0,210.0,14.631333,7.0
77.0,136.0,0.000298,2.0
76.0,211.0,0.002214,2.0
74.0,133.0,0.000356,2.0
74.0,133.0,0.000297,2.0
77.0,136.0,0.000343,2.0
77.0,209.0,0.000378,2.0
74.0,206.0,0.000446,2.0
76.0,411.0,0.002262,2.0
78.0,166.0,0.000336,2.0
74.0,133.0,0.0002,2.0
74.0,133.0,0.000229,2.0
78.0,268.0,0.019721,2.0
74.0,206.0,0.000557,2.0
71.0,143.0,0.020478,2.0
76.0,142.0,0.002159,2.0
76.0,142.0,0.000213,2.0
76.0,175.0,0.000191,2.0
77.0,131.0,0.000296,2.0
77.0,131.0,0.00016,2.0
77.0,240.0,0.00028,2.0
76.0,144.0,0.000231,2.0
76.0,253.0,0.000302,2.0
79.0,79.0,0.666489,2.0
71.0,143.0,0.000248,2.0
71.0,269.0,0.020824,2.0
2604.0,1394.0,251.812317,24.0
79.0,131.0,0.000204,2.0
79.0,131.0,0.000172,2.0
79.0,181.0,0.000262,2.0
846.0,888.0,0.058884,10.0
906.0,988.0,0.00543,9.0
79.0,215.0,0.000287,2.0
79.0,396.0,0.000408,2.0
3904.0,41426.0,301.677002,71.0
3991.0,26681.0,301.676971,57.0
6497.0,28231.0,321.677734,67.0
2098.0,9022.0,301.676941,31.0
1523.0,5243.0,301.67691,28.0
1903.0,15602.0,301.676941,40.0
80.0,218.0,0.000339,2.0
80.0,511.0,0.000496,2.0
1713.0,3081.0,81.625687,18.0
1068.0,3332.0,81.58886,15.0
1129.0,3683.0,81.588501,17.0
1068.0,3211.0,81.58857,15.0
83.0,181.0,0.000343,2.0
83.0,169.0,0.000272,2.0
81.0,217.0,0.000237,2.0
81.0,398.0,0.002737,2.0
2187.0,6140.0,301.305817,28.0
1525.0,3716.0,301.302917,26.0
2589.0,28637.0,301.302307,58.0
2130.0,18752.0,301.301727,44.0
272.0,140.0,11.281183,6.0
79.0,160.0,0.002092,2.0
66.0,131.0,0.000325,2.0
66.0,131.0,0.000374,2.0
66.0,232.0,0.000404,2.0
79.0,193.0,0.000453,2.0
79.0,79.0,0.000232,2.0
79.0,79.0,0.000384,2.0
79.0,79.0,0.000217,2.0
79.0,223.0,0.03078,2.0
819.0,807.0,0.197785,11.0
1044.0,945.0,0.004498,9.0
74.0,326.0,0.000392,2.0
74.0,326.0,0.000359,2.0
272.0,140.0,0.018428,6.0
820.0,807.0,3.004493,11.0
74.0,143.0,0.000616,2.0
74.0,143.0,0.000411,2.0
74.0,325.0,0.020815,2.0
74.0,325.0,0.020554,2.0
7168.0,15286.0,310.410858,54.0
3653.0,39151.0,250.410172,70.0
1291.0,1797.0,240.409241,21.0
3368.0,35935.0,250.410172,66.0
2903.0,20850.0,250.40976,48.0
1355.0,2145.0,240.40921,23.0
1287.0,1961.0,240.408829,21.0
1287.0,1601.0,240.408691,21.0
3109.0,25237.0,250.410156,54.0
1354.0,2164.0,240.408813,23.0
994.0,856.0,0.004032,9.0
2239.0,13014.0,250.344269,38.0
272.0,140.0,10.327261,6.0
74.0,144.0,0.003144,2.0
74.0,326.0,0.001537,2.0
735.0,807.0,0.017675,10.0
272.0,140.0,18.314215,6.0
83.0,159.0,0.00041,2.0
83.0,272.0,0.000426,2.0
969.0,856.0,0.00463,9.0
73.0,142.0,0.000321,2.0
73.0,484.0,0.000543,2.0
1395.0,1124.0,248.314438,21.0
1395.0,1124.0,248.314041,21.0
77.0,122.0,0.000323,2.0
77.0,122.0,0.000375,2.0
77.0,163.0,0.018805,2.0
74.0,326.0,0.000609,2.0
74.0,326.0,0.000468,2.0
272.0,140.0,0.01822,6.0
74.0,326.0,0.000384,2.0
74.0,326.0,0.000286,2.0
272.0,140.0,0.01817,6.0
81.0,163.0,0.000279,2.0
81.0,199.0,0.000276,2.0
549.0,670.0,0.242992,10.0
74.0,326.0,0.000333,2.0
74.0,326.0,0.000391,2.0
272.0,140.0,0.019212,6.0
67.0,133.0,0.00363,2.0
67.0,133.0,0.00021,2.0
67.0,166.0,0.001819,2.0
78.0,162.0,0.00031,2.0
78.0,504.0,0.000353,2.0
272.0,140.0,12.80226,6.0
73.0,171.0,0.000323,2.0
73.0,353.0,0.000394,2.0
67.0,135.0,0.010288,2.0
67.0,123.0,0.002783,2.0
71.0,158.0,0.005161,2.0
71.0,146.0,0.002769,2.0
83.0,138.0,0.002969,2.0
83.0,138.0,0.000224,2.0
83.0,201.0,0.002021,2.0
847.0,9287.0,0.082422,15.0
76.0,121.0,0.000286,2.0
76.0,121.0,0.000228,2.0
76.0,162.0,0.000291,2.0
70.0,136.0,0.000163,2.0
70.0,136.0,0.000156,2.0
70.0,169.0,0.000229,2.0
789.0,1450.0,0.007337,10.0
801.0,1385.0,0.005215,10.0
886.0,787.0,0.030183,10.0
72.0,132.0,0.031037,2.0
73.0,136.0,0.000254,2.0
88.0,88.0,0.006239,2.0
73.0,142.0,0.000474,2.0
77.0,125.0,0.021238,2.0
88.0,88.0,0.004582,2.0
88.0,149.0,0.004963,2.0
72.0,136.0,0.031577,2.0
77.0,125.0,0.000127,2.0
77.0,160.0,0.02048,2.0
72.0,132.0,0.000389,2.0
72.0,141.0,0.008368,2.0
81.0,150.0,0.003979,2.0
74.0,158.0,0.00513,2.0
81.0,213.0,0.002438,2.0
72.0,136.0,0.000495,2.0
78.0,129.0,0.00714,2.0
72.0,167.0,0.019225,2.0
74.0,198.0,0.002068,2.0
75.0,162.0,0.004223,2.0
78.0,129.0,0.000173,2.0
78.0,135.0,0.002166,2.0
75.0,150.0,0.000351,2.0
76.0,140.0,0.007353,2.0
76.0,143.0,0.029263,2.0
76.0,174.0,0.002002,2.0
76.0,139.0,0.003385,2.0
79.0,160.0,0.000328,2.0
79.0,167.0,0.000257,2.0
74.0,140.0,0.000333,2.0
74.0,140.0,0.000171,2.0
74.0,173.0,0.000329,2.0
76.0,145.0,0.00189,2.0
75.0,142.0,0.008673,2.0
75.0,194.0,0.001945,2.0
76.0,149.0,0.002286,2.0
74.0,326.0,0.000439,2.0
74.0,326.0,0.00028,2.0
272.0,140.0,0.018167,6.0
1046.0,9450.0,0.431482,17.0
897.0,1494.0,0.006981,10.0
1002.0,787.0,0.015528,10.0
1055.0,1756.0,0.041332,10.0
942.0,1450.0,0.006978,10.0
1077.0,21569.0,0.008742,26.0
1079.0,787.0,0.023781,10.0
74.0,326.0,0.000368,2.0
74.0,326.0,0.000285,2.0
272.0,206.0,0.018321,7.0
1171.0,9479.0,0.052138,16.0
981.0,1450.0,0.006748,10.0
1127.0,787.0,0.061229,10.0
81.0,163.0,0.000227,2.0
81.0,199.0,0.000306,2.0
549.0,670.0,0.239176,10.0
74.0,326.0,0.000432,2.0
74.0,326.0,0.000343,2.0
272.0,140.0,0.017828,6.0
1155.0,9479.0,0.026701,16.0
976.0,1450.0,0.007421,10.0
1111.0,787.0,0.029048,10.0
1041.0,1756.0,0.015878,10.0
928.0,1450.0,0.010182,10.0
1065.0,787.0,0.015125,10.0
74.0,326.0,0.00047,2.0
74.0,326.0,0.000231,2.0
272.0,206.0,0.018619,7.0
79.0,153.0,0.000265,2.0
79.0,495.0,0.000297,2.0
25372.0,2055.0,240.308182,52.0
1055.0,1754.0,0.021091,10.0
962.0,1494.0,0.00708,10.0
1141.0,26028.0,0.009095,30.0
1079.0,787.0,0.014578,10.0
1137.0,9527.0,0.04666,17.0
988.0,1494.0,0.081119,10.0
1093.0,787.0,0.029473,10.0
1123.0,787.0,0.365765,11.0
920.0,1450.0,0.008177,10.0
74.0,326.0,0.000415,2.0
74.0,326.0,0.000344,2.0
272.0,206.0,0.018656,7.0
1045.0,1751.0,0.017374,10.0
922.0,1450.0,0.075546,10.0
1069.0,787.0,0.040666,10.0
81.0,163.0,0.00033,2.0
81.0,199.0,0.000407,2.0
549.0,669.0,0.23952,10.0
1033.0,1752.0,0.137812,10.0
1057.0,787.0,0.28831,10.0
1077.0,17297.0,2.863547,24.0
1121.0,1692.0,2.863363,11.0
1145.0,787.0,2.863569,11.0
1177.0,9577.0,8.408542,19.0
932.0,1450.0,2.617564,10.0
314.0,386.0,10.425823,8.0
338.0,418.0,10.425849,8.0
314.0,386.0,10.425814,8.0
314.0,386.0,10.425728,8.0
314.0,386.0,10.42569,8.0
84.0,178.0,0.00028,2.0
84.0,312.0,0.000319,2.0
272.0,140.0,10.44314,6.0
272.0,140.0,10.442485,6.0
272.0,140.0,10.44244,6.0
272.0,140.0,10.442695,6.0
272.0,140.0,10.442695,6.0
74.0,326.0,0.000312,2.0
74.0,326.0,0.000287,2.0
272.0,140.0,0.018572,6.0
1057.0,787.0,0.306509,10.0
1113.0,861.0,8.291197,12.0
1091.0,1725.0,8.192493,12.0
1170.0,1881.0,10.96782,14.0
1202.0,27242.0,8.270284,32.0
71.0,158.0,0.000423,2.0
71.0,146.0,0.00044,2.0
74.0,326.0,0.000386,2.0
74.0,326.0,0.001221,2.0
272.0,206.0,0.018056,7.0
76.0,121.0,0.00021,2.0
76.0,121.0,0.000171,2.0
76.0,162.0,0.00018,2.0
70.0,136.0,0.000175,2.0
70.0,136.0,0.000163,2.0
70.0,169.0,0.000263,2.0
930.0,1494.0,0.007626,10.0
72.0,132.0,0.000199,2.0
83.0,138.0,0.000147,2.0
73.0,136.0,0.000214,2.0
72.0,132.0,0.0002,2.0
83.0,138.0,0.000148,2.0
73.0,142.0,0.000247,2.0
72.0,157.0,0.000276,2.0
83.0,201.0,0.000323,2.0
88.0,88.0,0.005008,2.0
77.0,125.0,0.000436,2.0
72.0,136.0,0.000394,2.0
77.0,125.0,0.000259,2.0
72.0,136.0,0.000235,2.0
77.0,160.0,0.000299,2.0
72.0,167.0,0.00024,2.0
81.0,150.0,0.000186,2.0
74.0,158.0,0.000242,2.0
81.0,213.0,0.000428,2.0
74.0,198.0,0.000457,2.0
78.0,129.0,0.000266,2.0
76.0,140.0,0.000239,2.0
78.0,129.0,0.000195,2.0
88.0,88.0,0.005043,2.0
76.0,206.0,0.000524,2.0
78.0,135.0,0.000411,2.0
76.0,143.0,0.000177,2.0
76.0,139.0,0.000269,2.0
76.0,149.0,0.000271,2.0
76.0,145.0,0.000252,2.0
74.0,140.0,0.000216,2.0
75.0,142.0,0.000273,2.0
74.0,140.0,0.000233,2.0
75.0,194.0,0.000224,2.0
74.0,173.0,0.000343,2.0
88.0,149.0,0.000256,2.0
901.0,1450.0,0.067831,10.0
1104.0,787.0,0.02783,11.0
74.0,326.0,0.000475,2.0
74.0,326.0,0.000344,2.0
272.0,140.0,0.017875,6.0
1028.0,1741.0,0.074165,10.0
947.0,1494.0,0.006559,10.0
1053.0,787.0,0.069299,10.0
1042.0,1747.0,0.051245,10.0
959.0,1494.0,0.008045,10.0
1066.0,787.0,0.051654,10.0
81.0,163.0,0.000324,2.0
81.0,199.0,0.00032,2.0
549.0,669.0,0.236819,10.0
74.0,326.0,0.000311,2.0
74.0,326.0,0.000309,2.0
272.0,140.0,0.018054,6.0
76.0,181.0,0.000318,2.0
76.0,200.0,0.00033,2.0
81.0,133.0,0.181805,2.0
81.0,133.0,0.000377,2.0
81.0,323.0,0.040648,2.0
74.0,326.0,0.000411,2.0
74.0,326.0,0.000382,2.0
272.0,140.0,0.018169,6.0
875.0,1169.0,0.491622,15.0
1411.0,3410.0,0.307176,22.0
895.0,1169.0,0.241458,15.0
1162.0,1515.0,0.376755,16.0
1142.0,1507.0,0.285084,16.0
79.0,129.0,0.017058,2.0
79.0,129.0,0.000306,2.0
79.0,270.0,0.000476,2.0
73.0,171.0,0.000321,2.0
73.0,353.0,0.00034,2.0
1162.0,1515.0,0.355189,16.0
75.0,167.0,1.274564,2.0
75.0,208.0,0.02031,2.0
85.0,171.0,0.000231,2.0
75.0,132.0,0.019778,2.0
74.0,144.0,0.000557,2.0
85.0,273.0,0.010066,2.0
74.0,326.0,0.000444,2.0
75.0,132.0,0.000262,2.0
75.0,234.0,0.000332,2.0
4520.0,14997.0,240.533813,49.0
78.0,128.0,0.019988,2.0
75.0,125.0,0.020025,2.0
76.0,180.0,0.000511,2.0
76.0,314.0,0.000346,2.0
75.0,152.0,0.000305,2.0
75.0,302.0,0.000324,2.0
74.0,155.0,0.000213,2.0
74.0,337.0,0.000268,2.0
79.0,189.0,0.00027,2.0
79.0,339.0,0.000282,2.0
75.0,75.0,0.143791,2.0
78.0,128.0,0.000251,2.0
75.0,125.0,0.000258,2.0
78.0,230.0,0.020083,2.0
75.0,467.0,0.000479,2.0
77.0,161.0,0.00018,2.0
77.0,295.0,0.019996,2.0
76.0,147.0,0.000269,2.0
76.0,489.0,0.000392,2.0
79.0,184.0,0.000386,2.0
90.0,176.0,0.000294,2.0
90.0,278.0,0.000391,2.0
79.0,526.0,0.000502,2.0
79.0,213.0,0.139621,2.0
81.0,144.0,0.000382,2.0
81.0,144.0,0.000209,2.0
81.0,217.0,0.000316,2.0
84.0,144.0,0.000256,2.0
84.0,144.0,0.000202,2.0
84.0,289.0,0.00037,2.0
79.0,140.0,0.000364,2.0
79.0,140.0,0.000166,2.0
79.0,173.0,0.000298,2.0
82.0,157.0,0.000195,2.0
82.0,190.0,0.000274,2.0
76.0,147.0,0.018992,2.0
76.0,306.0,0.017401,2.0
84.0,139.0,0.000246,2.0
84.0,139.0,0.000237,2.0
84.0,178.0,0.000322,2.0
75.0,159.0,0.000307,2.0
75.0,309.0,0.000361,2.0
80.0,162.0,0.000219,2.0
80.0,162.0,0.000259,2.0
75.0,75.0,0.145154,2.0
79.0,365.0,0.002076,2.0
75.0,75.0,0.14785,2.0
75.0,75.0,0.143898,2.0
75.0,307.0,0.000411,2.0
74.0,326.0,0.000601,2.0
74.0,326.0,0.000287,2.0
272.0,140.0,0.018235,6.0
81.0,163.0,0.00025,2.0
81.0,199.0,0.000324,2.0
549.0,670.0,0.245328,10.0
74.0,326.0,0.000367,2.0
74.0,326.0,0.000329,2.0
272.0,140.0,0.01785,6.0
8804.0,68737.0,313.13916,129.0
80.0,218.0,0.000496,2.0
79.0,215.0,0.000341,2.0
79.0,396.0,0.002347,2.0
80.0,511.0,0.000533,2.0
1860.0,13648.0,313.036072,34.0
272.0,140.0,13.015402,6.0
272.0,140.0,13.015364,6.0
83.0,181.0,0.017176,2.0
83.0,169.0,0.017792,2.0
81.0,223.0,0.000334,2.0
81.0,548.0,0.002015,2.0
1032.0,9055.0,52.039379,20.0
2704.0,4152.0,92.025078,25.0
77.0,122.0,0.000215,2.0
77.0,122.0,0.000149,2.0
77.0,163.0,0.017085,2.0
4069.0,10639.0,311.119904,45.0
933.0,606.0,70.752785,13.0
85.0,129.0,0.00021,2.0
85.0,129.0,0.000291,2.0
85.0,271.0,0.000235,2.0
272.0,140.0,10.890088,6.0
272.0,206.0,10.896328,7.0
272.0,206.0,10.889898,7.0
272.0,140.0,10.890389,6.0
77028.0,26452.0,3123.084961,339.0
1466.0,206.0,2.342106,8.0
74.0,326.0,0.000403,2.0
74.0,326.0,0.000321,2.0
272.0,140.0,0.018497,6.0
83.0,225.0,0.00041,2.0
83.0,486.0,0.020023,2.0
47826.0,88665.0,458.676239,232.0
92106.0,285134.0,3119.873779,753.0
83.0,225.0,0.000272,2.0
83.0,225.0,0.000277,2.0
83.0,225.0,0.000215,2.0
83.0,486.0,0.020354,2.0
83.0,438.0,0.000543,2.0
83.0,542.0,0.000478,2.0
83.0,225.0,0.00027,2.0
83.0,225.0,0.000361,2.0
83.0,422.0,0.000477,2.0
83.0,542.0,0.000507,2.0
74.0,326.0,0.000323,2.0
74.0,326.0,0.000374,2.0
272.0,140.0,0.017927,6.0
76.0,121.0,0.000193,2.0
76.0,121.0,0.000242,2.0
76.0,162.0,0.000208,2.0
17327.0,712984.0,435.108307,702.0
9303.0,319861.0,445.10672,329.0
8725.0,311382.0,435.105591,323.0
12536.0,549461.0,435.105438,532.0
12324.0,484474.0,425.105469,480.0
83.0,225.0,0.000345,2.0
83.0,542.0,0.021627,2.0
86.0,303.0,0.000226,2.0
86.0,303.0,0.000337,2.0
81.0,163.0,0.000351,2.0
81.0,199.0,0.000343,2.0
549.0,669.0,0.294143,10.0
10411.0,366357.0,420.798279,374.0
74.0,326.0,0.000205,2.0
74.0,326.0,0.000306,2.0
272.0,140.0,0.018076,6.0
74.0,326.0,0.000345,2.0
74.0,326.0,0.000221,2.0
272.0,140.0,0.018466,6.0
78.0,142.0,0.000316,2.0
78.0,183.0,0.01723,2.0
21675.0,7422.0,427.134796,54.0
74.0,326.0,0.000407,2.0
74.0,326.0,0.00049,2.0
272.0,206.0,0.018421,7.0
81.0,163.0,0.000256,2.0
81.0,199.0,0.000262,2.0
549.0,670.0,0.24347,10.0
74.0,326.0,0.019698,2.0
74.0,326.0,0.000348,2.0
272.0,140.0,0.018246,6.0
74.0,326.0,0.000386,2.0
74.0,326.0,0.000366,2.0
272.0,206.0,0.018437,7.0
74.0,326.0,0.00047,2.0
74.0,326.0,0.00029,2.0
272.0,206.0,0.018049,7.0
81.0,163.0,0.000372,2.0
81.0,199.0,0.000167,2.0
549.0,670.0,0.21785,10.0
74.0,326.0,0.000353,2.0
74.0,326.0,0.000407,2.0
272.0,140.0,0.018393,6.0
76.0,121.0,0.005603,2.0
76.0,121.0,0.002325,2.0
76.0,162.0,0.00233,2.0
83.0,225.0,0.00035,2.0
83.0,542.0,0.019486,2.0
10690.0,398202.0,357.684235,404.0
83.0,225.0,0.000326,2.0
83.0,225.0,0.000266,2.0
83.0,225.0,0.018805,2.0
83.0,470.0,0.04393,2.0
83.0,486.0,0.044532,2.0
83.0,542.0,0.021811,2.0
83.0,225.0,0.000481,2.0
83.0,422.0,0.033619,2.0
83.0,225.0,0.00037,2.0
83.0,225.0,0.018484,2.0
83.0,454.0,0.020863,2.0
83.0,542.0,0.021707,2.0
74.0,326.0,0.000365,2.0
74.0,326.0,0.00038,2.0
272.0,140.0,0.018066,6.0
75.0,75.0,0.144467,2.0
75.0,75.0,0.145347,2.0
75.0,75.0,0.145215,2.0
75.0,75.0,0.144203,2.0
75.0,307.0,0.000409,2.0
2781.0,4270.0,240.138351,37.0
74.0,326.0,0.000447,2.0
74.0,326.0,0.000414,2.0
272.0,140.0,0.018216,6.0
74.0,326.0,0.000438,2.0
74.0,326.0,0.00036,2.0
272.0,206.0,0.018121,7.0
81.0,163.0,0.000227,2.0
81.0,199.0,0.000305,2.0
549.0,670.0,0.243312,10.0
74.0,326.0,0.000303,2.0
74.0,326.0,0.000285,2.0
272.0,206.0,0.018715,7.0
83.0,225.0,0.000369,2.0
83.0,526.0,0.020665,2.0
8147.0,340402.0,315.048187,337.0
74.0,326.0,0.00033,2.0
74.0,326.0,0.000302,2.0
272.0,140.0,0.020564,6.0
74.0,326.0,0.000391,2.0
74.0,326.0,0.000305,2.0
272.0,140.0,0.018528,6.0
81.0,163.0,0.00026,2.0
81.0,199.0,0.000398,2.0
549.0,670.0,0.252131,10.0
74.0,326.0,0.000295,2.0
74.0,326.0,0.000329,2.0
272.0,140.0,0.017806,6.0
83.0,225.0,0.000248,2.0
76.0,121.0,0.000257,2.0
83.0,486.0,0.033735,2.0
76.0,121.0,0.000366,2.0
76.0,162.0,0.000491,2.0
81.0,223.0,0.000398,2.0
81.0,223.0,0.000303,2.0
81.0,548.0,0.000637,2.0
81.0,548.0,0.002611,2.0
979.0,5865.0,110.124077,18.0
1048.0,9478.0,60.119125,21.0
74.0,326.0,0.000434,2.0
74.0,326.0,0.000278,2.0
272.0,140.0,0.018337,6.0
77.0,122.0,0.000226,2.0
77.0,122.0,0.000188,2.0
77.0,163.0,0.017332,2.0
80.0,218.0,0.00035,2.0
80.0,511.0,0.002442,2.0
1565.0,4446.0,110.656662,21.0
74.0,326.0,0.000283,2.0
74.0,326.0,0.000318,2.0
272.0,206.0,0.018097,7.0
81.0,163.0,0.000297,2.0
81.0,199.0,0.000293,2.0
549.0,669.0,0.258348,10.0
74.0,326.0,0.000304,2.0
74.0,326.0,0.000377,2.0
272.0,140.0,0.018293,6.0
75.0,159.0,0.000319,2.0
75.0,309.0,0.000392,2.0
74.0,326.0,0.00043,2.0
74.0,326.0,0.000293,2.0
272.0,140.0,0.01937,6.0
74.0,326.0,0.000118,2.0
74.0,326.0,0.000266,2.0
272.0,140.0,0.018342,6.0
81.0,163.0,0.000188,2.0
81.0,199.0,0.000308,2.0
549.0,670.0,0.226153,10.0
75.0,75.0,0.143856,2.0
75.0,75.0,0.146393,2.0
75.0,75.0,0.144385,2.0
75.0,75.0,0.146163,2.0
75.0,307.0,0.000336,2.0
3187.0,1972.0,240.13916,36.0
74.0,326.0,0.00058,2.0
74.0,326.0,0.000325,2.0
272.0,206.0,0.018006,7.0
76.0,121.0,0.000199,2.0
76.0,121.0,0.000233,2.0
76.0,162.0,0.000221,2.0
898.0,3107.0,64.359993,14.0
1157.0,7753.0,74.361145,21.0
74.0,326.0,0.000301,2.0
74.0,326.0,0.000303,2.0
272.0,140.0,0.017787,6.0
67.0,133.0,0.000268,2.0
67.0,133.0,0.000183,2.0
67.0,166.0,0.000291,2.0
73.0,171.0,0.000313,2.0
73.0,353.0,0.000402,2.0
66.0,141.0,0.001861,2.0
66.0,141.0,0.000384,2.0
66.0,141.0,0.000191,2.0
7237.0,51583.0,247.274323,98.0
72.0,151.0,0.000251,2.0
272.0,140.0,17.259394,6.0
74.0,174.0,0.019771,2.0
272.0,140.0,17.259626,6.0
66.0,141.0,0.000286,2.0
272.0,140.0,17.25943,6.0
272.0,140.0,17.259556,6.0
75.0,132.0,0.000206,2.0
272.0,140.0,17.259417,6.0
72.0,493.0,0.00061,2.0
75.0,132.0,0.000196,2.0
75.0,234.0,0.000307,2.0
272.0,140.0,17.254234,6.0
272.0,140.0,17.254164,6.0
1398.0,1096.0,240.038666,26.0
1398.0,1096.0,240.038483,26.0
1398.0,1096.0,240.038132,26.0
74.0,356.0,0.000347,2.0
70.0,120.0,0.000227,2.0
76.0,180.0,0.000372,2.0
75.0,125.0,0.000266,2.0
70.0,120.0,0.000141,2.0
76.0,314.0,0.000325,2.0
70.0,302.0,0.000383,2.0
75.0,125.0,0.000303,2.0
75.0,467.0,0.000306,2.0
75.0,152.0,0.000177,2.0
74.0,155.0,0.00022,2.0
75.0,302.0,0.000273,2.0
74.0,337.0,0.00039,2.0
79.0,189.0,0.000257,2.0
75.0,75.0,0.145415,2.0
79.0,339.0,0.000495,2.0
79.0,150.0,0.000311,2.0
79.0,332.0,0.000366,2.0
77.0,161.0,0.000367,2.0
77.0,295.0,0.00038,2.0
76.0,147.0,0.000319,2.0
76.0,489.0,0.000291,2.0
79.0,184.0,0.000283,2.0
79.0,526.0,0.000421,2.0
74.0,144.0,0.000232,2.0
74.0,326.0,0.000296,2.0
75.0,75.0,0.144348,2.0
1986.0,3433.0,246.818878,23.0
78.0,128.0,0.000169,2.0
76.0,181.0,0.000141,2.0
78.0,128.0,0.000293,2.0
76.0,200.0,0.000388,2.0
78.0,230.0,0.000346,2.0
79.0,161.0,0.019379,2.0
76.0,143.0,0.131952,2.0
75.0,75.0,0.145027,2.0
79.0,263.0,0.000421,2.0
76.0,76.0,0.392849,2.0
76.0,143.0,0.000341,2.0
76.0,166.0,0.135476,2.0
75.0,75.0,0.144508,2.0
90.0,176.0,0.000305,2.0
90.0,278.0,0.000302,2.0
69.0,145.0,0.378558,2.0
75.0,307.0,0.000327,2.0
73.0,143.0,0.006733,2.0
73.0,143.0,0.000304,2.0
73.0,233.0,0.001912,2.0
74.0,141.0,0.11342,2.0
854.0,8052.0,0.277503,15.0
898.0,1771.0,0.361999,10.0
76.0,76.0,0.200133,2.0
74.0,141.0,0.000203,2.0
74.0,144.0,0.105477,2.0
83.0,140.0,0.147724,2.0
76.0,149.0,0.18671,2.0
69.0,145.0,0.000195,2.0
69.0,168.0,0.174084,2.0
83.0,140.0,0.000265,2.0
83.0,148.0,0.147842,2.0
945.0,4952.0,0.01179,13.0
2529.0,123603.0,0.048752,115.0
2120.0,76002.0,0.02125,78.0
873.0,5258.0,0.201028,12.0
864.0,2911.0,0.019633,11.0
999.0,11918.0,0.013262,18.0
948.0,4615.0,0.011712,13.0
892.0,2985.0,0.010919,11.0
926.0,11714.0,0.010642,17.0
931.0,7670.0,0.011012,14.0
886.0,1968.0,0.010419,11.0
875.0,4409.0,0.008153,12.0
72.0,147.0,0.000319,2.0
72.0,411.0,0.000333,2.0
73.0,149.0,0.380578,2.0
1003.0,16682.0,0.011072,21.0
875.0,924.0,0.00922,10.0
872.0,850.0,0.008044,10.0
3642.0,193574.0,0.040236,178.0
869.0,4062.0,0.008558,12.0
1132.0,9696.0,0.01329,19.0
1293.0,23029.0,0.011439,30.0
1293.0,28694.0,0.013257,33.0
1365.0,26016.0,0.014582,33.0
871.0,646.0,0.013101,10.0
1137.0,22745.0,0.016279,28.0
863.0,618.0,0.010272,10.0
879.0,925.0,0.01042,10.0
883.0,6207.0,0.012876,12.0
949.0,4938.0,0.013272,13.0
883.0,3372.0,0.015816,12.0
951.0,7871.0,0.008252,15.0
883.0,6092.0,0.009038,12.0
871.0,1193.0,0.009125,10.0
953.0,5162.0,0.010242,13.0
936.0,7413.0,0.008155,14.0
949.0,6922.0,0.014187,14.0
951.0,5601.0,0.012388,13.0
949.0,8187.0,0.013566,15.0
952.0,6222.0,0.012473,13.0
870.0,2500.0,0.010184,11.0
886.0,5097.0,0.011744,12.0
949.0,5314.0,0.012093,13.0
885.0,6052.0,0.009066,12.0
1018.0,8744.0,0.021877,16.0
886.0,5097.0,0.008237,12.0
952.0,7307.0,0.019812,14.0
880.0,925.0,0.017952,10.0
865.0,1743.0,0.014615,10.0
872.0,645.0,0.013945,10.0
879.0,811.0,0.014778,10.0
872.0,1547.0,0.010261,10.0
871.0,1731.0,0.010995,10.0
868.0,1786.0,0.011713,10.0
73.0,150.0,0.145615,2.0
878.0,1616.0,0.008144,10.0
871.0,704.0,0.005052,10.0
883.0,639.0,0.005693,10.0
883.0,1129.0,0.007595,10.0
74.0,148.0,0.000262,2.0
76.0,140.0,0.002156,2.0
84.0,178.0,0.000355,2.0
74.0,178.0,0.000425,2.0
84.0,312.0,0.000342,2.0
5406.0,2582.0,285.401642,33.0
76.0,140.0,0.000375,2.0
76.0,174.0,0.002105,2.0
4410.0,2155.0,245.363464,25.0
1770.0,57999.0,0.015367,58.0
71.0,153.0,0.000293,2.0
71.0,287.0,0.009889,2.0
3646.0,158907.0,245.135086,165.0
72.0,151.0,0.019925,2.0
72.0,285.0,0.019857,2.0
2196.0,24814.0,244.833282,53.0
1187.0,7479.0,0.269116,14.0
1084.0,5258.0,0.179927,12.0
2740.0,123603.0,0.044612,115.0
1476.0,21913.0,0.013717,29.0
1079.0,2487.0,0.012654,11.0
1084.0,4407.0,0.013018,12.0
1084.0,644.0,0.008037,10.0
1081.0,626.0,0.012317,10.0
1080.0,687.0,0.008131,10.0
1082.0,677.0,0.010557,10.0
1096.0,852.0,0.008726,10.0
1092.0,826.0,0.01095,10.0
1085.0,742.0,0.006419,10.0
1092.0,828.0,0.008144,10.0
1096.0,851.0,0.008169,10.0
1095.0,5838.0,0.009445,12.0
1163.0,5794.0,0.009013,13.0
1095.0,5950.0,0.009933,12.0
1097.0,5778.0,0.009329,12.0
1095.0,5689.0,0.009042,12.0
1161.0,6345.0,0.009244,14.0
1097.0,5468.0,0.008645,12.0
1163.0,6332.0,0.010854,14.0
1097.0,4940.0,0.00808,12.0
1097.0,4570.0,0.009989,12.0
1163.0,4980.0,0.009804,13.0
1163.0,6688.0,0.010138,14.0
1078.0,758.0,0.008924,10.0
1087.0,624.0,0.009458,10.0
1085.0,654.0,0.008585,10.0
1082.0,646.0,0.005399,10.0
74.0,326.0,0.000432,2.0
74.0,326.0,0.000366,2.0
272.0,206.0,0.018137,7.0
81.0,163.0,0.000272,2.0
81.0,199.0,0.000306,2.0
549.0,669.0,0.24785,10.0
1207.0,7132.0,0.436277,14.0
1094.0,5258.0,0.170001,12.0
3344.0,123603.0,0.043507,124.0
1083.0,841.0,0.010478,10.0
1105.0,4574.0,0.010809,12.0
1170.0,4331.0,0.012844,13.0
1105.0,4879.0,0.010332,12.0
1105.0,4574.0,0.014033,12.0
1104.0,4944.0,0.014094,12.0
1106.0,5209.0,0.010898,12.0
1104.0,4463.0,0.009283,12.0
1087.0,956.0,0.006385,10.0
74.0,326.0,0.000349,2.0
74.0,326.0,0.000468,2.0
272.0,140.0,0.017828,6.0
1236.0,8384.0,0.242233,15.0
1113.0,5258.0,0.181678,12.0
2967.0,123603.0,0.049566,118.0
1168.0,7368.0,0.015003,14.0
1104.0,2832.0,0.015747,11.0
1172.0,6577.0,0.017556,14.0
1113.0,4205.0,0.013142,12.0
83.0,225.0,0.00022,2.0
83.0,225.0,0.000297,2.0
83.0,225.0,0.000331,2.0
83.0,225.0,0.000363,2.0
81.0,223.0,0.004134,2.0
83.0,542.0,0.020065,2.0
83.0,422.0,0.172673,2.0
81.0,223.0,0.001534,2.0
81.0,223.0,0.001666,2.0
80.0,218.0,0.001414,2.0
83.0,542.0,0.021889,2.0
83.0,486.0,0.066961,2.0
272.0,210.0,16.590237,7.0
272.0,210.0,16.590282,7.0
81.0,548.0,0.004086,2.0
80.0,511.0,0.00482,2.0
81.0,548.0,0.004318,2.0
81.0,548.0,0.00321,2.0
272.0,140.0,16.500317,6.0
272.0,140.0,16.5005,6.0
272.0,140.0,16.500179,6.0
79.0,215.0,0.000611,2.0
272.0,206.0,16.500513,7.0
272.0,140.0,16.50032,6.0
272.0,140.0,16.491169,6.0
272.0,140.0,16.491173,6.0
272.0,140.0,16.491121,6.0
79.0,396.0,0.000505,2.0
272.0,140.0,16.498819,6.0
272.0,140.0,16.499231,6.0
272.0,140.0,16.498861,6.0
272.0,140.0,16.482931,6.0
272.0,140.0,16.482828,6.0
272.0,140.0,16.482826,6.0
272.0,140.0,16.483028,6.0
272.0,140.0,16.48299,6.0
272.0,140.0,16.47921,6.0
272.0,140.0,16.478811,6.0
272.0,140.0,16.47928,6.0
272.0,140.0,16.477215,6.0
272.0,140.0,16.477167,6.0
272.0,140.0,16.477091,6.0
272.0,140.0,16.426149,6.0
272.0,140.0,16.426065,6.0
272.0,140.0,16.426155,6.0
1192.0,9641.0,0.010376,16.0
1119.0,1986.0,0.009829,11.0
1115.0,4033.0,0.011328,12.0
1115.0,3953.0,0.012603,12.0
1115.0,3664.0,0.014045,12.0
1115.0,4186.0,0.014776,12.0
93.0,167.0,0.000287,2.0
93.0,509.0,0.000382,2.0
2853.0,1054.0,246.449615,24.0
1123.0,2266.0,0.0095,11.0
1106.0,623.0,0.006749,10.0
1108.0,2254.0,0.008883,11.0
1112.0,1913.0,0.00879,11.0
1119.0,1243.0,0.006126,10.0
1123.0,2266.0,0.009892,11.0
1110.0,2197.0,0.007581,11.0
1117.0,1864.0,0.009186,11.0
1123.0,2266.0,0.008392,11.0
1123.0,2266.0,0.009635,11.0
1123.0,2266.0,0.010106,11.0
1115.0,1305.0,0.008159,10.0
1115.0,3585.0,0.010034,12.0
1115.0,3911.0,0.008879,12.0
1115.0,4061.0,0.008926,12.0
1308.0,13744.0,0.032622,20.0
272.0,140.0,16.326141,6.0
272.0,140.0,16.3265,6.0
272.0,140.0,16.326115,6.0
1105.0,1931.0,0.008422,11.0
1716.0,42370.0,0.013799,45.0
74.0,326.0,0.000327,2.0
74.0,326.0,0.00037,2.0
272.0,140.0,0.018124,6.0
1285.0,7206.0,8.666916,16.0
272.0,140.0,15.659339,6.0
272.0,140.0,15.659331,6.0
272.0,140.0,15.658877,6.0
272.0,140.0,15.658856,6.0
350.0,214.0,15.641329,8.0
350.0,214.0,15.64133,8.0
350.0,214.0,15.641232,8.0
350.0,214.0,15.641399,8.0
350.0,214.0,15.64127,8.0
75.0,159.0,0.000337,2.0
75.0,309.0,0.000381,2.0
272.0,140.0,15.647139,6.0
272.0,140.0,15.646613,6.0
74.0,326.0,0.000421,2.0
74.0,326.0,0.000363,2.0
272.0,140.0,0.018097,6.0
81.0,163.0,0.000282,2.0
81.0,199.0,0.000302,2.0
549.0,670.0,0.273283,10.0
74.0,326.0,0.000335,2.0
74.0,326.0,0.000332,2.0
272.0,206.0,0.018233,7.0
875.0,1169.0,0.330685,15.0
1142.0,1507.0,0.64343,16.0
895.0,1169.0,0.306222,15.0
1162.0,1515.0,0.268998,16.0
1162.0,1515.0,0.248119,16.0
1142.0,1507.0,0.2894,16.0
11643.0,9564.0,300.640808,77.0
74.0,326.0,0.000457,2.0
74.0,326.0,0.000319,2.0
272.0,206.0,0.017878,7.0
74.0,326.0,0.000282,2.0
74.0,326.0,0.000328,2.0
272.0,140.0,0.017969,6.0
81.0,163.0,0.000343,2.0
81.0,199.0,0.000359,2.0
549.0,669.0,0.233463,10.0
76.0,147.0,0.009645,2.0
76.0,489.0,0.000412,2.0
6970.0,62369.0,249.106873,104.0
74.0,326.0,0.000426,2.0
74.0,326.0,0.000358,2.0
272.0,206.0,0.018488,7.0
82.0,164.0,0.096851,2.0
82.0,266.0,0.000314,2.0
86.0,276.0,0.000401,2.0
86.0,276.0,0.000376,2.0
74.0,326.0,0.00043,2.0
74.0,326.0,0.00023,2.0
272.0,140.0,0.018278,6.0
74.0,326.0,0.000532,2.0
74.0,326.0,0.000423,2.0
272.0,206.0,0.018172,7.0
79.0,160.0,0.003843,2.0
79.0,177.0,0.00186,2.0
70.0,144.0,0.00023,2.0
70.0,145.0,0.000376,2.0
75.0,148.0,0.000293,2.0
75.0,149.0,0.000317,2.0
1166.0,765.0,0.016683,9.0
1845.0,21037.0,9.874626,33.0
1882.0,22559.0,0.020463,35.0
75.0,148.0,0.000377,2.0
75.0,149.0,0.000276,2.0
1041.0,665.0,0.029857,9.0
73.0,146.0,0.000229,2.0
73.0,147.0,0.000257,2.0
78.0,130.0,0.000251,2.0
78.0,130.0,0.000249,2.0
78.0,180.0,0.000331,2.0
1285.0,1004.0,0.005833,9.0
70.0,143.0,0.000264,2.0
70.0,144.0,0.000404,2.0
7708.0,112548.0,110.921593,139.0
72.0,146.0,0.001886,2.0
71.0,182.0,0.002217,2.0
73.0,146.0,0.000258,2.0
73.0,147.0,0.000397,2.0
72.0,147.0,0.000507,2.0
76.0,155.0,0.000272,2.0
5213.0,13113.0,94.436401,31.0
3176.0,8327.0,94.436462,21.0
71.0,200.0,0.000294,2.0
1120.0,586.0,0.017076,9.0
76.0,162.0,0.000223,2.0
1419.0,5939.0,0.216805,15.0
272.0,140.0,19.783981,6.0
1410.0,10102.0,0.010383,20.0
73.0,146.0,0.000287,2.0
73.0,129.0,0.000188,2.0
77.0,151.0,0.000307,2.0
73.0,129.0,0.000213,2.0
73.0,147.0,0.000303,2.0
77.0,152.0,0.00046,2.0
73.0,146.0,0.000405,2.0
76.0,149.0,0.000337,2.0
78.0,151.0,0.000387,2.0
78.0,152.0,0.000144,2.0
76.0,150.0,0.000181,2.0
83.0,153.0,0.002516,2.0
78.0,151.0,0.000301,2.0
76.0,132.0,0.000303,2.0
76.0,132.0,0.000146,2.0
78.0,152.0,0.000289,2.0
76.0,171.0,0.000346,2.0
79.0,149.0,0.00237,2.0
83.0,170.0,0.000475,2.0
76.0,149.0,0.000333,2.0
76.0,150.0,0.000318,2.0
74.0,147.0,0.00022,2.0
74.0,148.0,0.000304,2.0
82.0,152.0,0.002146,2.0
79.0,166.0,0.000317,2.0
86.0,156.0,0.002184,2.0
84.0,154.0,0.002438,2.0
82.0,169.0,0.000393,2.0
86.0,173.0,0.000433,2.0
74.0,147.0,0.000276,2.0
84.0,171.0,0.00037,2.0
76.0,149.0,0.000308,2.0
74.0,148.0,0.000207,2.0
74.0,147.0,0.000184,2.0
76.0,150.0,0.000243,2.0
74.0,148.0,0.000236,2.0
81.0,151.0,0.002079,2.0
72.0,145.0,0.000356,2.0
74.0,147.0,0.000269,2.0
72.0,146.0,0.00024,2.0
74.0,148.0,0.000309,2.0
76.0,149.0,0.000295,2.0
74.0,147.0,0.000353,2.0
76.0,150.0,0.000327,2.0
81.0,168.0,0.000227,2.0
74.0,148.0,0.000313,2.0
76.0,149.0,0.000299,2.0
74.0,147.0,0.000262,2.0
80.0,150.0,0.002315,2.0
76.0,150.0,0.00043,2.0
74.0,148.0,0.00047,2.0
72.0,145.0,0.000174,2.0
73.0,146.0,0.000341,2.0
72.0,146.0,0.000295,2.0
73.0,147.0,0.000292,2.0
80.0,167.0,0.000216,2.0
83.0,139.0,0.000182,2.0
83.0,139.0,0.00019,2.0
83.0,200.0,0.000231,2.0
1869.0,7013.0,0.16221,17.0
70.0,143.0,0.000318,2.0
4513.0,23754.0,110.82782,41.0
6635.0,41803.0,110.665741,63.0
70.0,144.0,0.000177,2.0
13043.0,170919.0,110.826439,227.0
7575.0,82800.0,110.665588,114.0
11369.0,148476.0,110.826035,191.0
6848.0,85570.0,111.146355,120.0
81.0,157.0,0.000282,2.0
74.0,137.0,0.000252,2.0
81.0,175.0,0.000359,2.0
74.0,137.0,0.000359,2.0
74.0,134.0,0.00022,2.0
1533.0,18197.0,0.011653,30.0
79.0,131.0,0.000478,2.0
79.0,131.0,0.000188,2.0
79.0,181.0,0.000298,2.0
1096.0,868.0,0.032799,9.0
948.0,2425.0,0.00693,12.0
77.0,132.0,4.6e-05,2.0
77.0,132.0,0.000337,2.0
77.0,137.0,0.000235,2.0
77.0,129.0,0.0483,2.0
75.0,131.0,0.000304,2.0
75.0,131.0,0.000367,2.0
75.0,131.0,0.000315,2.0
75.0,131.0,0.000315,2.0
75.0,148.0,0.000198,2.0
75.0,148.0,0.000271,2.0
3357.0,6031.0,79.315681,23.0
7510.0,28047.0,79.315666,64.0
77.0,129.0,0.000242,2.0
77.0,227.0,0.011102,2.0
1034.0,458.0,0.121108,9.0
75.0,161.0,0.004357,2.0
75.0,194.0,0.000258,2.0
84.0,178.0,0.000242,2.0
84.0,312.0,0.000389,2.0
5661.0,2186.0,269.232727,30.0
12035.0,4166.0,269.221649,43.0
988.0,471.0,0.008905,7.0
76.0,140.0,0.000214,2.0
76.0,140.0,0.000201,2.0
76.0,174.0,0.000362,2.0
1170.0,1442.0,9.155196,11.0
1075.0,935.0,0.050752,9.0
272.0,140.0,19.112427,6.0
8373.0,2978.0,269.127441,36.0
72.0,145.0,0.000263,2.0
88.0,178.0,0.003833,2.0
75.0,148.0,0.002533,2.0
72.0,146.0,0.000618,2.0
75.0,149.0,0.000386,2.0
1072.0,2459.0,0.011631,9.0
88.0,195.0,0.002047,2.0
989.0,472.0,0.007715,7.0
73.0,143.0,0.000346,2.0
73.0,143.0,0.000148,2.0
73.0,233.0,0.000363,2.0
2266.0,30951.0,0.011439,48.0
24724.0,623072.0,0.082127,744.0
1129.0,471.0,0.012867,7.0
1266.0,2418.0,2.406406,13.0
81.0,163.0,0.000285,2.0
81.0,199.0,0.000242,2.0
549.0,670.0,0.23275,10.0
1422.0,4300.0,90.156204,14.0
5577.0,14249.0,106.314468,36.0
74.0,326.0,0.000342,2.0
74.0,326.0,0.00035,2.0
272.0,140.0,0.017894,6.0
1189.0,765.0,0.012828,9.0
266.0,327.0,10.159531,6.0
266.0,327.0,10.1591,6.0
206.0,130.0,10.158558,5.0
206.0,204.0,10.15867,6.0
206.0,204.0,10.158622,6.0
206.0,204.0,10.158536,6.0
206.0,204.0,10.158395,6.0
206.0,204.0,10.158268,6.0
1827.0,6799.0,0.156779,16.0
80.0,153.0,0.000195,2.0
2019.0,30089.0,0.262826,45.0
978.0,2267.0,0.268622,12.0
1094.0,4973.0,0.375266,15.0
428.0,288.0,10.157956,10.0
350.0,214.0,10.157916,8.0
494.0,420.0,12.086522,13.0
494.0,354.0,12.086438,12.0
80.0,230.0,0.000302,2.0
134.0,122.0,8.87744,4.0
134.0,122.0,8.873964,4.0
134.0,122.0,8.876782,4.0
266.0,327.0,10.157181,6.0
266.0,327.0,10.156928,6.0
266.0,327.0,10.156847,6.0
272.0,140.0,10.174931,6.0
428.0,288.0,10.161926,10.0
428.0,288.0,10.161904,10.0
428.0,288.0,10.161793,10.0
1331.0,868.0,0.006102,9.0
75.0,146.0,0.000331,2.0
75.0,328.0,0.000426,2.0
1152.0,586.0,0.007457,9.0
9697.0,210120.0,260.120697,249.0
73.0,156.0,0.00235,2.0
76.0,149.0,0.000321,2.0
78.0,151.0,0.00252,2.0
76.0,150.0,0.000409,2.0
1064.0,665.0,0.025686,9.0
73.0,315.0,0.00036,2.0
78.0,152.0,0.000445,2.0
75.0,148.0,0.000303,2.0
77.0,131.0,0.00035,2.0
154.0,262.0,5.006381,4.0
150.0,298.0,5.006462,4.0
1119.0,868.0,0.006579,9.0
82.0,135.0,0.000327,2.0
82.0,135.0,0.000153,2.0
82.0,177.0,0.000336,2.0
1389.0,765.0,0.015433,9.0
77.0,158.0,0.000254,2.0
74.0,326.0,0.000562,2.0
74.0,326.0,0.000492,2.0
272.0,206.0,0.018318,7.0
1198.0,765.0,0.02353,9.0
2248.0,31127.0,0.034039,47.0
494.0,62.0,112.672798,9.0
1072.0,665.0,0.023623,9.0
80.0,217.0,0.000283,2.0
80.0,366.0,0.008587,2.0
2496.0,40207.0,309.370514,65.0
1345.0,868.0,0.004657,9.0
79.0,133.0,0.000241,2.0
1157.0,587.0,0.018687,9.0
4030.0,28857.0,90.372101,51.0
4153.0,14026.0,90.691864,33.0
79.0,133.0,0.000266,2.0
79.0,194.0,0.000323,2.0
502.0,362.0,19.230194,12.0
1407.0,1944.0,0.007783,12.0
1498.0,685.0,0.012484,12.0
2057.0,1031.0,90.240044,13.0
76.0,181.0,0.000335,2.0
78.0,241.0,0.012455,2.0
78.0,151.0,0.00264,2.0
76.0,200.0,0.000466,2.0
77.0,144.0,0.017362,2.0
1390.0,5946.0,0.078546,14.0
272.0,140.0,18.937897,6.0
78.0,152.0,0.000275,2.0
78.0,229.0,0.002809,2.0
77.0,144.0,0.000244,2.0
77.0,419.0,0.017354,2.0
79.0,152.0,0.002138,2.0
79.0,153.0,0.000373,2.0
77.0,156.0,0.00023,2.0
71.0,150.0,0.00022,2.0
76.0,131.0,7e-05,2.0
1532.0,4422.0,0.026589,12.0
77.0,163.0,0.00035,2.0
76.0,131.0,0.00047,2.0
71.0,151.0,0.002453,2.0
76.0,136.0,0.000301,2.0
77.0,162.0,0.000319,2.0
74.0,153.0,0.000287,2.0
77.0,183.0,0.000584,2.0
74.0,154.0,0.000531,2.0
73.0,152.0,0.000265,2.0
72.0,145.0,0.000227,2.0
73.0,152.0,0.000349,2.0
73.0,153.0,0.000353,2.0
72.0,146.0,0.000283,2.0
73.0,153.0,0.000351,2.0
73.0,145.0,0.000296,2.0
76.0,123.0,0.00033,2.0
73.0,146.0,0.000422,2.0
77.0,133.0,0.000365,2.0
77.0,133.0,0.000173,2.0
76.0,123.0,0.000171,2.0
77.0,150.0,0.00022,2.0
76.0,139.0,0.000272,2.0
2553.0,45967.0,0.014298,64.0
2092.0,30089.0,0.012659,46.0
73.0,144.0,0.0238,2.0
73.0,151.0,0.001839,2.0
82.0,147.0,0.036171,2.0
1296.0,2237.0,8.731552,13.0
82.0,176.0,0.005453,2.0
1405.0,765.0,0.011663,9.0
1897.0,998.0,248.656555,21.0
1896.0,998.0,248.656387,21.0
3190.0,1394.0,248.656021,24.0
74.0,326.0,0.010004,2.0
74.0,326.0,0.000567,2.0
272.0,140.0,0.018361,6.0
81.0,163.0,0.000364,2.0
81.0,199.0,0.000381,2.0
549.0,670.0,0.242212,10.0
74.0,326.0,0.000398,2.0
74.0,326.0,0.000318,2.0
272.0,140.0,0.01852,6.0
74.0,326.0,0.00036,2.0
74.0,326.0,0.000276,2.0
272.0,206.0,0.018284,7.0
74.0,326.0,0.000403,2.0
74.0,326.0,0.000346,2.0
272.0,140.0,0.018371,6.0
82.0,203.0,0.000354,2.0
82.0,137.0,0.000354,2.0
0.0,120.0,1800.074585,2.0
720.0,720.0,1806.088623,16.0
86.0,176.0,0.000281,2.0
96.0,152.0,0.000214,2.0
81.0,163.0,0.000288,2.0
81.0,199.0,0.000263,2.0
549.0,670.0,0.23823,10.0
80.0,130.0,0.000293,2.0
74.0,326.0,0.00042,2.0
74.0,326.0,0.000462,2.0
272.0,206.0,0.017825,7.0
80.0,130.0,0.000294,2.0
74.0,326.0,0.000419,2.0
74.0,326.0,0.000388,2.0
272.0,140.0,0.018092,6.0
74.0,326.0,0.000405,2.0
74.0,326.0,0.000302,2.0
272.0,140.0,0.017881,6.0
74.0,326.0,0.000343,2.0
74.0,326.0,0.000402,2.0
272.0,140.0,0.017766,6.0
81.0,163.0,0.000285,2.0
81.0,199.0,0.000315,2.0
549.0,669.0,0.250716,10.0
132.0,0.0,0.00047,2.0
132.0,0.0,7e-06,2.0
132.0,0.0,7e-06,2.0
132.0,0.0,7e-06,2.0
74.0,326.0,0.000385,2.0
74.0,326.0,0.000327,2.0
272.0,206.0,0.018075,7.0
74.0,326.0,0.000474,2.0
74.0,326.0,0.000267,2.0
272.0,140.0,0.017983,6.0
74.0,326.0,0.000376,2.0
74.0,326.0,0.000384,2.0
272.0,140.0,0.018538,6.0
81.0,163.0,0.000189,2.0
81.0,199.0,0.000288,2.0
549.0,670.0,0.234394,10.0
74.0,326.0,0.000391,2.0
74.0,326.0,0.000276,2.0
272.0,140.0,0.018322,6.0
74.0,326.0,0.000317,2.0
74.0,326.0,0.000322,2.0
272.0,140.0,0.019648,6.0
76.0,121.0,0.000321,2.0
76.0,121.0,0.000144,2.0
76.0,162.0,0.000248,2.0
74.0,326.0,0.000377,2.0
74.0,326.0,0.000312,2.0
272.0,206.0,0.018189,7.0
81.0,163.0,0.000281,2.0
81.0,199.0,0.000264,2.0
549.0,669.0,0.289572,10.0
74.0,326.0,0.000369,2.0
74.0,326.0,0.000289,2.0
272.0,140.0,0.018141,6.0
74.0,326.0,0.000442,2.0
74.0,326.0,0.000365,2.0
272.0,206.0,0.018353,7.0
74.0,326.0,0.000425,2.0
74.0,326.0,0.000276,2.0
272.0,140.0,0.018265,6.0
81.0,163.0,0.00024,2.0
81.0,199.0,0.000502,2.0
549.0,670.0,0.325207,10.0
91.0,165.0,0.000334,2.0
91.0,507.0,0.00038,2.0
3015.0,2351.0,244.247696,26.0
89.0,174.0,0.000216,2.0
89.0,308.0,0.020024,2.0
17497.0,6144.0,244.127609,56.0
74.0,326.0,0.000307,2.0
74.0,326.0,0.000345,2.0
272.0,206.0,0.017865,7.0
83.0,139.0,0.000364,2.0
83.0,139.0,0.000255,2.0
83.0,200.0,0.000246,2.0
74.0,326.0,0.00035,2.0
74.0,326.0,0.000409,2.0
272.0,140.0,0.018025,6.0
74.0,326.0,0.000343,2.0
74.0,326.0,0.000296,2.0
272.0,206.0,0.018467,7.0
81.0,163.0,0.000229,2.0
81.0,199.0,0.000315,2.0
549.0,670.0,0.267421,10.0
74.0,326.0,0.000498,2.0
74.0,326.0,0.000269,2.0
272.0,140.0,0.018323,6.0
74.0,326.0,0.000488,2.0
74.0,326.0,0.00037,2.0
272.0,140.0,0.017872,6.0
74.0,326.0,0.000664,2.0
74.0,326.0,0.000423,2.0
272.0,140.0,0.017842,6.0
875.0,1169.0,0.752926,15.0
1411.0,3410.0,0.634562,22.0
895.0,1169.0,0.303032,15.0
1162.0,1515.0,0.395096,16.0
1142.0,1507.0,0.247468,16.0
1162.0,1515.0,0.337558,16.0
81.0,163.0,0.000359,2.0
81.0,199.0,0.000297,2.0
549.0,670.0,0.358949,10.0
74.0,326.0,0.000325,2.0
74.0,326.0,0.000353,2.0
272.0,206.0,0.018395,7.0
74.0,326.0,0.000406,2.0
74.0,326.0,0.000289,2.0
272.0,206.0,0.019176,7.0
74.0,326.0,0.000411,2.0
74.0,326.0,0.000403,2.0
272.0,140.0,0.018366,6.0
75.0,75.0,0.145039,2.0
75.0,75.0,0.144471,2.0
75.0,75.0,0.14631,2.0
75.0,75.0,0.146611,2.0
75.0,467.0,0.000356,2.0
2780.0,4270.0,240.194962,37.0
81.0,163.0,0.0004,2.0
81.0,199.0,0.000255,2.0
549.0,669.0,0.25079,10.0
74.0,326.0,0.000385,2.0
74.0,326.0,0.000294,2.0
272.0,140.0,0.018272,6.0
74.0,326.0,0.000328,2.0
74.0,326.0,0.00029,2.0
272.0,206.0,0.019332,7.0
74.0,326.0,0.000544,2.0
74.0,326.0,0.000352,2.0
272.0,140.0,0.018568,6.0
81.0,163.0,0.000402,2.0
81.0,199.0,0.000388,2.0
549.0,670.0,0.213574,10.0
75.0,75.0,0.147599,2.0
75.0,75.0,0.144778,2.0
75.0,75.0,0.143649,2.0
75.0,75.0,0.144265,2.0
75.0,467.0,0.000378,2.0
3615.0,4270.0,240.20224,38.0
74.0,326.0,0.000343,2.0
74.0,326.0,0.000425,2.0
272.0,206.0,0.018466,7.0
74.0,326.0,0.000503,2.0
74.0,326.0,0.000379,2.0
272.0,140.0,0.021716,6.0
74.0,326.0,0.000507,2.0
74.0,326.0,0.000436,2.0
272.0,140.0,0.018274,6.0
2474.0,2924.0,907.616089,67.0
81.0,163.0,0.000486,2.0
81.0,199.0,0.000371,2.0
549.0,670.0,0.238565,10.0
74.0,326.0,0.000383,2.0
74.0,326.0,0.000349,2.0
272.0,140.0,0.018439,6.0
74.0,326.0,0.000453,2.0
74.0,326.0,0.000488,2.0
272.0,140.0,0.018506,6.0
74.0,326.0,0.00052,2.0
74.0,326.0,0.000339,2.0
272.0,140.0,0.018224,6.0
81.0,163.0,0.000271,2.0
81.0,199.0,0.000286,2.0
549.0,670.0,0.244667,10.0
74.0,326.0,0.000501,2.0
74.0,326.0,0.000327,2.0
272.0,140.0,0.018884,6.0
74.0,326.0,0.00044,2.0
74.0,326.0,0.000383,2.0
272.0,140.0,0.017961,6.0
74.0,326.0,0.000394,2.0
74.0,326.0,0.000368,2.0
272.0,140.0,0.018062,6.0
81.0,163.0,0.000378,2.0
81.0,199.0,0.000268,2.0
549.0,670.0,0.264254,10.0
74.0,326.0,0.00045,2.0
74.0,326.0,0.000339,2.0
272.0,140.0,0.017985,6.0
72.0,116.0,0.000279,2.0
72.0,116.0,0.000203,2.0
72.0,290.0,0.000286,2.0
272.0,210.0,10.199377,7.0
1292.0,874.0,310.223663,22.0
76.0,121.0,0.000145,2.0
76.0,121.0,0.000297,2.0
76.0,162.0,0.000461,2.0
17030.0,146591.0,560.751831,246.0
30808.0,105316.0,830.769409,226.0
77.0,134.0,0.021587,2.0
77.0,134.0,0.000289,2.0
77.0,420.0,0.000582,2.0
1398.0,2629.0,0.71398,15.0
85.0,166.0,0.000209,2.0
85.0,166.0,0.000258,2.0
85.0,305.0,0.000298,2.0
861.0,320.0,0.365705,10.0
84.0,224.0,0.00037,2.0
84.0,408.0,0.000519,2.0
8681.0,66299.0,309.877441,114.0
80.0,102.0,0.655564,2.0
74.0,326.0,0.000452,2.0
74.0,326.0,0.000492,2.0
272.0,140.0,0.018016,6.0
80.0,223.0,0.15974,2.0
553.0,1335.0,31.420755,7.0
78.0,168.0,0.61083,2.0
78.0,200.0,0.125034,2.0
1333.0,19728.0,34.836647,31.0
3421.0,17402.0,307.747131,53.0
83.0,222.0,0.000196,2.0
83.0,383.0,0.008282,2.0
88.0,231.0,0.000593,2.0
88.0,396.0,0.001983,2.0
5146.0,13377.0,227.731247,48.0
6974.0,27008.0,317.739655,77.0
6097.0,24739.0,317.73999,67.0
6710.0,27326.0,307.733856,73.0
4153.0,23498.0,557.039368,67.0
2050.0,6019.0,307.021118,33.0
4572.0,12773.0,226.815659,51.0
1876.0,1277.0,306.640808,29.0
5293.0,17020.0,306.639069,59.0
86.0,130.0,0.017065,2.0
86.0,130.0,0.000272,2.0
86.0,272.0,0.017271,2.0
77.0,134.0,0.000263,2.0
77.0,134.0,0.000189,2.0
77.0,420.0,0.000346,2.0
901.0,1165.0,7.668563,13.0
2355.0,6388.0,2.372523,27.0
2697.0,7272.0,99.300583,32.0
87.0,232.0,0.0004,2.0
87.0,541.0,0.002147,2.0
2793.0,20130.0,55.808235,42.0
1525.0,1205.0,55.54076,20.0
2472.0,10203.0,55.541553,33.0
3433.0,40735.0,55.54147,60.0
17030.0,129373.0,845.682617,227.0
44477.0,102225.0,845.412415,234.0
756.0,1171.0,35.10743,15.0
74.0,326.0,0.000411,2.0
74.0,326.0,0.000334,2.0
272.0,140.0,0.018586,6.0
74.0,326.0,0.000378,2.0
74.0,326.0,0.000383,2.0
272.0,206.0,0.01819,7.0
81.0,163.0,0.000208,2.0
81.0,199.0,0.000377,2.0
549.0,670.0,0.228172,10.0
74.0,326.0,0.000303,2.0
74.0,326.0,0.000388,2.0
272.0,140.0,0.018389,6.0
74.0,326.0,0.000459,2.0
74.0,326.0,0.000298,2.0
272.0,140.0,0.019027,6.0
74.0,326.0,0.000601,2.0
74.0,326.0,0.000514,2.0
272.0,206.0,0.018123,7.0
81.0,163.0,0.000319,2.0
81.0,199.0,0.000264,2.0
549.0,670.0,0.252645,10.0
135.0,0.0,0.0,1.0
74.0,326.0,0.000355,2.0
74.0,326.0,0.000379,2.0
272.0,140.0,0.018486,6.0
74.0,326.0,0.000391,2.0
74.0,326.0,0.000291,2.0
272.0,140.0,0.017694,6.0
74.0,326.0,0.000369,2.0
74.0,326.0,0.000377,2.0
272.0,206.0,0.018668,7.0
81.0,163.0,0.000287,2.0
81.0,199.0,0.000366,2.0
549.0,670.0,0.257755,10.0
74.0,326.0,0.000563,2.0
74.0,326.0,0.000294,2.0
272.0,140.0,0.018453,6.0
87.0,147.0,0.000182,2.0
74.0,326.0,0.000365,2.0
74.0,326.0,0.000316,2.0
272.0,206.0,0.018392,7.0
74.0,326.0,0.000624,2.0
74.0,326.0,0.000385,2.0
272.0,206.0,0.018126,7.0
81.0,163.0,0.000758,2.0
81.0,199.0,0.00034,2.0
549.0,670.0,0.238836,10.0
74.0,326.0,0.000362,2.0
74.0,326.0,0.000356,2.0
272.0,206.0,0.018778,7.0
74.0,326.0,0.000441,2.0
74.0,326.0,0.000285,2.0
272.0,140.0,0.018099,6.0
875.0,1169.0,0.2698,15.0
1142.0,1507.0,0.248428,16.0
895.0,1169.0,0.313751,15.0
1142.0,1507.0,0.251737,16.0
1162.0,1515.0,0.303188,16.0
1162.0,1515.0,0.287659,16.0
74.0,326.0,0.000438,2.0
74.0,326.0,0.0003,2.0
272.0,140.0,0.01827,6.0
81.0,163.0,0.000268,2.0
81.0,199.0,0.000224,2.0
549.0,670.0,0.254041,10.0
74.0,326.0,0.000437,2.0
74.0,326.0,0.000378,2.0
272.0,140.0,0.018067,6.0
74.0,326.0,0.000553,2.0
74.0,326.0,0.000664,2.0
272.0,140.0,0.018292,6.0
76.0,147.0,0.039302,2.0
76.0,489.0,0.000464,2.0
7168.0,62393.0,246.302841,107.0
82.0,164.0,0.009977,2.0
82.0,266.0,0.000478,2.0
75.0,75.0,0.146104,2.0
74.0,326.0,0.000451,2.0
74.0,326.0,0.000287,2.0
272.0,206.0,0.020717,7.0
75.0,75.0,0.144351,2.0
75.0,75.0,0.144977,2.0
75.0,75.0,0.145301,2.0
75.0,467.0,0.000302,2.0
25377.0,526180.0,246.128372,688.0
91.0,165.0,0.00021,2.0
91.0,507.0,0.000444,2.0
2164.0,1765.0,248.448257,23.0
89.0,174.0,0.000226,2.0
89.0,308.0,0.000349,2.0
6161.0,3241.0,248.368423,30.0
81.0,158.0,0.000268,2.0
81.0,500.0,0.000402,2.0
37861.0,86271.0,243.339508,228.0
1017.0,2784.0,6.280206,15.0
74.0,144.0,0.000296,2.0
74.0,326.0,0.000402,2.0
5321.0,6596.0,242.976013,43.0
1010.0,2396.0,6.148029,15.0
81.0,163.0,0.00045,2.0
81.0,199.0,0.000256,2.0
549.0,670.0,0.256593,10.0
74.0,326.0,0.000383,2.0
74.0,326.0,0.000351,2.0
272.0,140.0,0.018084,6.0
74.0,326.0,0.000334,2.0
74.0,326.0,0.000295,2.0
272.0,206.0,0.017747,7.0
74.0,326.0,0.000515,2.0
74.0,326.0,0.000367,2.0
272.0,206.0,0.019122,7.0
75.0,75.0,0.1439,2.0
75.0,75.0,0.144494,2.0
75.0,75.0,0.145512,2.0
75.0,75.0,0.143852,2.0
75.0,467.0,0.000409,2.0
3613.0,4268.0,240.148834,38.0
81.0,163.0,0.000222,2.0
81.0,199.0,0.000261,2.0
549.0,670.0,0.324584,10.0
74.0,326.0,0.010237,2.0
74.0,326.0,0.000324,2.0
272.0,140.0,0.018106,6.0
74.0,144.0,0.000256,2.0
74.0,326.0,0.000371,2.0
26026.0,9620.0,260.901215,101.0
75.0,106.0,0.10399,2.0
75.0,303.0,0.01729,2.0
798.0,1816.0,0.823875,12.0
75.0,106.0,0.131715,2.0
75.0,303.0,0.017157,2.0
272.0,206.0,10.348506,7.0
74.0,326.0,0.000371,2.0
74.0,326.0,0.00037,2.0
272.0,140.0,0.018468,6.0
74.0,326.0,0.000357,2.0
74.0,326.0,0.000238,2.0
272.0,140.0,0.018536,6.0
81.0,163.0,0.000237,2.0
81.0,199.0,0.000221,2.0
549.0,670.0,0.263281,10.0
74.0,326.0,0.000527,2.0
74.0,326.0,0.00037,2.0
272.0,140.0,0.018649,6.0
68.0,124.0,0.000361,2.0
68.0,124.0,0.000271,2.0
68.0,125.0,0.000326,2.0
68.0,132.0,0.000335,2.0
68.0,132.0,0.000195,2.0
68.0,169.0,0.000344,2.0
78.0,162.0,0.000259,2.0
78.0,504.0,0.000349,2.0
1355.0,664.0,1.432199,10.0
3756.0,26804.0,69.834053,54.0
1875.0,680.0,69.842171,16.0
1869.0,680.0,69.703033,16.0
1873.0,680.0,69.702957,16.0
1861.0,680.0,69.674904,16.0
83.0,156.0,0.000355,2.0
74.0,211.0,0.11566,2.0
83.0,233.0,0.000677,2.0
832.0,880.0,0.091124,11.0
80.0,217.0,0.00218,2.0
76.0,128.0,0.000413,2.0
84.0,193.0,0.02026,2.0
76.0,128.0,0.000278,2.0
76.0,178.0,0.000348,2.0
1020.0,489.0,0.074164,10.0
80.0,369.0,0.028408,2.0
84.0,295.0,0.020089,2.0
903.0,705.0,0.052969,10.0
1961.0,1677.0,249.642029,24.0
74.0,363.0,0.002048,2.0
1432.0,903.0,309.574005,22.0
78.0,130.0,0.000252,2.0
78.0,130.0,0.000171,2.0
78.0,180.0,0.000405,2.0
1075.0,1004.0,0.004631,9.0
979.0,692.0,0.024043,10.0
1789.0,1118.0,1.198746,13.0
76.0,121.0,0.000454,2.0
76.0,121.0,0.000185,2.0
76.0,162.0,0.000277,2.0
1666.0,1032.0,309.602386,22.0
1789.0,1165.0,309.602386,22.0
72.0,136.0,0.000204,2.0
72.0,136.0,0.000335,2.0
72.0,173.0,0.000427,2.0
11973.0,118305.0,69.480049,157.0
1777.0,1153.0,309.579315,22.0
1770.0,1146.0,309.579132,22.0
77.0,159.0,0.000353,2.0
75.0,139.0,0.0004,2.0
78.0,160.0,0.000473,2.0
75.0,139.0,0.000238,2.0
77.0,196.0,0.000359,2.0
78.0,197.0,0.000475,2.0
75.0,176.0,0.000241,2.0
75.0,139.0,0.000235,2.0
71.0,153.0,0.000271,2.0
75.0,139.0,0.000178,2.0
73.0,137.0,0.000247,2.0
71.0,190.0,0.00031,2.0
75.0,176.0,0.000243,2.0
73.0,137.0,0.000286,2.0
77.0,159.0,0.000214,2.0
73.0,174.0,0.000205,2.0
79.0,143.0,0.000194,2.0
77.0,196.0,0.000332,2.0
79.0,143.0,0.000235,2.0
75.0,157.0,0.000247,2.0
79.0,169.0,0.000441,2.0
75.0,194.0,0.00033,2.0
79.0,180.0,0.000414,2.0
79.0,206.0,0.000296,2.0
79.0,161.0,0.000208,2.0
74.0,156.0,0.000394,2.0
79.0,198.0,0.000319,2.0
73.0,137.0,0.000281,2.0
73.0,137.0,0.000223,2.0
74.0,193.0,0.000344,2.0
71.0,135.0,0.000212,2.0
73.0,174.0,0.000223,2.0
71.0,135.0,0.000278,2.0
71.0,143.0,0.029474,2.0
71.0,172.0,0.000471,2.0
75.0,139.0,0.000196,2.0
75.0,139.0,0.000241,2.0
75.0,176.0,0.000224,2.0
86.0,130.0,0.000245,2.0
87.0,232.0,0.000227,2.0
88.0,231.0,0.000433,2.0
86.0,130.0,0.000237,2.0
83.0,222.0,0.000318,2.0
87.0,541.0,0.000561,2.0
1500.0,5397.0,310.009369,31.0
1500.0,5397.0,310.009857,31.0
88.0,412.0,0.003336,2.0
86.0,272.0,0.000551,2.0
83.0,383.0,0.008874,2.0
84.0,224.0,0.000749,2.0
1065.0,1991.0,39.884483,17.0
1065.0,1991.0,39.884785,17.0
1065.0,1991.0,39.886196,17.0
1065.0,1991.0,39.886345,17.0
1065.0,1991.0,39.884884,17.0
1065.0,1991.0,39.885212,17.0
1228.0,5621.0,85.334564,23.0
1228.0,5621.0,80.167412,23.0
1228.0,5621.0,81.063187,23.0
84.0,408.0,0.002413,2.0
1066.0,1991.0,39.883739,17.0
1066.0,1991.0,39.883839,17.0
3775.0,55038.0,309.9104,82.0
2739.0,6938.0,309.909302,36.0
1159.0,2876.0,39.878136,19.0
1159.0,2876.0,39.878273,19.0
1159.0,2876.0,39.878822,19.0
1159.0,2876.0,39.878681,19.0
70.0,70.0,0.00202,2.0
71.0,143.0,0.000413,2.0
71.0,269.0,0.025095,2.0
70.0,70.0,0.001823,2.0
70.0,187.0,0.0003,2.0
1551.0,3149.0,0.172294,13.0
3941.0,39017.0,69.120354,66.0
8366.0,71876.0,69.112251,99.0
9683.0,92276.0,69.120239,123.0
12711.0,130066.0,19.106606,157.0
10622.0,118308.0,69.11908,144.0
2207.0,25588.0,69.104774,47.0
79.0,211.0,0.0005,2.0
79.0,375.0,0.031879,2.0
74.0,326.0,0.000449,2.0
74.0,326.0,0.00032,2.0
272.0,206.0,0.01847,7.0
84.0,178.0,0.000314,2.0
84.0,312.0,0.000398,2.0
1572.0,998.0,249.091705,21.0
1432.0,2237.0,309.082825,24.0
79.0,131.0,0.000205,2.0
79.0,131.0,0.000435,2.0
79.0,181.0,0.000342,2.0
993.0,1004.0,0.006141,9.0
829.0,1555.0,0.043624,10.0
966.0,868.0,0.005245,9.0
76.0,133.0,0.000455,2.0
76.0,133.0,0.000255,2.0
76.0,484.0,0.017563,2.0
89.0,145.0,0.000274,2.0
89.0,145.0,0.000262,2.0
89.0,302.0,0.000277,2.0
2648.0,30593.0,0.050653,48.0
2805.0,14250.0,72.869003,34.0
993.0,868.0,0.005181,9.0
6025.0,34821.0,8.597635,76.0
13398.0,269424.0,8.597385,324.0
67.0,124.0,0.000294,2.0
993.0,868.0,0.006884,9.0
6950.0,26806.0,8.540569,69.0
67.0,124.0,0.000239,2.0
4962.0,11312.0,8.540198,45.0
71.0,128.0,0.000146,2.0
67.0,184.0,0.000268,2.0
87.0,170.0,0.000285,2.0
71.0,128.0,0.000232,2.0
87.0,320.0,0.000273,2.0
3328.0,42570.0,8.53891,67.0
5161.0,103873.0,8.538903,128.0
71.0,188.0,0.00036,2.0
833.0,558.0,8.538718,11.0
1625.0,1156.0,248.563522,21.0
1110.0,614.0,8.538029,11.0
75.0,132.0,0.000267,2.0
75.0,132.0,0.000149,2.0
75.0,192.0,0.000244,2.0
756.0,550.0,0.005428,10.0
2465.0,34218.0,0.053364,54.0
1680.0,17098.0,0.037784,30.0
909.0,683.0,0.023719,10.0
83.0,225.0,0.000296,2.0
83.0,421.0,0.019503,2.0
76.0,76.0,0.001856,2.0
76.0,76.0,0.001935,2.0
76.0,193.0,0.000285,2.0
5968.0,55827.0,8.289891,96.0
1401.0,1191.0,308.307648,22.0
71.0,128.0,0.001888,2.0
272.0,140.0,18.288792,6.0
272.0,140.0,18.288794,6.0
1431.0,1000.0,308.309967,22.0
272.0,140.0,18.288702,6.0
272.0,140.0,18.288691,6.0
272.0,140.0,18.28866,6.0
71.0,128.0,0.000319,2.0
71.0,188.0,0.001834,2.0
1925.0,25800.0,8.276115,45.0
71.0,128.0,0.000228,2.0
71.0,128.0,0.000215,2.0
71.0,188.0,0.000274,2.0
3975.0,11214.0,8.206498,29.0
75.0,93.0,0.002641,2.0
72.0,122.0,0.002922,2.0
76.0,94.0,0.002556,2.0
3531.0,11566.0,8.197376,29.0
75.0,210.0,0.000361,2.0
76.0,211.0,0.000492,2.0
72.0,122.0,0.000383,2.0
72.0,182.0,0.000241,2.0
71.0,128.0,0.000214,2.0
74.0,74.0,0.002088,2.0
71.0,128.0,0.000181,2.0
73.0,130.0,0.000257,2.0
73.0,130.0,0.000191,2.0
71.0,188.0,0.000295,2.0
73.0,190.0,0.000414,2.0
72.0,129.0,0.000273,2.0
74.0,74.0,0.001583,2.0
72.0,129.0,0.000321,2.0
72.0,189.0,0.000251,2.0
74.0,191.0,0.000319,2.0
72.0,129.0,0.000235,2.0
73.0,123.0,0.000221,2.0
73.0,123.0,0.000306,2.0
72.0,129.0,0.000305,2.0
73.0,183.0,0.00028,2.0
72.0,189.0,0.00028,2.0
6694.0,36487.0,8.177725,76.0
6029.0,44221.0,8.177569,79.0
5953.0,55443.0,8.177399,91.0
8464.0,117431.0,8.177225,155.0
5815.0,48209.0,8.176751,78.0
5544.0,8972.0,8.166075,45.0
4095.0,4296.0,8.16624,34.0
2751.0,3577.0,8.095237,16.0
1993.0,1824.0,8.094331,14.0
1955.0,2345.0,8.094405,14.0
1972.0,1868.0,8.094418,14.0
80.0,132.0,0.000314,2.0
80.0,132.0,0.000221,2.0
80.0,182.0,0.00026,2.0
1059.0,868.0,0.006825,9.0
71.0,128.0,0.000407,2.0
71.0,128.0,0.000189,2.0
71.0,188.0,0.000304,2.0
1361.0,760.0,0.008439,10.0
272.0,140.0,17.365311,6.0
76.0,216.0,0.017298,2.0
76.0,368.0,0.018941,2.0
1383.0,1057.0,307.238007,22.0
74.0,326.0,0.00031,2.0
74.0,326.0,0.000315,2.0
272.0,206.0,0.018714,7.0
1179.0,760.0,0.006437,10.0
11594.0,231481.0,14.211879,260.0
5665.0,11117.0,14.1271,44.0
6657.0,33785.0,14.127026,74.0
7804.0,26536.0,14.12693,69.0
72.0,129.0,0.000237,2.0
72.0,129.0,0.000291,2.0
72.0,129.0,0.000272,2.0
2746.0,5930.0,14.072278,23.0
866.0,550.0,0.00452,10.0
4482.0,106391.0,2.64596,129.0
272.0,140.0,14.014271,6.0
75.0,125.0,0.011561,2.0
72.0,147.0,0.01195,2.0
78.0,128.0,0.000599,2.0
78.0,128.0,0.001734,2.0
2013.0,10232.0,2.60517,28.0
2597.0,41990.0,2.605024,64.0
1409.0,8709.0,2.604882,25.0
1947.0,10595.0,2.604705,27.0
3476.0,89435.0,2.604518,101.0
4752.0,8829.0,13.993851,36.0
4808.0,7534.0,13.993896,36.0
6422.0,25253.0,13.991527,49.0
78.0,128.0,0.000692,2.0
74.0,131.0,0.007237,2.0
75.0,125.0,0.000374,2.0
72.0,207.0,0.000498,2.0
75.0,185.0,0.002323,2.0
74.0,131.0,0.000341,2.0
74.0,191.0,0.000474,2.0
78.0,128.0,0.004467,2.0
70.0,120.0,0.00027,2.0
70.0,139.0,0.000284,2.0
70.0,120.0,0.0002,2.0
70.0,139.0,0.000197,2.0
70.0,148.0,0.000343,2.0
70.0,165.0,0.000297,2.0
74.0,144.0,0.000251,2.0
72.0,137.0,0.000933,2.0
74.0,326.0,0.001018,2.0
72.0,137.0,0.000723,2.0
78.0,128.0,0.000555,2.0
72.0,146.0,0.00686,2.0
72.0,138.0,0.000378,2.0
78.0,188.0,0.003924,2.0
77.0,131.0,0.000277,2.0
77.0,131.0,0.000307,2.0
77.0,158.0,0.000546,2.0
75.0,175.0,0.000534,2.0
75.0,358.0,0.117864,2.0
72.0,154.0,0.000353,2.0
3420.0,45980.0,13.958407,62.0
1085.0,868.0,0.004049,9.0
89.0,218.0,0.000497,2.0
89.0,206.0,0.00026,2.0
93.0,167.0,0.000314,2.0
93.0,509.0,0.000434,2.0
2073.0,1016.0,243.903336,23.0
77.0,134.0,0.002166,2.0
77.0,134.0,0.000195,2.0
77.0,194.0,0.002111,2.0
1293.0,868.0,0.004515,9.0
3025.0,2348.0,13.852977,16.0
3017.0,2826.0,13.852544,16.0
3016.0,2835.0,13.852014,16.0
3018.0,2352.0,13.85165,16.0
3102.0,2222.0,13.852016,16.0
3617.0,54920.0,13.848873,78.0
1788.0,5285.0,13.848557,20.0
1104.0,4153.0,13.848079,17.0
1656.0,2217.0,13.848356,16.0
2622.0,51050.0,13.847717,71.0
121.0,264.0,0.00396,2.0
121.0,264.0,0.005923,2.0
121.0,178.0,0.002032,2.0
900.0,1093.0,13.787122,13.0
121.0,225.0,0.002212,2.0
121.0,178.0,0.000679,2.0
121.0,201.0,0.003066,2.0
121.0,192.0,0.002558,2.0
121.0,252.0,0.003243,2.0
121.0,252.0,0.000465,2.0
949.0,790.0,13.780527,13.0
1602.0,760.0,9.011135,10.0
1393.0,760.0,0.007053,10.0
81.0,163.0,0.000229,2.0
81.0,199.0,0.000315,2.0
549.0,670.0,0.264389,10.0
5397.0,126085.0,10.080728,154.0
74.0,326.0,0.000297,2.0
74.0,326.0,0.000269,2.0
272.0,140.0,0.017563,6.0
1394.0,760.0,0.006987,10.0
1393.0,760.0,0.007191,10.0
10160.0,237209.0,11.310676,325.0
74.0,326.0,0.000411,2.0
74.0,326.0,0.00032,2.0
272.0,140.0,0.018287,6.0
74.0,326.0,0.000431,2.0
74.0,326.0,0.000317,2.0
272.0,140.0,0.01781,6.0
81.0,163.0,0.000735,2.0
81.0,199.0,0.000367,2.0
549.0,670.0,0.222009,10.0
74.0,326.0,0.000533,2.0
74.0,326.0,0.000277,2.0
272.0,206.0,0.018993,7.0
74.0,326.0,0.000442,2.0
74.0,326.0,0.000368,2.0
272.0,140.0,0.017855,6.0
74.0,326.0,0.000489,2.0
74.0,326.0,0.000296,2.0
272.0,206.0,0.017982,7.0
81.0,163.0,0.000228,2.0
81.0,199.0,0.000375,2.0
549.0,670.0,0.251767,10.0
74.0,326.0,0.000332,2.0
74.0,326.0,0.000349,2.0
272.0,206.0,0.019252,7.0
74.0,326.0,0.000446,2.0
74.0,326.0,0.000442,2.0
272.0,140.0,0.018212,6.0
74.0,326.0,0.000493,2.0
74.0,326.0,0.000376,2.0
272.0,140.0,0.018783,6.0
91.0,165.0,0.000467,2.0
91.0,507.0,0.00028,2.0
2356.0,1938.0,240.111237,22.0
89.0,174.0,0.000357,2.0
89.0,308.0,0.000386,2.0
8587.0,4246.0,250.033905,32.0
74.0,326.0,0.000415,2.0
74.0,326.0,0.000353,2.0
272.0,140.0,0.017905,6.0
81.0,163.0,0.000212,2.0
81.0,199.0,0.000297,2.0
549.0,670.0,0.23167,10.0
74.0,326.0,0.000426,2.0
74.0,326.0,0.000373,2.0
272.0,140.0,0.018078,6.0
74.0,326.0,0.000413,2.0
74.0,326.0,0.000333,2.0
272.0,140.0,0.018219,6.0
135.0,0.0,0.0,1.0
74.0,326.0,0.000571,2.0
74.0,326.0,0.000433,2.0
272.0,140.0,0.018599,6.0
81.0,163.0,0.000445,2.0
81.0,199.0,0.000423,2.0
549.0,670.0,0.272263,10.0
74.0,326.0,0.000401,2.0
74.0,326.0,0.000422,2.0
272.0,206.0,0.018182,7.0
74.0,326.0,0.000347,2.0
74.0,326.0,0.00028,2.0
272.0,206.0,0.018633,7.0
74.0,326.0,0.000317,2.0
74.0,326.0,0.000297,2.0
272.0,140.0,0.018393,6.0
81.0,163.0,0.000228,2.0
81.0,199.0,0.000314,2.0
549.0,670.0,0.234736,10.0
74.0,326.0,0.000361,2.0
74.0,326.0,0.000313,2.0
272.0,206.0,0.018515,7.0
86.0,303.0,0.000312,2.0
86.0,303.0,0.000352,2.0
875.0,1169.0,0.424666,15.0
1142.0,1507.0,0.252013,16.0
895.0,1169.0,0.2124,15.0
1142.0,1507.0,0.267296,16.0
1162.0,1515.0,0.243189,16.0
1162.0,1515.0,0.263888,16.0
74.0,326.0,0.000291,2.0
74.0,326.0,0.000335,2.0
272.0,140.0,0.018007,6.0
74.0,326.0,0.000296,2.0
74.0,326.0,0.000313,2.0
272.0,140.0,0.01841,6.0
81.0,163.0,0.000281,2.0
81.0,199.0,0.000307,2.0
549.0,670.0,0.267345,10.0
74.0,326.0,0.00028,2.0
74.0,326.0,0.000388,2.0
272.0,140.0,0.018066,6.0
74.0,326.0,0.000414,2.0
74.0,326.0,0.000347,2.0
272.0,140.0,0.018373,6.0
74.0,326.0,0.000446,2.0
74.0,326.0,0.000295,2.0
272.0,140.0,0.01853,6.0
81.0,163.0,0.000183,2.0
81.0,199.0,0.000316,2.0
549.0,670.0,0.279338,10.0
74.0,326.0,0.000508,2.0
74.0,326.0,0.000261,2.0
272.0,140.0,0.018163,6.0
74.0,326.0,0.000307,2.0
74.0,326.0,0.000341,2.0
272.0,140.0,0.018272,6.0
75.0,75.0,0.144763,2.0
75.0,75.0,0.144701,2.0
75.0,75.0,0.145095,2.0
75.0,75.0,0.144881,2.0
75.0,467.0,0.000436,2.0
6192.0,11695.0,288.530487,57.0
74.0,326.0,0.010082,2.0
74.0,326.0,0.000308,2.0
272.0,140.0,0.018153,6.0
81.0,163.0,0.000216,2.0
81.0,199.0,0.000335,2.0
549.0,670.0,0.288571,10.0
74.0,326.0,0.000469,2.0
74.0,326.0,0.000374,2.0
272.0,140.0,0.01803,6.0
74.0,156.0,0.001918,2.0
74.0,193.0,0.000417,2.0
72.0,116.0,0.000301,2.0
72.0,116.0,0.000217,2.0
72.0,290.0,0.000476,2.0
1476.0,874.0,305.388123,22.0
86.0,130.0,0.000285,2.0
87.0,232.0,0.000269,2.0
86.0,130.0,0.000198,2.0
88.0,231.0,0.000213,2.0
83.0,222.0,0.000357,2.0
87.0,541.0,0.00063,2.0
86.0,272.0,0.00051,2.0
84.0,224.0,0.002988,2.0
88.0,396.0,0.000719,2.0
83.0,383.0,0.000617,2.0
2258.0,14891.0,65.794334,37.0
4243.0,43550.0,75.792831,80.0
2562.0,7834.0,135.787521,31.0
5754.0,26024.0,135.78801,68.0
2814.0,5968.0,315.802155,38.0
3912.0,14394.0,135.787628,43.0
2630.0,8750.0,115.785645,35.0
3161.0,5334.0,105.784462,33.0
1127.0,2876.0,35.772865,19.0
84.0,408.0,0.00825,2.0
1160.0,2906.0,35.763783,19.0
1160.0,2906.0,35.765087,19.0
1160.0,2906.0,35.765106,19.0
1228.0,5627.0,78.279655,23.0
1228.0,5627.0,78.430824,23.0
1228.0,5627.0,73.670403,23.0
2391.0,6843.0,37.527164,30.0
1228.0,5627.0,79.576744,23.0
74.0,326.0,0.000399,2.0
74.0,326.0,0.000389,2.0
272.0,140.0,0.018469,6.0
74.0,326.0,0.000479,2.0
74.0,326.0,0.000325,2.0
272.0,206.0,0.018459,7.0
74.0,144.0,0.009598,2.0
74.0,326.0,0.000464,2.0
71456.0,69595.0,730.903809,325.0
81.0,163.0,0.000307,2.0
81.0,199.0,0.00029,2.0
549.0,670.0,0.268953,10.0
75.0,132.0,0.000294,2.0
75.0,132.0,0.000228,2.0
75.0,234.0,0.000264,2.0
74.0,326.0,0.000527,2.0
74.0,326.0,0.000341,2.0
272.0,206.0,0.017997,7.0
74.0,326.0,0.000516,2.0
74.0,326.0,0.00028,2.0
272.0,206.0,0.017852,7.0
74.0,326.0,0.000449,2.0
74.0,326.0,0.000289,2.0
272.0,140.0,0.018169,6.0
81.0,163.0,0.000273,2.0
81.0,199.0,0.000305,2.0
549.0,670.0,0.239713,10.0
74.0,326.0,0.000406,2.0
74.0,326.0,0.000372,2.0
272.0,140.0,0.018261,6.0
74.0,326.0,0.000396,2.0
74.0,326.0,0.000342,2.0
272.0,206.0,0.018054,7.0
78.0,151.0,0.001928,2.0
78.0,152.0,0.000331,2.0
74.0,326.0,0.000426,2.0
74.0,326.0,0.000224,2.0
272.0,140.0,0.018063,6.0
75.0,75.0,0.145487,2.0
75.0,75.0,0.145017,2.0
75.0,75.0,0.144261,2.0
75.0,75.0,0.14576,2.0
75.0,467.0,0.000487,2.0
16820.0,89509.0,599.20282,273.0
81.0,163.0,0.00035,2.0
81.0,199.0,0.000309,2.0
549.0,670.0,0.234625,10.0
74.0,326.0,0.000543,2.0
74.0,326.0,0.000629,2.0
272.0,140.0,0.017606,6.0
135.0,0.0,0.0,1.0
74.0,326.0,0.000424,2.0
74.0,326.0,0.000437,2.0
272.0,206.0,0.018831,7.0
74.0,326.0,0.000436,2.0
74.0,326.0,0.000208,2.0
272.0,206.0,0.017974,7.0
73.0,146.0,0.001895,2.0
73.0,147.0,0.000242,2.0
74.0,147.0,0.001894,2.0
74.0,148.0,0.000295,2.0
77.0,151.0,0.002041,2.0
77.0,152.0,0.002021,2.0
70.0,144.0,0.001863,2.0
70.0,145.0,0.000326,2.0
1161.0,765.0,0.015739,9.0
1175.0,765.0,0.015918,9.0
494.0,62.0,109.782646,9.0
2585.0,81465.0,0.053561,86.0
70.0,143.0,0.000343,2.0
70.0,144.0,0.000245,2.0
12200.0,23627.0,40.717426,51.0
14470.0,32707.0,91.174347,71.0
18722.0,276782.0,91.98098,279.0
12634.0,29039.0,91.175102,60.0
13888.0,31831.0,91.174072,74.0
18329.0,171170.0,91.174973,227.0
76.0,120.0,0.000188,2.0
76.0,120.0,0.000323,2.0
76.0,181.0,0.000345,2.0
967.0,5155.0,0.030257,14.0
78.0,130.0,0.000179,2.0
78.0,130.0,0.000186,2.0
78.0,180.0,0.000274,2.0
70.0,143.0,0.000259,2.0
1295.0,1004.0,0.00442,9.0
70.0,144.0,0.000251,2.0
5278.0,67540.0,91.429733,86.0
72.0,146.0,0.001789,2.0
72.0,147.0,0.000302,2.0
1136.0,587.0,0.006769,9.0
71.0,182.0,0.001902,2.0
71.0,200.0,0.000315,2.0
1447.0,5998.0,0.17055,15.0
1366.0,5983.0,1.057758,14.0
1509.0,1876.0,0.114376,12.0
272.0,206.0,16.423788,7.0
73.0,129.0,0.001927,2.0
73.0,146.0,0.002581,2.0
76.0,149.0,0.002743,2.0
73.0,129.0,0.000453,2.0
73.0,147.0,0.000363,2.0
76.0,150.0,0.000533,2.0
73.0,146.0,0.002075,2.0
76.0,150.0,0.002145,2.0
78.0,151.0,0.002502,2.0
75.0,149.0,0.002626,2.0
76.0,151.0,0.000485,2.0
78.0,152.0,0.000396,2.0
76.0,149.0,0.00241,2.0
75.0,148.0,0.000374,2.0
75.0,149.0,0.000309,2.0
75.0,150.0,0.000303,2.0
74.0,147.0,0.002189,2.0
76.0,149.0,0.002661,2.0
76.0,150.0,0.000266,2.0
74.0,147.0,0.002595,2.0
74.0,148.0,0.000402,2.0
76.0,150.0,0.000342,2.0
72.0,145.0,0.002072,2.0
78.0,152.0,0.001995,2.0
74.0,148.0,0.000317,2.0
76.0,150.0,0.002449,2.0
72.0,146.0,0.000447,2.0
78.0,153.0,0.000292,2.0
74.0,147.0,0.000232,2.0
76.0,149.0,0.002312,2.0
74.0,148.0,0.000331,2.0
76.0,151.0,0.000278,2.0
74.0,147.0,0.002178,2.0
76.0,121.0,0.000193,2.0
76.0,150.0,0.000223,2.0
76.0,121.0,0.000287,2.0
72.0,145.0,0.000256,2.0
76.0,162.0,0.000277,2.0
74.0,148.0,0.000221,2.0
72.0,146.0,0.00029,2.0
74.0,130.0,0.000152,2.0
75.0,148.0,0.000208,2.0
74.0,130.0,0.000464,2.0
75.0,149.0,0.000428,2.0
74.0,131.0,0.000174,2.0
83.0,139.0,0.00022,2.0
83.0,139.0,0.000301,2.0
83.0,200.0,0.000292,2.0
1622.0,4382.0,0.078802,13.0
5266.0,43252.0,90.979378,65.0
8357.0,105452.0,91.299774,154.0
4420.0,45677.0,90.979515,67.0
3287.0,32319.0,91.779121,53.0
3170.0,40858.0,40.521214,56.0
82.0,126.0,0.000216,2.0
82.0,126.0,0.000145,2.0
82.0,283.0,0.000309,2.0
1963.0,16145.0,0.039719,30.0
80.0,173.0,0.019404,2.0
80.0,267.0,0.025056,2.0
1333.0,878.0,0.10178,9.0
82.0,219.0,0.001599,2.0
81.0,157.0,0.000279,2.0
74.0,137.0,0.000257,2.0
82.0,403.0,0.001943,2.0
81.0,175.0,0.000528,2.0
74.0,137.0,0.000532,2.0
74.0,134.0,0.000337,2.0
868.0,1341.0,0.027444,10.0
1805.0,23434.0,0.013827,38.0
970.0,2918.0,0.016299,12.0
18432.0,957136.0,306.19632,888.0
1936.0,41302.0,0.031971,52.0
969.0,3091.0,0.021969,12.0
2962.0,49489.0,0.027217,70.0
84.0,178.0,0.000303,2.0
84.0,312.0,0.000309,2.0
6966.0,2582.0,246.153412,33.0
76.0,140.0,0.0002,2.0
76.0,140.0,0.000149,2.0
76.0,174.0,0.000293,2.0
2168.0,3413.0,6.105393,16.0
88.0,178.0,0.003469,2.0
88.0,195.0,0.002337,2.0
72.0,145.0,0.001931,2.0
72.0,146.0,0.000349,2.0
86.0,157.0,0.000308,2.0
80.0,214.0,0.168655,2.0
86.0,157.0,0.000359,2.0
80.0,218.0,0.000302,2.0
86.0,441.0,0.017512,2.0
80.0,539.0,0.000569,2.0
734.0,608.0,0.057517,7.0
1722.0,23049.0,11.823736,38.0
753.0,538.0,0.073122,7.0
1870.0,21498.0,0.018966,35.0
75.0,148.0,0.002254,2.0
75.0,149.0,0.000479,2.0
1054.0,665.0,0.010345,9.0
80.0,398.0,0.00165,2.0
2936.0,6965.0,305.497986,34.0
1309.0,868.0,0.004479,9.0
272.0,140.0,15.471241,6.0
1132.0,587.0,0.008622,9.0
73.0,146.0,0.000338,2.0
73.0,147.0,0.000434,2.0
206.0,130.0,15.456711,5.0
2856.0,24304.0,90.283333,40.0
1648.0,7012.0,0.049184,16.0
77.0,142.0,0.002403,2.0
83.0,153.0,0.002572,2.0
79.0,149.0,0.00278,2.0
77.0,142.0,0.000303,2.0
77.0,143.0,0.002782,2.0
83.0,170.0,0.000278,2.0
79.0,166.0,0.000469,2.0
86.0,156.0,0.002396,2.0
82.0,152.0,0.002178,2.0
86.0,156.0,0.002133,2.0
86.0,173.0,0.000431,2.0
82.0,169.0,0.000361,2.0
86.0,173.0,0.000328,2.0
73.0,146.0,0.002018,2.0
81.0,151.0,0.002284,2.0
76.0,149.0,0.002347,2.0
76.0,150.0,0.000467,2.0
81.0,168.0,0.000433,2.0
73.0,147.0,0.000527,2.0
164.0,322.0,5.005313,4.0
81.0,151.0,0.002641,2.0
73.0,146.0,0.002936,2.0
81.0,168.0,0.000342,2.0
73.0,147.0,0.000308,2.0
74.0,147.0,0.002162,2.0
74.0,148.0,0.000366,2.0
79.0,131.0,0.011084,2.0
75.0,131.0,0.000337,2.0
75.0,131.0,0.000209,2.0
75.0,148.0,0.00026,2.0
962.0,3012.0,0.007766,12.0
973.0,2387.0,0.0067,12.0
1066.0,1648.0,55.344677,12.0
79.0,131.0,0.000267,2.0
79.0,181.0,0.001593,2.0
1108.0,868.0,0.005599,9.0
1108.0,868.0,0.004697,9.0
75.0,131.0,0.001863,2.0
75.0,131.0,0.00027,2.0
75.0,148.0,0.002182,2.0
1990.0,7738.0,55.211063,23.0
1851.0,998.0,245.219803,21.0
1875.0,25625.0,0.011739,40.0
74.0,144.0,0.012945,2.0
2832.0,44358.0,0.014439,58.0
74.0,144.0,0.0002,2.0
74.0,234.0,0.005161,2.0
78.0,159.0,0.000195,2.0
78.0,277.0,0.000334,2.0
1699.0,1694.0,244.985138,21.0
87.0,229.0,0.060885,2.0
87.0,413.0,0.001696,2.0
1965.0,6664.0,304.749939,29.0
272.0,140.0,14.629526,6.0
1851.0,998.0,244.645081,21.0
82.0,162.0,0.002043,2.0
81.0,163.0,0.000318,2.0
81.0,199.0,0.000409,2.0
549.0,670.0,0.216587,10.0
74.0,326.0,0.00033,2.0
74.0,326.0,0.0003,2.0
272.0,140.0,0.017878,6.0
74.0,326.0,0.000439,2.0
74.0,326.0,0.000374,2.0
272.0,140.0,0.018076,6.0
74.0,326.0,0.000447,2.0
74.0,326.0,0.000375,2.0
272.0,206.0,0.018681,7.0
74.0,326.0,0.000376,2.0
74.0,326.0,0.000431,2.0
272.0,140.0,0.017833,6.0
81.0,163.0,0.000427,2.0
81.0,199.0,0.000324,2.0
549.0,670.0,0.276757,10.0
74.0,326.0,0.000403,2.0
74.0,326.0,0.000234,2.0
272.0,140.0,0.017805,6.0
74.0,326.0,0.000366,2.0
74.0,326.0,0.000339,2.0
272.0,140.0,0.018137,6.0
74.0,326.0,0.000359,2.0
74.0,326.0,0.000354,2.0
272.0,206.0,0.018471,7.0
81.0,163.0,0.035118,2.0
81.0,199.0,0.000388,2.0
549.0,670.0,0.228984,10.0
74.0,326.0,0.00046,2.0
74.0,326.0,0.000534,2.0
272.0,140.0,0.018122,6.0
74.0,326.0,0.000512,2.0
74.0,326.0,0.000295,2.0
272.0,140.0,0.017912,6.0
72.0,145.0,0.000433,2.0
72.0,146.0,0.0002,2.0
76.0,120.0,0.000203,2.0
76.0,120.0,0.000224,2.0
76.0,181.0,0.000164,2.0
81.0,158.0,0.019749,2.0
81.0,500.0,0.000419,2.0
27741.0,36494.0,285.003143,165.0
74.0,144.0,0.000279,2.0
74.0,326.0,0.000343,2.0
4620.0,3937.0,283.999054,43.0
75.0,132.0,0.00021,2.0
75.0,132.0,0.00021,2.0
75.0,234.0,0.000295,2.0
1896.0,4184.0,240.107117,34.0
80.0,130.0,0.000359,2.0
74.0,326.0,0.000473,2.0
74.0,326.0,0.000344,2.0
272.0,206.0,0.018468,7.0
81.0,163.0,0.000253,2.0
81.0,199.0,0.000382,2.0
549.0,670.0,0.243988,10.0
875.0,1169.0,0.238845,15.0
1142.0,1507.0,0.375153,16.0
895.0,1169.0,0.336886,15.0
1142.0,1507.0,0.26415,16.0
1162.0,1515.0,0.407003,16.0
1162.0,1515.0,0.264638,16.0
74.0,326.0,0.000465,2.0
74.0,326.0,0.000355,2.0
272.0,140.0,0.018323,6.0
74.0,326.0,0.000332,2.0
74.0,326.0,0.000293,2.0
272.0,140.0,0.017905,6.0
74.0,326.0,0.000376,2.0
74.0,326.0,0.00046,2.0
272.0,206.0,0.017949,7.0
76.0,147.0,0.009952,2.0
76.0,489.0,0.000479,2.0
7036.0,62117.0,245.98558,101.0
82.0,164.0,0.010201,2.0
82.0,266.0,0.020114,2.0
81.0,163.0,0.000275,2.0
81.0,199.0,0.000306,2.0
549.0,670.0,0.271443,10.0
74.0,326.0,0.000412,2.0
74.0,326.0,0.000365,2.0
272.0,140.0,0.018035,6.0
75.0,148.0,0.000229,2.0
75.0,149.0,0.000311,2.0
74.0,326.0,0.000305,2.0
74.0,326.0,0.000301,2.0
272.0,206.0,0.018231,7.0
74.0,326.0,0.000413,2.0
74.0,326.0,0.00028,2.0
272.0,140.0,0.018363,6.0
81.0,163.0,0.000296,2.0
81.0,199.0,0.000335,2.0
549.0,669.0,0.25161,10.0
74.0,326.0,0.000432,2.0
74.0,326.0,0.000386,2.0
272.0,140.0,0.017669,6.0
74.0,326.0,0.009951,2.0
74.0,326.0,0.000409,2.0
272.0,140.0,0.018255,6.0
74.0,326.0,0.000404,2.0
74.0,326.0,0.000401,2.0
272.0,140.0,0.018276,6.0
81.0,163.0,0.000243,2.0
81.0,199.0,0.000339,2.0
549.0,670.0,0.241095,10.0
74.0,326.0,0.000266,2.0
74.0,326.0,0.000424,2.0
272.0,140.0,0.018454,6.0
74.0,326.0,0.000388,2.0
74.0,326.0,0.000346,2.0
272.0,206.0,0.018756,7.0
74.0,326.0,0.000421,2.0
74.0,326.0,0.000343,2.0
272.0,206.0,0.018205,7.0
75.0,75.0,0.144966,2.0
75.0,75.0,0.144182,2.0
75.0,75.0,0.144701,2.0
75.0,75.0,0.1447,2.0
75.0,467.0,0.000431,2.0
11842.0,9337.0,300.007202,76.0
81.0,163.0,0.000315,2.0
81.0,199.0,0.000272,2.0
549.0,670.0,0.230169,10.0
74.0,326.0,0.000471,2.0
74.0,326.0,0.000266,2.0
272.0,140.0,0.018029,6.0
74.0,326.0,0.000383,2.0
74.0,326.0,0.000324,2.0
272.0,140.0,0.018079,6.0
74.0,326.0,0.000475,2.0
74.0,326.0,0.000435,2.0
272.0,206.0,0.019067,7.0
81.0,163.0,0.000354,2.0
81.0,199.0,0.000264,2.0
549.0,670.0,0.253639,10.0
74.0,326.0,0.000311,2.0
74.0,326.0,0.000241,2.0
272.0,206.0,0.017878,7.0
74.0,326.0,0.000431,2.0
74.0,326.0,0.00035,2.0
272.0,140.0,0.018641,6.0
74.0,326.0,0.000396,2.0
74.0,326.0,0.000272,2.0
272.0,206.0,0.018029,7.0
81.0,163.0,0.0003,2.0
81.0,199.0,0.000379,2.0
549.0,669.0,0.339082,10.0
74.0,326.0,0.000522,2.0
74.0,326.0,0.000291,2.0
272.0,206.0,0.01827,7.0
74.0,326.0,0.00042,2.0
74.0,326.0,0.000342,2.0
272.0,140.0,0.017941,6.0
74.0,326.0,0.000433,2.0
74.0,326.0,0.00034,2.0
272.0,140.0,0.018851,6.0
81.0,163.0,0.000292,2.0
81.0,199.0,0.000321,2.0
549.0,670.0,0.227277,10.0
74.0,326.0,0.000431,2.0
74.0,326.0,0.000263,2.0
272.0,140.0,0.018081,6.0
74.0,326.0,0.000299,2.0
74.0,326.0,0.000269,2.0
272.0,140.0,0.018601,6.0
72.0,116.0,0.000389,2.0
72.0,116.0,0.000256,2.0
72.0,290.0,0.000296,2.0
1476.0,874.0,300.33139,22.0
76.0,121.0,0.000261,2.0
76.0,121.0,0.000216,2.0
76.0,162.0,0.017189,2.0
13105.0,130113.0,310.334167,215.0
1504.0,5401.0,310.334137,31.0
86.0,130.0,0.000288,2.0
87.0,232.0,0.010382,2.0
86.0,130.0,0.000267,2.0
88.0,231.0,0.000251,2.0
83.0,222.0,0.000226,2.0
84.0,224.0,0.000232,2.0
86.0,272.0,0.000493,2.0
88.0,396.0,0.002655,2.0
1504.0,5401.0,310.142242,31.0
83.0,383.0,0.009069,2.0
1504.0,5401.0,310.142029,31.0
18218.0,131735.0,690.16626,241.0
30144.0,80377.0,600.159607,198.0
84.0,408.0,0.020558,2.0
1861.0,4573.0,100.03112,23.0
1927.0,4143.0,103.688255,25.0
3619.0,11250.0,220.039688,44.0
3393.0,10784.0,110.031357,42.0
3343.0,12135.0,100.0308,39.0
5597.0,11600.0,690.070984,68.0
87.0,541.0,0.002174,2.0
1127.0,2876.0,40.013863,19.0
1127.0,2876.0,40.013905,19.0
1127.0,2876.0,40.013966,19.0
1065.0,1991.0,40.009804,17.0
1065.0,1991.0,40.0093,17.0
1065.0,1991.0,40.009495,17.0
1065.0,1991.0,40.009785,17.0
1065.0,1991.0,40.009998,17.0
1065.0,1991.0,40.009743,17.0
1160.0,2906.0,40.001656,19.0
1160.0,2906.0,40.001938,19.0
1160.0,2906.0,40.002857,19.0
1160.0,2906.0,40.00296,19.0
1160.0,2906.0,40.002991,19.0
6503.0,17930.0,440.035095,60.0
1228.0,5627.0,76.717438,23.0
1228.0,5627.0,75.084381,23.0
1228.0,5627.0,76.236382,23.0
5374.0,11735.0,300.853729,78.0
1228.0,5627.0,77.346031,23.0
74.0,326.0,0.000471,2.0
74.0,326.0,0.000303,2.0
272.0,140.0,0.017797,6.0
88.0,233.0,0.000237,2.0
88.0,486.0,0.042944,2.0
3535.0,94768.0,301.206146,115.0
74.0,326.0,0.000403,2.0
74.0,326.0,0.000363,2.0
272.0,206.0,0.018584,7.0
81.0,163.0,0.000315,2.0
81.0,199.0,0.000345,2.0
549.0,670.0,0.308753,10.0
74.0,326.0,0.000343,2.0
74.0,326.0,0.0003,2.0
272.0,140.0,0.032587,6.0
761.0,1171.0,31.621447,15.0
761.0,1171.0,31.620508,15.0
1127.0,2876.0,31.611633,19.0
1127.0,2876.0,31.610979,19.0
74.0,326.0,0.000418,2.0
74.0,326.0,0.000327,2.0
272.0,206.0,0.017888,7.0
74.0,326.0,0.000341,2.0
74.0,326.0,0.000356,2.0
272.0,206.0,0.018567,7.0
81.0,163.0,0.000288,2.0
81.0,199.0,0.000323,2.0
549.0,670.0,0.237087,10.0
74.0,326.0,0.000372,2.0
74.0,326.0,0.000384,2.0
272.0,206.0,0.018422,7.0
74.0,326.0,0.00034,2.0
74.0,326.0,0.000312,2.0
272.0,140.0,0.018357,6.0
875.0,1169.0,0.524466,15.0
1142.0,1507.0,0.214002,16.0
656.0,581.0,0.029776,14.0
1411.0,3410.0,0.327135,22.0
74.0,326.0,0.000428,2.0
74.0,326.0,0.000438,2.0
272.0,206.0,0.018702,7.0
81.0,163.0,0.000252,2.0
81.0,199.0,0.000339,2.0
549.0,669.0,0.269648,10.0
2546.0,3178.0,902.078796,67.0
74.0,326.0,0.000454,2.0
74.0,326.0,0.000337,2.0
272.0,140.0,0.018658,6.0
74.0,326.0,0.000287,2.0
74.0,326.0,0.000327,2.0
272.0,206.0,0.017645,7.0
74.0,326.0,0.000395,2.0
74.0,326.0,0.000457,2.0
272.0,206.0,0.018287,7.0
81.0,163.0,0.000337,2.0
81.0,199.0,0.000197,2.0
549.0,670.0,0.255713,10.0
74.0,326.0,0.000428,2.0
74.0,326.0,0.000381,2.0
272.0,206.0,0.018114,7.0
74.0,326.0,0.000401,2.0
74.0,326.0,0.000291,2.0
272.0,140.0,0.018511,6.0
74.0,326.0,0.000319,2.0
74.0,326.0,0.00029,2.0
272.0,140.0,0.0188,6.0
81.0,163.0,0.000278,2.0
81.0,199.0,0.000269,2.0
549.0,670.0,0.249064,10.0
74.0,326.0,0.009684,2.0
74.0,326.0,0.000418,2.0
272.0,140.0,0.01826,6.0
74.0,326.0,0.000488,2.0
74.0,326.0,0.000352,2.0
272.0,140.0,0.018129,6.0
74.0,326.0,0.000413,2.0
74.0,326.0,0.000377,2.0
272.0,140.0,0.017991,6.0
81.0,163.0,0.108399,2.0
81.0,199.0,0.025439,2.0
549.0,669.0,0.189321,10.0
74.0,326.0,0.000438,2.0
74.0,326.0,0.000339,2.0
272.0,140.0,0.018615,6.0
74.0,326.0,0.000359,2.0
74.0,326.0,0.000377,2.0
272.0,140.0,0.017884,6.0
74.0,326.0,0.000398,2.0
74.0,326.0,0.000362,2.0
272.0,206.0,0.01818,7.0
81.0,163.0,0.000327,2.0
81.0,199.0,0.000281,2.0
549.0,670.0,0.276724,10.0
74.0,326.0,0.000341,2.0
74.0,326.0,0.000377,2.0
272.0,140.0,0.018515,6.0
74.0,326.0,0.000402,2.0
74.0,326.0,0.00034,2.0
272.0,140.0,0.018015,6.0
74.0,326.0,0.000391,2.0
74.0,326.0,0.000394,2.0
272.0,140.0,0.018415,6.0
81.0,163.0,0.000367,2.0
81.0,199.0,0.000233,2.0
549.0,670.0,0.221031,10.0
74.0,326.0,0.000355,2.0
74.0,326.0,0.000354,2.0
272.0,140.0,0.017984,6.0
87.0,232.0,0.000484,2.0
87.0,541.0,0.002132,2.0
2060.0,22383.0,55.328442,39.0
74.0,326.0,0.000379,2.0
74.0,326.0,0.000424,2.0
272.0,140.0,0.018385,6.0
75.0,75.0,0.145334,2.0
75.0,75.0,0.145744,2.0
75.0,75.0,0.144855,2.0
75.0,75.0,0.14519,2.0
75.0,467.0,0.000463,2.0
6322.0,11890.0,335.848907,61.0
74.0,326.0,0.000325,2.0
74.0,326.0,0.000262,2.0
272.0,206.0,0.018812,7.0
81.0,163.0,0.000445,2.0
81.0,199.0,0.000503,2.0
549.0,670.0,0.220839,10.0
74.0,326.0,0.000907,2.0
74.0,326.0,0.000685,2.0
272.0,140.0,0.01825,6.0
74.0,326.0,0.000351,2.0
74.0,326.0,0.000275,2.0
272.0,206.0,0.018931,7.0
74.0,326.0,0.000325,2.0
74.0,326.0,0.000313,2.0
272.0,206.0,0.019208,7.0
88.0,231.0,0.00038,2.0
88.0,396.0,0.000448,2.0
2029.0,5047.0,255.008957,32.0
3555.0,8404.0,335.015015,45.0
3483.0,7823.0,215.007385,36.0
2899.0,8081.0,135.002548,30.0
1999.0,2163.0,305.012268,29.0
81.0,163.0,0.000214,2.0
81.0,199.0,0.000398,2.0
549.0,669.0,0.223264,10.0
74.0,326.0,0.000363,2.0
74.0,326.0,0.00027,2.0
272.0,140.0,0.017997,6.0
74.0,144.0,0.000269,2.0
74.0,326.0,0.000322,2.0
18595.0,279280.0,287.249146,448.0
84.0,170.0,0.00028,2.0
84.0,272.0,0.000189,2.0
1920.0,4153.0,240.23114,32.0
74.0,326.0,0.000392,2.0
74.0,326.0,0.000281,2.0
272.0,206.0,0.020003,7.0
106.0,192.0,0.000217,2.0
106.0,192.0,0.000251,2.0
85.0,171.0,0.000232,2.0
106.0,294.0,0.000376,2.0
106.0,294.0,0.00053,2.0
85.0,171.0,0.000494,2.0
85.0,273.0,0.000485,2.0
83.0,157.0,0.000471,2.0
75.0,75.0,0.144923,2.0
83.0,499.0,0.000362,2.0
75.0,132.0,0.000316,2.0
81.0,158.0,0.00026,2.0
75.0,132.0,0.000213,2.0
85.0,273.0,0.0003,2.0
81.0,500.0,0.000347,2.0
75.0,234.0,0.000476,2.0
1547.0,3410.0,248.078354,31.0
1547.0,3410.0,248.077805,31.0
1547.0,3410.0,248.077957,31.0
1547.0,3410.0,248.078079,31.0
1547.0,3410.0,248.078247,31.0
1570.0,3222.0,248.0746,31.0
1570.0,3222.0,248.074326,31.0
1570.0,3222.0,248.073883,31.0
1570.0,3222.0,248.074982,31.0
1570.0,3222.0,248.074722,31.0
1570.0,3222.0,248.075851,31.0
1549.0,3206.0,248.07605,31.0
1549.0,3206.0,248.075912,31.0
1021.0,2580.0,8.059319,15.0
1549.0,3206.0,248.076447,31.0
1549.0,3206.0,248.07634,31.0
1549.0,3206.0,248.076126,31.0
1549.0,3206.0,248.077011,31.0
1549.0,3206.0,248.076263,31.0
1549.0,3206.0,248.07634,31.0
1539.0,3003.0,248.07933,31.0
1539.0,3003.0,248.080139,31.0
1539.0,3003.0,248.079041,31.0
1539.0,3003.0,248.079941,31.0
1011.0,2377.0,8.059114,15.0
1539.0,3003.0,248.079132,31.0
1545.0,3410.0,248.080612,31.0
1545.0,3410.0,248.080093,31.0
1545.0,3410.0,248.080246,31.0
1545.0,3410.0,248.080383,31.0
1017.0,2784.0,8.059146,15.0
1545.0,3410.0,248.080688,31.0
75.0,75.0,0.149592,2.0
75.0,75.0,0.145318,2.0
75.0,75.0,0.145422,2.0
75.0,467.0,0.000419,2.0
1539.0,3394.0,247.493439,31.0
1539.0,3394.0,247.492493,31.0
1539.0,3394.0,247.493591,31.0
2853.0,10944.0,240.179611,43.0
1539.0,3394.0,247.493042,31.0
1539.0,3394.0,247.493393,31.0
74.0,326.0,0.000522,2.0
74.0,326.0,0.00026,2.0
272.0,206.0,0.01874,7.0
74.0,326.0,0.000429,2.0
74.0,326.0,0.000349,2.0
272.0,206.0,0.018119,7.0
81.0,163.0,0.000249,2.0
81.0,199.0,0.000367,2.0
549.0,670.0,0.212374,10.0
74.0,144.0,0.000249,2.0
74.0,326.0,0.00027,2.0
136397.0,139727.0,1042.036499,591.0
74.0,326.0,0.000397,2.0
74.0,326.0,0.000323,2.0
272.0,206.0,0.017888,7.0
75.0,132.0,0.000217,2.0
75.0,132.0,0.000274,2.0
75.0,234.0,0.000346,2.0
74.0,326.0,0.000488,2.0
74.0,326.0,0.000385,2.0
272.0,140.0,0.018666,6.0
74.0,326.0,0.000411,2.0
74.0,326.0,0.000396,2.0
272.0,206.0,0.017947,7.0
81.0,163.0,0.000352,2.0
81.0,199.0,0.000285,2.0
549.0,670.0,0.251063,10.0
74.0,326.0,0.000441,2.0
74.0,326.0,0.000314,2.0
272.0,140.0,0.017944,6.0
875.0,1169.0,0.24562,15.0
1142.0,1507.0,0.274382,16.0
1132.0,3006.0,0.323874,20.0
1142.0,1507.0,0.378778,16.0
1162.0,1515.0,0.285829,16.0
1162.0,1515.0,0.26996,16.0
74.0,326.0,0.000381,2.0
74.0,326.0,0.00035,2.0
272.0,206.0,0.018446,7.0
68.0,125.0,0.003266,2.0
68.0,125.0,0.000266,2.0
68.0,151.0,0.002925,2.0
73.0,171.0,0.000319,2.0
73.0,353.0,0.000391,2.0
78.0,162.0,0.000338,2.0
78.0,504.0,0.000353,2.0
3893.0,2080.0,250.987076,29.0
74.0,326.0,0.00039,2.0
74.0,326.0,0.000383,2.0
272.0,140.0,0.018053,6.0
8621.0,13102.0,29.896711,50.0
7693.0,2427.0,29.896549,33.0
6963.0,2188.0,29.673023,31.0
10633.0,32274.0,29.672844,82.0
6209.0,1946.0,29.672394,28.0
75.0,159.0,0.000293,2.0
75.0,309.0,0.000351,2.0
76.0,121.0,0.000153,2.0
2969.0,19790.0,249.619476,49.0
272.0,140.0,19.601748,6.0
76.0,121.0,0.000174,2.0
76.0,162.0,0.000259,2.0
1666.0,1020.0,309.711182,22.0
272.0,210.0,19.689526,7.0
6350.0,1948.0,29.586725,28.0
72.0,129.0,0.0056,2.0
72.0,129.0,0.000275,2.0
72.0,155.0,0.005507,2.0
84.0,178.0,0.000408,2.0
84.0,312.0,0.000365,2.0
1557.0,998.0,249.545288,21.0
74.0,144.0,0.000476,2.0
74.0,326.0,0.0004,2.0
86.0,130.0,0.000152,2.0
87.0,232.0,0.000268,2.0
88.0,233.0,0.000324,2.0
83.0,222.0,0.000373,2.0
84.0,224.0,0.000345,2.0
1500.0,5397.0,301.708221,31.0
1500.0,5397.0,301.708466,31.0
1500.0,5397.0,301.70813,31.0
1500.0,5397.0,301.708405,31.0
86.0,130.0,0.000223,2.0
87.0,541.0,0.003334,2.0
88.0,486.0,0.020307,2.0
84.0,408.0,0.009561,2.0
83.0,383.0,0.034327,2.0
86.0,272.0,0.001745,2.0
1065.0,1991.0,31.586798,17.0
1065.0,1991.0,31.586561,17.0
1065.0,1991.0,31.586941,17.0
1065.0,1991.0,31.58729,17.0
1065.0,1991.0,31.587095,17.0
1065.0,1991.0,31.5863,17.0
1160.0,2906.0,31.582394,19.0
1160.0,2906.0,31.58219,19.0
1160.0,2906.0,31.583921,19.0
1160.0,2906.0,31.58408,19.0
1160.0,2906.0,31.584213,19.0
1066.0,1991.0,31.570862,17.0
1066.0,1991.0,31.570679,17.0
1127.0,2876.0,31.557077,19.0
1127.0,2876.0,31.557226,19.0
1127.0,2876.0,31.557367,19.0
72.0,151.0,0.000265,2.0
72.0,285.0,0.000311,2.0
1828.0,14950.0,249.117096,41.0
81.0,163.0,0.000262,2.0
81.0,199.0,0.000322,2.0
549.0,670.0,0.210271,10.0
272.0,210.0,15.679298,7.0
272.0,140.0,15.599197,6.0
272.0,140.0,15.599078,6.0
272.0,140.0,15.588836,6.0
74.0,326.0,0.000445,2.0
74.0,326.0,0.000271,2.0
272.0,206.0,0.018456,7.0
81.0,223.0,0.000296,2.0
81.0,223.0,0.000371,2.0
81.0,223.0,0.000339,2.0
81.0,532.0,0.000418,2.0
80.0,218.0,0.000337,2.0
81.0,532.0,0.000574,2.0
81.0,532.0,0.000718,2.0
81.0,217.0,0.000736,2.0
80.0,495.0,0.000524,2.0
1696.0,17951.0,47.930351,29.0
1052.0,9242.0,57.93132,20.0
81.0,398.0,0.000406,2.0
1064.0,7508.0,57.930958,20.0
4818.0,21369.0,47.92099,43.0
1944.0,6201.0,307.930054,28.0
76.0,147.0,0.000383,2.0
76.0,489.0,0.000345,2.0
7036.0,62051.0,247.934738,100.0
77.0,122.0,0.000263,2.0
66.0,131.0,0.01981,2.0
68.0,159.0,0.193142,2.0
77.0,122.0,0.000536,2.0
77.0,163.0,0.000231,2.0
72.0,145.0,0.002526,2.0
66.0,131.0,0.000382,2.0
66.0,232.0,0.024949,2.0
72.0,146.0,0.000333,2.0
83.0,174.0,0.138244,2.0
272.0,140.0,17.683565,6.0
3598.0,18472.0,47.676113,34.0
3667.0,17795.0,47.675964,35.0
3603.0,17249.0,47.675766,33.0
3057.0,18688.0,47.67598,32.0
1385.0,6375.0,47.675812,18.0
1323.0,2869.0,307.678833,23.0
1323.0,3106.0,307.67804,23.0
82.0,218.0,0.210019,2.0
83.0,162.0,0.015078,2.0
76.0,121.0,0.000293,2.0
76.0,121.0,0.000338,2.0
76.0,162.0,0.00026,2.0
78.0,145.0,0.15465,2.0
68.0,260.0,0.019553,2.0
73.0,147.0,0.4002,2.0
82.0,402.0,0.001638,2.0
75.0,159.0,0.00033,2.0
75.0,309.0,0.000279,2.0
68.0,128.0,0.019498,2.0
68.0,128.0,0.000194,2.0
68.0,278.0,0.020083,2.0
78.0,145.0,0.000295,2.0
78.0,164.0,0.122749,2.0
73.0,167.0,0.122385,2.0
82.0,164.0,0.039892,2.0
82.0,266.0,0.019983,2.0
74.0,326.0,0.000556,2.0
74.0,326.0,0.000358,2.0
272.0,206.0,0.018607,7.0
74.0,326.0,0.000433,2.0
74.0,326.0,0.000412,2.0
272.0,140.0,0.017895,6.0
81.0,163.0,0.000222,2.0
81.0,199.0,0.000411,2.0
549.0,670.0,0.220306,10.0
74.0,326.0,0.000405,2.0
74.0,326.0,0.000378,2.0
272.0,206.0,0.018739,7.0
74.0,326.0,0.000497,2.0
74.0,326.0,0.000305,2.0
272.0,140.0,0.017785,6.0
74.0,326.0,0.020301,2.0
74.0,326.0,0.000411,2.0
272.0,140.0,0.017994,6.0
81.0,163.0,0.000269,2.0
81.0,199.0,0.000358,2.0
549.0,670.0,0.215776,10.0
74.0,326.0,0.00042,2.0
74.0,326.0,0.000378,2.0
272.0,140.0,0.018027,6.0
74.0,326.0,0.000398,2.0
74.0,326.0,0.000331,2.0
272.0,140.0,0.01815,6.0
74.0,326.0,0.000297,2.0
74.0,326.0,0.000327,2.0
272.0,206.0,0.018543,7.0
82.0,203.0,0.000258,2.0
82.0,137.0,0.000301,2.0
86.0,176.0,0.00038,2.0
96.0,152.0,0.000245,2.0
81.0,163.0,0.000198,2.0
81.0,199.0,0.00027,2.0
549.0,670.0,0.221847,10.0
74.0,326.0,0.001319,2.0
74.0,326.0,0.000148,2.0
272.0,140.0,0.018026,6.0
80.0,130.0,0.00023,2.0
80.0,130.0,0.00024,2.0
74.0,326.0,0.000374,2.0
74.0,326.0,0.000398,2.0
272.0,140.0,0.017995,6.0
74.0,326.0,0.000465,2.0
74.0,326.0,0.000314,2.0
272.0,140.0,0.018015,6.0
81.0,163.0,0.000289,2.0
81.0,199.0,0.000201,2.0
549.0,669.0,0.297465,10.0
74.0,326.0,0.000281,2.0
74.0,326.0,0.000484,2.0
272.0,140.0,0.018227,6.0
74.0,326.0,0.000365,2.0
74.0,326.0,0.000352,2.0
272.0,140.0,0.018245,6.0
74.0,326.0,0.000427,2.0
74.0,326.0,0.000402,2.0
272.0,206.0,0.018461,7.0
81.0,163.0,0.000389,2.0
81.0,199.0,0.000243,2.0
549.0,670.0,0.215074,10.0
74.0,326.0,0.000328,2.0
74.0,326.0,0.000223,2.0
272.0,140.0,0.017807,6.0
91.0,165.0,0.020212,2.0
91.0,507.0,0.00046,2.0
2949.0,1654.0,247.189819,24.0
89.0,174.0,0.000288,2.0
89.0,308.0,0.000436,2.0
8224.0,4886.0,247.108658,38.0
74.0,326.0,0.000318,2.0
74.0,326.0,0.000433,2.0
272.0,140.0,0.018359,6.0
74.0,326.0,0.000416,2.0
74.0,326.0,0.000306,2.0
272.0,140.0,0.01791,6.0
81.0,163.0,0.000202,2.0
81.0,199.0,0.000307,2.0
549.0,670.0,0.235597,10.0
74.0,326.0,0.000472,2.0
74.0,326.0,0.00036,2.0
272.0,206.0,0.018478,7.0
74.0,326.0,0.000364,2.0
74.0,326.0,0.000569,2.0
272.0,140.0,0.018773,6.0
74.0,326.0,0.000465,2.0
74.0,326.0,0.000293,2.0
272.0,140.0,0.018282,6.0
81.0,163.0,0.00024,2.0
81.0,199.0,0.000254,2.0
549.0,670.0,0.221448,10.0
74.0,326.0,0.000349,2.0
74.0,326.0,0.000272,2.0
272.0,206.0,0.018123,7.0
81787.0,145148.0,796.699158,785.0
74.0,326.0,0.000431,2.0
74.0,326.0,0.000351,2.0
272.0,140.0,0.019113,6.0
74.0,326.0,0.000425,2.0
74.0,326.0,0.000482,2.0
272.0,140.0,0.018108,6.0
81.0,163.0,0.000361,2.0
81.0,199.0,0.000377,2.0
549.0,669.0,0.222777,10.0
74.0,326.0,0.000452,2.0
74.0,326.0,0.000336,2.0
272.0,206.0,0.018365,7.0
2250.0,2250.0,772.927856,50.0
1254.0,1365.0,768.491211,38.0
75.0,75.0,0.150046,2.0
75.0,75.0,0.144117,2.0
75.0,75.0,0.144908,2.0
75.0,75.0,0.14448,2.0
75.0,467.0,0.000388,2.0
11636.0,9301.0,300.024475,73.0
74.0,326.0,0.000329,2.0
74.0,326.0,0.000302,2.0
272.0,140.0,0.017664,6.0
4220.0,10862.0,750.014282,65.0
1260.0,1260.0,750.121521,42.0
2120.0,4461.0,750.121094,67.0
5805.0,14418.0,752.91803,93.0
74.0,326.0,0.000338,2.0
74.0,326.0,0.000331,2.0
272.0,206.0,0.01826,7.0
2772.0,5982.0,753.566772,73.0
1319.0,1501.0,728.68396,42.0
1080.0,1080.0,720.024109,24.0
81.0,163.0,0.000282,2.0
81.0,199.0,0.000269,2.0
549.0,669.0,0.233245,10.0
74.0,326.0,0.00042,2.0
74.0,326.0,0.000346,2.0
272.0,140.0,0.017941,6.0
875.0,1169.0,0.359823,15.0
1142.0,1507.0,0.283305,16.0
1164.0,3006.0,0.269722,20.0
1142.0,1507.0,0.409187,16.0
1431.0,3418.0,0.444967,22.0
1162.0,1515.0,0.365837,16.0
74.0,326.0,0.000345,2.0
74.0,326.0,0.000412,2.0
272.0,140.0,0.01816,6.0
74.0,326.0,0.000507,2.0
74.0,326.0,0.000339,2.0
272.0,140.0,0.018659,6.0
720.0,720.0,698.557922,16.0
74.0,326.0,0.000295,2.0
74.0,326.0,0.000255,2.0
272.0,140.0,0.017986,6.0
1020.0,1020.0,690.118774,34.0
81.0,163.0,0.00027,2.0
81.0,199.0,0.00045,2.0
549.0,670.0,0.212094,10.0
74.0,326.0,0.000455,2.0
74.0,326.0,0.00036,2.0
272.0,140.0,0.018775,6.0
74.0,326.0,0.000417,2.0
74.0,326.0,0.000365,2.0
272.0,140.0,0.018533,6.0
74.0,326.0,0.00037,2.0
74.0,326.0,0.000338,2.0
272.0,140.0,0.01816,6.0
81.0,163.0,0.000237,2.0
81.0,199.0,0.000309,2.0
549.0,670.0,0.232069,10.0
74.0,326.0,0.000393,2.0
74.0,326.0,0.000331,2.0
272.0,140.0,0.018508,6.0
74.0,326.0,0.000278,2.0
74.0,326.0,0.000264,2.0
272.0,140.0,0.018166,6.0
74.0,326.0,0.000395,2.0
74.0,326.0,0.00029,2.0
272.0,140.0,0.018282,6.0
81.0,163.0,0.000259,2.0
81.0,199.0,0.00019,2.0
549.0,670.0,0.204892,10.0
75.0,75.0,0.145186,2.0
75.0,75.0,0.144481,2.0
75.0,75.0,0.149576,2.0
75.0,75.0,0.145451,2.0
75.0,467.0,0.000421,2.0
2803.0,4269.0,240.181839,37.0
70.0,70.0,0.00205,2.0
70.0,70.0,0.001664,2.0
70.0,127.0,0.001883,2.0
78.0,162.0,0.0003,2.0
78.0,504.0,0.000452,2.0
1355.0,664.0,0.098808,10.0
4783.0,67736.0,10.002548,93.0
67.0,124.0,0.000151,2.0
71.0,128.0,0.000147,2.0
71.0,128.0,0.000205,2.0
71.0,128.0,0.000206,2.0
272.0,140.0,20.003443,6.0
272.0,140.0,20.003342,6.0
272.0,140.0,20.003429,6.0
272.0,206.0,20.128309,7.0
272.0,140.0,20.0033,6.0
67.0,124.0,0.000141,2.0
76.0,76.0,0.002831,2.0
71.0,128.0,0.000521,2.0
71.0,128.0,0.000513,2.0
71.0,128.0,0.000514,2.0
71.0,128.0,0.0006,2.0
80.0,132.0,0.000617,2.0
75.0,132.0,0.000573,2.0
67.0,124.0,0.000489,2.0
71.0,128.0,0.000198,2.0
80.0,132.0,0.000296,2.0
71.0,128.0,0.002749,2.0
71.0,128.0,0.000469,2.0
75.0,132.0,0.000529,2.0
1045.0,3578.0,20.001408,15.0
5081.0,111062.0,20.001469,129.0
3321.0,48374.0,20.001579,64.0
7167.0,165678.0,5.985384,199.0
1045.0,3037.0,20.000908,15.0
71.0,128.0,0.000349,2.0
272.0,140.0,20.001394,6.0
272.0,140.0,20.001776,6.0
272.0,140.0,20.001425,6.0
80.0,182.0,0.000395,2.0
2335.0,9521.0,5.948227,24.0
1948.0,2185.0,5.947909,14.0
4317.0,11677.0,5.947736,31.0
2816.0,2928.0,5.94784,17.0
1947.0,1922.0,5.948118,14.0
2815.0,2955.0,5.947665,17.0
75.0,132.0,0.000305,2.0
71.0,128.0,0.000367,2.0
1059.0,1004.0,0.324924,9.0
134.0,122.0,6.672589,4.0
1307.0,868.0,6.051585,9.0
756.0,550.0,0.078207,10.0
951.0,624.0,5.865048,12.0
428.0,288.0,20.000975,10.0
76.0,76.0,0.002059,2.0
272.0,140.0,20.000526,6.0
272.0,140.0,20.000107,6.0
272.0,206.0,20.000654,7.0
1536.0,760.0,5.643712,10.0
1631.0,760.0,9.145747,10.0
1378.0,760.0,3.400734,10.0
76.0,133.0,0.000331,2.0
2067.0,14056.0,5.898082,34.0
2996.0,50360.0,5.898277,71.0
2199.0,18227.0,5.898075,38.0
1431.0,14122.0,5.898023,29.0
1035.0,3748.0,5.898281,17.0
969.0,3042.0,5.898229,15.0
75.0,93.0,0.004349,2.0
72.0,122.0,0.002484,2.0
76.0,94.0,0.004175,2.0
72.0,122.0,0.000257,2.0
72.0,122.0,0.001935,2.0
76.0,151.0,0.000381,2.0
75.0,150.0,0.000505,2.0
70.0,120.0,0.007236,2.0
71.0,128.0,0.002105,2.0
74.0,74.0,0.002156,2.0
71.0,128.0,0.000421,2.0
74.0,74.0,0.001761,2.0
71.0,128.0,0.002273,2.0
74.0,131.0,0.000305,2.0
73.0,130.0,0.00217,2.0
72.0,129.0,0.000457,2.0
72.0,129.0,0.0003,2.0
70.0,120.0,0.000281,2.0
72.0,129.0,0.000383,2.0
70.0,148.0,0.000292,2.0
73.0,130.0,0.000339,2.0
73.0,130.0,0.001949,2.0
72.0,129.0,0.002146,2.0
73.0,123.0,0.000359,2.0
73.0,123.0,0.000229,2.0
73.0,123.0,0.000215,2.0
72.0,129.0,0.000301,2.0
72.0,129.0,0.001797,2.0
74.0,326.0,0.000431,2.0
74.0,326.0,0.000378,2.0
272.0,140.0,0.019409,6.0
5323.0,41098.0,14.21091,73.0
72.0,129.0,0.000203,2.0
72.0,129.0,0.000185,2.0
72.0,129.0,0.000235,2.0
1335.0,5130.0,14.102947,17.0
272.0,140.0,14.103059,6.0
272.0,140.0,14.103045,6.0
272.0,140.0,14.102953,6.0
3484.0,64482.0,4.09769,85.0
75.0,125.0,0.002403,2.0
72.0,129.0,0.002642,2.0
78.0,128.0,0.006021,2.0
75.0,125.0,0.000256,2.0
72.0,129.0,0.000208,2.0
75.0,125.0,0.001954,2.0
72.0,147.0,0.005871,2.0
74.0,131.0,0.002177,2.0
78.0,128.0,0.000541,2.0
78.0,128.0,0.002859,2.0
74.0,131.0,0.000293,2.0
74.0,131.0,0.002338,2.0
78.0,128.0,0.002131,2.0
71.0,143.0,0.026175,2.0
78.0,135.0,0.002198,2.0
78.0,128.0,0.00038,2.0
78.0,128.0,0.002017,2.0
78.0,135.0,0.000381,2.0
78.0,135.0,0.002259,2.0
70.0,139.0,0.021111,2.0
76.0,121.0,0.018505,2.0
1146.0,3836.0,4.054529,17.0
2401.0,33706.0,4.054273,55.0
272.0,140.0,14.054833,6.0
5678.0,22108.0,14.053951,47.0
71.0,143.0,0.000407,2.0
76.0,121.0,0.000369,2.0
70.0,139.0,0.000256,2.0
76.0,162.0,0.01717,2.0
71.0,269.0,0.025692,2.0
70.0,165.0,0.000406,2.0
74.0,144.0,0.000356,2.0
74.0,326.0,0.000344,2.0
72.0,137.0,0.002385,2.0
72.0,137.0,0.000279,2.0
72.0,138.0,0.000325,2.0
72.0,146.0,0.072861,2.0
77.0,77.0,0.004397,2.0
77.0,77.0,0.002319,2.0
77.0,158.0,0.000426,2.0
75.0,175.0,0.117656,2.0
77.0,134.0,0.0025,2.0
78.0,130.0,0.000238,2.0
78.0,130.0,0.000312,2.0
77.0,134.0,0.000517,2.0
78.0,180.0,0.000576,2.0
77.0,134.0,0.000533,2.0
79.0,131.0,0.000505,2.0
1116.0,1004.0,0.009819,9.0
79.0,131.0,0.000314,2.0
79.0,181.0,0.000319,2.0
1080.0,1004.0,0.006874,9.0
72.0,170.0,0.000396,2.0
272.0,140.0,13.951497,6.0
272.0,140.0,13.95146,6.0
272.0,140.0,13.951292,6.0
89.0,158.0,0.000352,2.0
121.0,178.0,0.002101,2.0
121.0,225.0,0.002747,2.0
121.0,204.0,0.003216,2.0
121.0,204.0,0.003624,2.0
89.0,146.0,0.00095,2.0
121.0,178.0,0.000607,2.0
121.0,201.0,0.002627,2.0
121.0,192.0,0.002512,2.0
121.0,192.0,0.003536,2.0
121.0,192.0,0.0005,2.0
272.0,140.0,13.937014,6.0
272.0,140.0,13.937013,6.0
272.0,140.0,13.936802,6.0
93.0,167.0,0.000318,2.0
93.0,509.0,0.000334,2.0
2073.0,1042.0,243.971039,23.0
3169.0,2222.0,13.921896,16.0
3188.0,2222.0,13.921296,16.0
2237.0,1572.0,13.920001,14.0
2234.0,1572.0,13.920796,14.0
2251.0,1572.0,13.92015,14.0
1107.0,868.0,0.012459,9.0
1654.0,844.0,13.915656,14.0
1720.0,844.0,13.915816,15.0
75.0,358.0,0.038267,2.0
74.0,326.0,0.000474,2.0
74.0,326.0,0.000377,2.0
272.0,206.0,0.019202,7.0
68.0,124.0,0.001951,2.0
68.0,124.0,0.000224,2.0
68.0,125.0,0.002074,2.0
73.0,171.0,0.020606,2.0
73.0,353.0,0.000358,2.0
2447.0,1222.0,0.459028,14.0
65.0,134.0,0.060608,2.0
65.0,134.0,0.000253,2.0
65.0,190.0,0.03868,2.0
74.0,326.0,0.000641,2.0
74.0,326.0,0.000369,2.0
272.0,140.0,0.018438,6.0
3885.0,2151.0,248.159409,29.0
1526.0,16235.0,0.45676,34.0
950.0,1767.0,8.114557,11.0
69.0,138.0,0.043101,2.0
69.0,138.0,0.000344,2.0
69.0,194.0,0.036272,2.0
4886.0,98686.0,7.914179,127.0
3064.0,18053.0,7.913677,45.0
2979.0,25910.0,7.915107,48.0
82.0,150.0,0.035587,2.0
2203.0,20335.0,6.994491,37.0
2487.0,29693.0,7.002967,52.0
1430.0,4703.0,7.009625,19.0
82.0,150.0,0.000308,2.0
82.0,493.0,0.030492,2.0
75.0,144.0,0.052123,2.0
72.0,141.0,0.061161,2.0
757.0,1193.0,0.12947,10.0
75.0,144.0,0.000297,2.0
75.0,200.0,0.0349,2.0
72.0,141.0,0.000235,2.0
72.0,197.0,0.036848,2.0
895.0,1105.0,0.102644,10.0
80.0,148.0,0.000199,2.0
80.0,148.0,0.000287,2.0
80.0,491.0,0.00038,2.0
957.0,1166.0,0.101742,10.0
1018.0,1243.0,0.102657,10.0
1081.0,1300.0,0.094598,10.0
1144.0,1367.0,0.111098,10.0
81.0,163.0,0.000322,2.0
81.0,199.0,0.000337,2.0
549.0,670.0,0.326176,10.0
1207.0,1434.0,0.127029,10.0
1269.0,1267.0,0.113976,10.0
84.0,178.0,0.000261,2.0
84.0,312.0,0.000306,2.0
2125.0,1197.0,246.299423,24.0
71.0,130.0,0.019993,2.0
71.0,130.0,0.000406,2.0
71.0,278.0,0.020204,2.0
65.0,121.0,0.000175,2.0
65.0,121.0,0.000194,2.0
65.0,243.0,0.000464,2.0
272.0,210.0,13.907818,7.0
272.0,210.0,13.914035,7.0
69.0,125.0,0.000222,2.0
69.0,125.0,0.000275,2.0
69.0,247.0,0.000282,2.0
10148.0,154184.0,303.892242,222.0
9548.0,149745.0,303.893372,216.0
9382.0,149780.0,303.690735,215.0
70.0,139.0,0.000294,2.0
70.0,142.0,0.040465,2.0
70.0,122.0,0.081961,2.0
70.0,162.0,0.000465,2.0
17493.0,200063.0,313.686768,275.0
13078.0,198100.0,313.68811,274.0
70.0,125.0,0.000239,2.0
70.0,125.0,0.000197,2.0
70.0,148.0,0.000275,2.0
3515.0,51398.0,313.675873,80.0
2504.0,21453.0,313.685059,50.0
1565.0,11234.0,303.68457,35.0
1625.0,13590.0,303.675476,37.0
2684.0,26967.0,313.692383,56.0
2744.0,27580.0,313.690704,58.0
2461.0,1700.0,303.675568,27.0
70.0,190.0,0.000326,2.0
70.0,122.0,0.000286,2.0
70.0,248.0,0.034438,2.0
1684.0,1049.0,303.633545,22.0
272.0,210.0,13.613819,7.0
74.0,118.0,0.070786,2.0
74.0,118.0,0.00021,2.0
74.0,235.0,0.056599,2.0
853.0,673.0,0.204526,11.0
66.0,118.0,0.037074,2.0
73.0,125.0,0.037287,2.0
66.0,121.0,0.000493,2.0
66.0,121.0,0.0003,2.0
66.0,144.0,0.000283,2.0
68.0,124.0,0.00018,2.0
68.0,124.0,0.00022,2.0
68.0,246.0,0.000326,2.0
72.0,124.0,0.036952,2.0
87.0,232.0,0.000368,2.0
88.0,231.0,0.009903,2.0
88.0,233.0,0.14763,2.0
87.0,541.0,0.00065,2.0
83.0,222.0,0.000383,2.0
84.0,224.0,0.000278,2.0
2711.0,9681.0,310.144135,37.0
1504.0,5401.0,310.142578,31.0
1504.0,5401.0,310.142212,31.0
1504.0,5401.0,310.142761,31.0
1504.0,5401.0,310.142303,31.0
84.0,408.0,0.019778,2.0
1504.0,5401.0,310.142761,31.0
83.0,383.0,0.002172,2.0
1065.0,1991.0,40.022648,17.0
1065.0,1991.0,40.022694,17.0
1065.0,1991.0,40.022747,17.0
1065.0,1991.0,40.022182,17.0
1061.0,2876.0,30.017931,18.0
1061.0,2876.0,30.018244,18.0
88.0,396.0,0.000411,2.0
2982.0,7600.0,270.035828,36.0
2866.0,7354.0,120.026543,31.0
2816.0,7546.0,120.026756,30.0
2982.0,8307.0,150.02681,35.0
2998.0,8238.0,150.026535,35.0
2800.0,7738.0,120.02507,30.0
1128.0,2906.0,40.00481,19.0
1128.0,2906.0,40.005013,19.0
1128.0,2906.0,40.004902,19.0
1128.0,2906.0,40.005123,19.0
1128.0,2906.0,40.00526,19.0
1128.0,2906.0,40.005379,19.0
66.0,118.0,0.000224,2.0
73.0,125.0,0.000164,2.0
66.0,244.0,0.037228,2.0
73.0,251.0,0.034242,2.0
72.0,124.0,0.000203,2.0
72.0,250.0,0.035375,2.0
86.0,130.0,0.000305,2.0
86.0,130.0,0.000181,2.0
86.0,272.0,0.000336,2.0
73.0,129.0,0.000253,2.0
73.0,149.0,0.401696,2.0
73.0,129.0,0.000669,2.0
73.0,251.0,0.000464,2.0
75.0,136.0,0.073302,2.0
73.0,136.0,0.053794,2.0
73.0,139.0,0.026605,2.0
75.0,136.0,0.00023,2.0
75.0,141.0,0.03755,2.0
88.0,486.0,0.021873,2.0
76.0,122.0,0.027351,2.0
1066.0,1991.0,39.855724,17.0
1066.0,1991.0,39.85593,17.0
76.0,122.0,0.000319,2.0
76.0,164.0,0.000249,2.0
76.0,139.0,0.100942,2.0
81.0,150.0,0.000305,2.0
81.0,150.0,0.000162,2.0
81.0,206.0,0.000204,2.0
82.0,149.0,0.000233,2.0
82.0,149.0,0.000275,2.0
82.0,148.0,0.000202,2.0
73.0,146.0,0.000167,2.0
73.0,170.0,0.00032,2.0
71.0,155.0,0.044852,2.0
71.0,151.0,0.052977,2.0
76.0,139.0,0.000247,2.0
76.0,169.0,0.028317,2.0
72.0,174.0,0.000305,2.0
72.0,468.0,0.000472,2.0
75.0,122.0,0.000196,2.0
75.0,122.0,0.000193,2.0
75.0,152.0,0.000279,2.0
81.0,138.0,0.000214,2.0
81.0,138.0,0.000274,2.0
81.0,193.0,0.000316,2.0
9815.0,118373.0,22.891834,149.0
7273.0,89851.0,22.891504,118.0
14821.0,192832.0,22.891829,228.0
16311.0,246368.0,22.891808,264.0
10529.0,132866.0,22.891829,171.0
13261.0,182484.0,22.891829,210.0
73.0,151.0,0.045173,2.0
74.0,326.0,0.000458,2.0
74.0,326.0,0.000338,2.0
272.0,206.0,0.01815,7.0
70.0,125.0,0.000285,2.0
70.0,125.0,0.000161,2.0
70.0,148.0,0.037952,2.0
5937.0,17021.0,307.957275,67.0
7144.0,22015.0,307.957306,76.0
5604.0,13446.0,307.948822,55.0
4397.0,8603.0,307.947754,46.0
72.0,128.0,0.000256,2.0
72.0,128.0,0.000293,2.0
72.0,250.0,0.000342,2.0
2876.0,7979.0,130.945435,29.0
81.0,132.0,0.000261,2.0
81.0,132.0,0.000228,2.0
81.0,278.0,0.000317,2.0
1264.0,1183.0,303.311554,22.0
1052.0,5893.0,13.274812,16.0
74.0,174.0,0.000293,2.0
74.0,125.0,0.000239,2.0
78.0,129.0,0.00024,2.0
1264.0,1183.0,303.287079,22.0
1264.0,1183.0,303.286346,22.0
74.0,356.0,0.000281,2.0
78.0,129.0,0.000289,2.0
1264.0,1183.0,303.287292,22.0
2943.0,7805.0,134.57135,31.0
78.0,275.0,0.00034,2.0
74.0,125.0,0.00034,2.0
3334.0,8840.0,133.911316,29.0
2877.0,7745.0,131.582138,30.0
1250.0,9575.0,13.257788,22.0
74.0,271.0,0.000324,2.0
1118.0,7067.0,13.257342,18.0
1052.0,5238.0,13.257285,16.0
3735.0,4417.0,303.27597,38.0
3001.0,3336.0,303.283691,30.0
985.0,673.0,0.167079,11.0
1516.0,2117.0,132.410736,17.0
1516.0,2614.0,129.415009,17.0
999.0,673.0,0.13166,10.0
74.0,326.0,0.000393,2.0
74.0,326.0,0.000391,2.0
272.0,140.0,0.018084,6.0
74.0,326.0,0.000387,2.0
74.0,326.0,0.000436,2.0
272.0,140.0,0.018359,6.0
81.0,163.0,0.00024,2.0
81.0,199.0,0.000363,2.0
549.0,670.0,0.21764,10.0
360.0,360.0,477.461578,8.0
74.0,326.0,0.000441,2.0
74.0,326.0,0.00033,2.0
272.0,140.0,0.017674,6.0
74.0,326.0,0.000345,2.0
74.0,326.0,0.000408,2.0
272.0,140.0,0.018268,6.0
74.0,326.0,0.00034,2.0
74.0,326.0,0.000299,2.0
272.0,140.0,0.018519,6.0
81.0,163.0,0.000326,2.0
81.0,199.0,0.000345,2.0
549.0,670.0,0.265737,10.0
74.0,326.0,0.000298,2.0
74.0,326.0,0.000276,2.0
272.0,206.0,0.019199,7.0
74.0,326.0,0.000453,2.0
74.0,326.0,0.000315,2.0
272.0,206.0,0.018401,7.0
74.0,326.0,0.000293,2.0
74.0,326.0,0.00033,2.0
272.0,140.0,0.018346,6.0
81.0,163.0,0.000361,2.0
81.0,199.0,0.000236,2.0
549.0,670.0,0.223562,10.0
74.0,326.0,0.000412,2.0
74.0,326.0,0.000391,2.0
272.0,206.0,0.018123,7.0
74.0,326.0,0.000309,2.0
74.0,326.0,0.000328,2.0
272.0,140.0,0.018032,6.0
74.0,326.0,0.000356,2.0
74.0,326.0,0.000462,2.0
272.0,206.0,0.019413,7.0
81.0,163.0,0.000391,2.0
81.0,199.0,0.000238,2.0
549.0,670.0,0.225315,10.0
74.0,326.0,0.000505,2.0
74.0,326.0,0.00035,2.0
272.0,140.0,0.018225,6.0
74.0,326.0,0.000398,2.0
74.0,326.0,0.000342,2.0
272.0,206.0,0.018161,7.0
1398.0,1968.0,306.611633,39.0
74.0,326.0,0.000316,2.0
74.0,326.0,0.000342,2.0
272.0,140.0,0.018094,6.0
81.0,163.0,0.000273,2.0
81.0,199.0,0.000386,2.0
549.0,670.0,0.216974,10.0
74.0,326.0,0.00041,2.0
74.0,326.0,0.000283,2.0
272.0,206.0,0.017855,7.0
7863.0,12866.0,450.144348,94.0
74.0,326.0,0.000379,2.0
74.0,326.0,0.000332,2.0
272.0,140.0,0.018134,6.0
1527.0,1985.0,450.259918,46.0
720.0,720.0,450.260315,24.0
1080.0,2411.0,450.260071,36.0
74.0,326.0,0.000473,2.0
74.0,326.0,0.000305,2.0
272.0,206.0,0.018299,7.0
875.0,1169.0,0.264767,15.0
1142.0,1507.0,0.277507,16.0
895.0,1169.0,0.443546,15.0
1142.0,1507.0,0.308763,16.0
1431.0,3418.0,0.311741,22.0
1162.0,1515.0,0.284783,16.0
81.0,163.0,0.000359,2.0
81.0,199.0,0.000409,2.0
549.0,670.0,0.229829,10.0
74.0,326.0,0.00041,2.0
74.0,326.0,0.000294,2.0
272.0,140.0,0.018713,6.0
31945.0,17540.0,424.687836,198.0
74.0,326.0,0.000368,2.0
74.0,326.0,0.000381,2.0
272.0,140.0,0.017624,6.0
74.0,326.0,0.000322,2.0
74.0,326.0,0.000373,2.0
272.0,140.0,0.018354,6.0
76.0,147.0,0.009578,2.0
76.0,489.0,0.000472,2.0
7036.0,62051.0,249.465286,100.0
82.0,164.0,0.009853,2.0
82.0,266.0,0.00036,2.0
75.0,75.0,0.144966,2.0
75.0,75.0,0.146087,2.0
75.0,75.0,0.145301,2.0
75.0,75.0,0.146928,2.0
75.0,467.0,0.000426,2.0
6247.0,9334.0,251.65889,54.0
81.0,163.0,0.000298,2.0
81.0,199.0,0.000176,2.0
549.0,669.0,0.26894,10.0
74.0,326.0,0.00031,2.0
74.0,326.0,0.000365,2.0
272.0,206.0,0.017779,7.0
74.0,326.0,0.000348,2.0
74.0,326.0,0.000262,2.0
272.0,140.0,0.018194,6.0
75.0,132.0,0.00022,2.0
75.0,132.0,0.000237,2.0
75.0,234.0,0.0003,2.0
74.0,326.0,0.00039,2.0
74.0,326.0,0.00033,2.0
272.0,140.0,0.01833,6.0
81.0,163.0,0.000236,2.0
81.0,199.0,0.000318,2.0
549.0,670.0,0.205464,10.0
74.0,326.0,0.000379,2.0
74.0,326.0,0.00038,2.0
272.0,140.0,0.017962,6.0
180.0,180.0,314.048126,4.0
74.0,326.0,0.010272,2.0
74.0,326.0,0.000415,2.0
272.0,140.0,0.018095,6.0
74.0,326.0,0.000483,2.0
74.0,326.0,0.000305,2.0
272.0,140.0,0.018665,6.0
17287.0,4670.0,359.703308,70.0
74.0,326.0,0.000492,2.0
74.0,326.0,0.000656,2.0
272.0,206.0,0.018322,7.0
81.0,163.0,0.000296,2.0
81.0,199.0,0.000413,2.0
549.0,670.0,0.214467,10.0
74.0,326.0,0.000442,2.0
74.0,326.0,0.000327,2.0
272.0,140.0,0.017925,6.0
74.0,326.0,0.000422,2.0
74.0,326.0,0.000325,2.0
272.0,140.0,0.018838,6.0
85.0,166.0,0.000244,2.0
85.0,166.0,0.000163,2.0
85.0,305.0,0.000312,2.0
858.0,320.0,0.36506,10.0
74.0,326.0,0.00039,2.0
74.0,326.0,0.00038,2.0
272.0,206.0,0.018718,7.0
81.0,163.0,0.000269,2.0
81.0,199.0,0.000401,2.0
549.0,670.0,0.224094,10.0
91.0,165.0,0.000331,2.0
91.0,507.0,0.000379,2.0
2164.0,1654.0,243.331131,23.0
89.0,174.0,0.000257,2.0
89.0,308.0,0.000354,2.0
5100.0,5235.0,243.249939,29.0
74.0,326.0,0.000343,2.0
74.0,326.0,0.000348,2.0
272.0,140.0,0.017977,6.0
91.0,165.0,0.000257,2.0
91.0,507.0,0.000362,2.0
2356.0,1812.0,240.149796,22.0
89.0,174.0,0.000185,2.0
89.0,308.0,0.000381,2.0
7289.0,5350.0,250.033157,31.0
74.0,326.0,0.000309,2.0
74.0,326.0,0.000281,2.0
272.0,140.0,0.018442,6.0
74.0,326.0,0.000382,2.0
74.0,326.0,0.000287,2.0
272.0,140.0,0.017962,6.0
81.0,163.0,0.000233,2.0
81.0,199.0,0.000333,2.0
549.0,670.0,0.221895,10.0
74.0,326.0,0.000378,2.0
74.0,326.0,0.000271,2.0
272.0,206.0,0.018394,7.0
74.0,326.0,0.0007,2.0
74.0,326.0,0.000298,2.0
272.0,206.0,0.018101,7.0
74.0,326.0,0.00031,2.0
74.0,326.0,0.000272,2.0
272.0,140.0,0.017747,6.0
81.0,163.0,0.000272,2.0
81.0,199.0,0.000282,2.0
549.0,670.0,0.214054,10.0
74.0,326.0,0.000444,2.0
74.0,326.0,0.000346,2.0
272.0,140.0,0.018576,6.0
74.0,326.0,0.000446,2.0
74.0,326.0,0.000356,2.0
272.0,206.0,0.018367,7.0
74.0,326.0,0.00035,2.0
74.0,326.0,0.000299,2.0
272.0,140.0,0.018293,6.0
81.0,163.0,0.000292,2.0
81.0,199.0,0.000338,2.0
549.0,670.0,0.220376,10.0
72.0,116.0,0.000274,2.0
72.0,116.0,0.000325,2.0
72.0,290.0,0.000379,2.0
1279.0,675.0,226.168274,16.0
76.0,121.0,0.000162,2.0
76.0,121.0,0.00018,2.0
76.0,162.0,0.00022,2.0
1306.0,5203.0,226.094299,25.0
13448.0,125026.0,207.054016,200.0
86.0,130.0,0.000162,2.0
87.0,232.0,0.000317,2.0
88.0,231.0,0.000297,2.0
86.0,130.0,0.000316,2.0
87.0,541.0,0.004378,2.0
88.0,233.0,0.000482,2.0
83.0,222.0,0.000441,2.0
88.0,428.0,0.005406,2.0
84.0,224.0,0.000863,2.0
1306.0,5203.0,226.226517,25.0
1306.0,5203.0,226.226608,25.0
2970.0,6672.0,226.866287,30.0
86.0,272.0,0.000912,2.0
1306.0,5203.0,226.226349,25.0
88.0,486.0,0.032016,2.0
83.0,383.0,0.009973,2.0
84.0,408.0,0.023245,2.0
1065.0,1991.0,39.95097,17.0
1065.0,1991.0,39.950722,17.0
1065.0,1991.0,39.950989,17.0
1098.0,1991.0,39.950417,17.0
1098.0,1991.0,39.950592,17.0
1098.0,1991.0,39.950329,17.0
1098.0,1991.0,39.950687,17.0
2562.0,4893.0,189.969437,30.0
2564.0,7482.0,149.96698,32.0
1127.0,2876.0,39.945133,19.0
1127.0,2876.0,39.945236,19.0
1128.0,2906.0,39.930969,19.0
1128.0,2906.0,39.931011,19.0
1128.0,2906.0,39.931095,19.0
1128.0,2906.0,39.931091,19.0
1128.0,2906.0,39.93116,19.0
1128.0,2906.0,39.931236,19.0
1228.0,5627.0,81.835083,23.0
1228.0,5621.0,80.987808,23.0
2375.0,6987.0,62.710117,30.0
1228.0,5627.0,82.93718,23.0
1228.0,5627.0,79.989746,23.0
1228.0,5621.0,79.798859,23.0
74.0,326.0,0.00046,2.0
74.0,326.0,0.000384,2.0
272.0,140.0,0.018019,6.0
74.0,326.0,0.000452,2.0
74.0,326.0,0.000208,2.0
272.0,140.0,0.018425,6.0
74.0,326.0,0.00032,2.0
74.0,326.0,0.000348,2.0
272.0,140.0,0.018225,6.0
81.0,163.0,0.000276,2.0
81.0,199.0,0.000348,2.0
549.0,670.0,0.259342,10.0
74.0,326.0,0.000403,2.0
74.0,326.0,0.000351,2.0
272.0,206.0,0.017842,7.0
74.0,326.0,0.000325,2.0
74.0,326.0,0.000342,2.0
272.0,140.0,0.018016,6.0
74.0,326.0,0.000418,2.0
74.0,326.0,0.000384,2.0
272.0,140.0,0.018454,6.0
81.0,163.0,0.000209,2.0
81.0,199.0,0.000296,2.0
549.0,670.0,0.24669,10.0
74.0,326.0,0.000451,2.0
74.0,326.0,0.00057,2.0
272.0,140.0,0.01795,6.0
74.0,326.0,0.000368,2.0
74.0,326.0,0.000463,2.0
272.0,140.0,0.0183,6.0
875.0,1169.0,0.288771,15.0
1142.0,1507.0,0.259086,16.0
895.0,1169.0,0.21332,15.0
1142.0,1507.0,0.269685,16.0
1162.0,1515.0,15.193926,16.0
74.0,326.0,0.000427,2.0
74.0,326.0,0.000476,2.0
272.0,140.0,0.018504,6.0
81.0,163.0,0.000254,2.0
81.0,199.0,0.000309,2.0
549.0,669.0,0.241734,10.0
1214.0,1604.0,117.574951,24.0
1162.0,1515.0,0.217617,16.0
74.0,326.0,0.000361,2.0
74.0,326.0,0.000328,2.0
272.0,140.0,0.01783,6.0
71.0,131.0,0.002963,2.0
80.0,159.0,0.005953,2.0
87.0,170.0,0.000245,2.0
82.0,161.0,0.005381,2.0
87.0,320.0,0.000565,2.0
72.0,129.0,0.003473,2.0
79.0,158.0,0.004763,2.0
71.0,128.0,0.000638,2.0
76.0,121.0,0.000331,2.0
272.0,140.0,19.50499,6.0
1259.0,826.0,91.049866,11.0
84.0,178.0,0.000429,2.0
71.0,248.0,0.00063,2.0
84.0,312.0,0.00039,2.0
2310.0,12481.0,9.494601,25.0
428.0,288.0,19.496103,10.0
84.0,193.0,0.000564,2.0
428.0,288.0,19.49604,10.0
272.0,140.0,19.514532,6.0
1969.0,867.0,91.217896,14.0
272.0,140.0,19.514442,6.0
272.0,140.0,19.513723,6.0
272.0,140.0,19.513706,6.0
272.0,140.0,19.513977,6.0
72.0,129.0,0.000207,2.0
72.0,157.0,0.002922,2.0
84.0,295.0,0.010468,2.0
80.0,189.0,0.002435,2.0
82.0,191.0,0.002624,2.0
79.0,188.0,0.002642,2.0
76.0,121.0,0.000428,2.0
71.0,128.0,0.000415,2.0
76.0,162.0,0.00035,2.0
850.0,593.0,9.489107,11.0
71.0,156.0,0.000193,2.0
428.0,288.0,19.489313,10.0
428.0,288.0,19.489397,10.0
428.0,288.0,19.489353,10.0
428.0,288.0,19.489611,10.0
428.0,288.0,19.489223,10.0
428.0,288.0,19.489326,10.0
428.0,354.0,19.489399,11.0
428.0,288.0,19.489931,10.0
428.0,288.0,19.489866,10.0
428.0,288.0,19.489902,10.0
428.0,288.0,19.489878,10.0
428.0,288.0,19.489834,10.0
428.0,288.0,19.489744,10.0
21516.0,39548.0,123.773163,108.0
272.0,210.0,19.588076,7.0
272.0,210.0,19.588066,7.0
272.0,206.0,19.492676,7.0
1117.0,1195.0,90.875778,11.0
272.0,140.0,19.491846,6.0
272.0,140.0,19.491859,6.0
272.0,210.0,18.869986,7.0
272.0,210.0,18.869661,7.0
81.0,217.0,0.000329,2.0
81.0,223.0,0.000266,2.0
81.0,223.0,0.000151,2.0
81.0,223.0,0.000296,2.0
81.0,223.0,0.00041,2.0
81.0,223.0,0.000318,2.0
81.0,532.0,0.000557,2.0
80.0,218.0,0.000554,2.0
81.0,532.0,0.000833,2.0
79.0,215.0,0.000793,2.0
81.0,532.0,0.001053,2.0
81.0,532.0,0.001292,2.0
81.0,398.0,0.001171,2.0
81.0,500.0,0.001338,2.0
80.0,495.0,0.001199,2.0
272.0,140.0,18.778912,6.0
79.0,396.0,0.001087,2.0
272.0,140.0,18.779108,6.0
272.0,140.0,18.779024,6.0
79.0,216.0,0.002515,2.0
272.0,140.0,18.778868,6.0
272.0,140.0,18.778854,6.0
272.0,140.0,18.7789,6.0
272.0,140.0,18.77899,6.0
272.0,140.0,18.778694,6.0
272.0,140.0,18.778774,6.0
272.0,140.0,18.778549,6.0
272.0,140.0,18.778402,6.0
272.0,140.0,18.778091,6.0
272.0,140.0,18.778008,6.0
272.0,140.0,18.77799,6.0
272.0,140.0,18.762196,6.0
272.0,140.0,18.762278,6.0
350.0,214.0,18.76243,8.0
272.0,140.0,18.76218,6.0
272.0,140.0,18.762144,6.0
272.0,140.0,18.762325,6.0
272.0,140.0,18.777891,6.0
272.0,140.0,18.777994,6.0
272.0,140.0,18.77771,6.0
272.0,140.0,18.768644,6.0
272.0,140.0,18.76862,6.0
272.0,140.0,18.768339,6.0
272.0,140.0,18.768272,6.0
272.0,140.0,18.768393,6.0
272.0,140.0,18.768383,6.0
272.0,140.0,18.761885,6.0
272.0,140.0,18.761877,6.0
272.0,140.0,18.761787,6.0
272.0,140.0,18.761818,6.0
272.0,140.0,18.761738,6.0
272.0,140.0,18.761984,6.0
79.0,365.0,0.001868,2.0
272.0,206.0,18.758617,7.0
272.0,140.0,18.758535,6.0
272.0,206.0,18.758493,7.0
71.0,122.0,0.007816,2.0
71.0,143.0,0.02094,2.0
80.0,159.0,0.027732,2.0
71.0,122.0,0.000297,2.0
71.0,172.0,0.002217,2.0
71.0,170.0,0.002052,2.0
71.0,204.0,0.019221,2.0
71.0,143.0,0.000256,2.0
71.0,269.0,0.00041,2.0
77.0,128.0,0.003731,2.0
77.0,128.0,0.000287,2.0
77.0,178.0,0.002341,2.0
80.0,189.0,0.000427,2.0
71.0,122.0,0.024438,2.0
78.0,129.0,0.027386,2.0
78.0,143.0,0.002018,2.0
78.0,193.0,0.000665,2.0
71.0,122.0,0.000201,2.0
71.0,172.0,0.002258,2.0
78.0,129.0,0.000271,2.0
78.0,179.0,0.002208,2.0
74.0,326.0,0.000457,2.0
74.0,326.0,0.000489,2.0
272.0,140.0,0.018285,6.0
74.0,326.0,0.000332,2.0
74.0,326.0,0.000369,2.0
272.0,140.0,0.018264,6.0
75.0,75.0,0.145211,2.0
75.0,75.0,0.147042,2.0
75.0,75.0,0.144504,2.0
75.0,75.0,0.159487,2.0
75.0,467.0,0.000407,2.0
2668.0,4142.0,90.260033,24.0
81.0,163.0,0.000287,2.0
81.0,199.0,0.000283,2.0
549.0,670.0,0.210396,10.0
74.0,326.0,0.00035,2.0
74.0,326.0,0.000317,2.0
272.0,206.0,0.018067,7.0
75.0,75.0,0.146545,2.0
75.0,75.0,0.145098,2.0
75.0,75.0,0.145311,2.0
75.0,75.0,0.14481,2.0
75.0,467.0,0.000414,2.0
13491.0,6655.0,100.371941,62.0
74.0,326.0,0.000396,2.0
74.0,326.0,0.000376,2.0
272.0,140.0,0.018167,6.0
74.0,326.0,0.000371,2.0
74.0,326.0,0.000428,2.0
272.0,140.0,0.018368,6.0
81.0,163.0,0.000158,2.0
81.0,199.0,0.000314,2.0
549.0,670.0,0.212972,10.0
74.0,326.0,0.010079,2.0
74.0,326.0,0.000282,2.0
272.0,140.0,0.018296,6.0
74.0,326.0,0.000307,2.0
74.0,326.0,0.000283,2.0
272.0,140.0,0.018329,6.0
74.0,326.0,0.000406,2.0
74.0,326.0,0.000359,2.0
272.0,206.0,0.018024,7.0
81.0,163.0,0.000399,2.0
81.0,199.0,0.000356,2.0
549.0,670.0,0.270485,10.0
74.0,326.0,0.000333,2.0
74.0,326.0,0.000291,2.0
272.0,140.0,0.018046,6.0
71.0,131.0,0.000225,2.0
71.0,248.0,0.000276,2.0
73.0,143.0,0.000262,2.0
73.0,143.0,0.000272,2.0
73.0,249.0,0.000332,2.0
75.0,167.0,0.042446,2.0
75.0,208.0,0.017177,2.0
82.0,161.0,0.004089,2.0
82.0,191.0,0.002515,2.0
83.0,176.0,0.000327,2.0
83.0,196.0,0.000268,2.0
74.0,326.0,0.000355,2.0
74.0,326.0,0.000353,2.0
272.0,140.0,0.017937,6.0
76.0,121.0,0.000275,2.0
76.0,121.0,0.000143,2.0
76.0,162.0,0.023983,2.0
83.0,225.0,0.037407,2.0
83.0,470.0,0.036615,2.0
3951.0,195484.0,9.123542,180.0
82.0,82.0,0.099011,2.0
82.0,82.0,0.03624,2.0
82.0,82.0,0.038889,2.0
82.0,82.0,0.039797,2.0
82.0,210.0,0.017253,2.0
80.0,218.0,0.000305,2.0
80.0,479.0,0.002256,2.0
6044.0,46058.0,24.332037,63.0
82.0,82.0,0.017007,2.0
82.0,82.0,0.017538,2.0
82.0,180.0,0.016966,2.0
272.0,140.0,16.90201,6.0
272.0,140.0,16.901627,6.0
81.0,217.0,0.000359,2.0
81.0,223.0,0.000268,2.0
81.0,223.0,0.000316,2.0
81.0,223.0,0.000245,2.0
81.0,223.0,0.000195,2.0
5547.0,54386.0,23.090923,67.0
81.0,532.0,0.003718,2.0
81.0,532.0,0.003836,2.0
81.0,398.0,0.00411,2.0
81.0,532.0,0.005882,2.0
4909.0,40329.0,22.992594,54.0
81.0,532.0,0.006152,2.0
9440.0,94668.0,23.128614,117.0
5561.0,40413.0,22.992853,58.0
4793.0,32746.0,22.990776,46.0
79.0,215.0,0.001485,2.0
272.0,210.0,16.989721,7.0
272.0,210.0,16.989643,7.0
79.0,216.0,0.001254,2.0
272.0,210.0,16.989826,7.0
272.0,210.0,16.989767,7.0
79.0,396.0,0.004238,2.0
79.0,365.0,0.004675,2.0
272.0,140.0,16.903025,6.0
272.0,140.0,16.902737,6.0
272.0,140.0,16.902819,6.0
272.0,140.0,16.902582,6.0
3295.0,34324.0,21.226957,41.0
272.0,140.0,16.886816,6.0
272.0,140.0,16.886877,6.0
272.0,140.0,16.900881,6.0
272.0,140.0,16.900551,6.0
272.0,140.0,16.900291,6.0
272.0,140.0,16.900013,6.0
272.0,140.0,16.884708,6.0
272.0,140.0,16.884657,6.0
272.0,140.0,16.884619,6.0
272.0,140.0,16.884579,6.0
272.0,140.0,16.884542,6.0
272.0,140.0,16.884565,6.0
272.0,140.0,16.884565,6.0
272.0,140.0,16.884523,6.0
74.0,326.0,0.000337,2.0
74.0,326.0,0.000368,2.0
272.0,140.0,0.018445,6.0
75.0,75.0,0.145336,2.0
83.0,225.0,0.000281,2.0
83.0,225.0,0.0187,2.0
83.0,225.0,0.036961,2.0
83.0,486.0,0.019854,2.0
83.0,486.0,0.02058,2.0
83.0,470.0,0.033433,2.0
75.0,75.0,0.145233,2.0
75.0,75.0,0.145589,2.0
75.0,75.0,0.145731,2.0
75.0,467.0,0.000328,2.0
2275.0,4054.0,0.187428,20.0
76.0,209.0,0.173479,2.0
74.0,326.0,0.00031,2.0
74.0,326.0,0.000373,2.0
272.0,140.0,0.01795,6.0
76.0,373.0,0.021288,2.0
81.0,163.0,0.000331,2.0
81.0,199.0,0.000315,2.0
549.0,670.0,0.230067,10.0
81.0,213.0,0.000301,2.0
81.0,394.0,0.001924,2.0
1747.0,41905.0,0.074325,44.0
3025.0,72046.0,9.488897,69.0
4739.0,13218.0,4.988835,32.0
140.0,78.0,0.099307,3.0
1706.0,12009.0,0.144973,19.0
2388.0,21992.0,0.144268,28.0
1637.0,12307.0,0.144122,19.0
71.0,143.0,0.267817,2.0
78.0,142.0,0.000235,2.0
78.0,183.0,0.021488,2.0
1084.0,478.0,0.346025,6.0
71.0,143.0,0.000393,2.0
71.0,269.0,0.020448,2.0
74.0,326.0,0.000326,2.0
74.0,326.0,0.000294,2.0
272.0,206.0,0.018283,7.0
